State,Year,Equal_Cell_Rainfall,Area_Weighted_Rainfall,Absolute_Difference,Relative_Difference_pct,Valid_Days
ANDAMAN & NICOBAR,2018,0.0,0.0,0.0,,0
ANDHRA PRADESH,2018,693.7,691.8,1.89,0.273,365
ARUNACHAL PRADESH,2018,2272.0,2270.5,1.54,0.068,365
ASSAM,2018,1821.9,1821.4,0.55,0.03,365
BIHAR,2018,880.6,880.0,0.66,0.075,365
CHANDIGARH,2018,1078.2,1078.2,0.0,0.0,365
CHHATTISGARH,2018,1201.1,1203.3,2.18,0.181,365
DADRA & NAGAR HAVELI & DAMAN & DIU,2018,2146.3,2146.3,0.0,0.0,365
DELHI,2018,515.1,515.1,0.04,0.009,365
GOA,2018,3695.2,3695.0,0.24,0.007,365
GUJARAT,2018,489.5,491.9,2.36,0.479,365
HARYANA,2018,527.8,526.8,0.98,0.185,365
HIMACHAL PRADESH,2018,1155.8,1155.6,0.14,0.012,365
JAMMU AND KASHMIR,2018,1082.2,1083.3,1.17,0.108,365
JHARKHAND,2018,959.5,960.4,0.97,0.101,365
KARNATAKA,2018,1024.9,1028.2,3.33,0.324,365
KERALA,2018,3298.5,3297.3,1.27,0.039,365
LADAKH,2018,331.3,330.5,0.84,0.255,365
MADHYA PRADESH,2018,866.4,866.2,0.2,0.024,365
MAHARASHTRA,2018,971.0,973.0,1.99,0.205,365
MANIPUR,2018,1383.8,1383.3,0.53,0.038,365
MEGHALAYA,2018,2921.0,2923.0,1.97,0.068,365
MIZORAM,2018,2596.2,2597.7,1.47,0.057,365
NAGALAND,2018,1801.8,1801.7,0.1,0.006,365
ODISHA,2018,1625.1,1625.2,0.05,0.003,365
PUDUCHERRY,2018,1025.9,1026.0,0.07,0.007,365
PUNJAB,2018,666.3,664.7,1.54,0.232,365
RAJASTHAN,2018,401.3,402.9,1.62,0.401,365
SIKKIM,2018,3283.4,3283.1,0.23,0.007,365
TAMIL NADU,2018,782.7,782.8,0.09,0.012,365
TELANGANA,2018,922.7,921.4,1.37,0.149,365
TRIPURA,2018,2243.3,2243.4,0.11,0.005,365
UTTAR PRADESH,2018,833.1,832.1,0.94,0.113,365
UTTARAKHAND,2018,1589.9,1589.6,0.28,0.018,365
WEST BENGAL,2018,1497.7,1490.8,6.83,0.458,365
ANDAMAN & NICOBAR,2019,0.0,0.0,0.0,,0
ANDHRA PRADESH,2019,940.5,939.4,1.06,0.113,365
ARUNACHAL PRADESH,2019,2540.5,2539.6,0.85,0.033,365
ASSAM,2019,2111.1,2110.1,0.96,0.046,365
BIHAR,2019,1227.3,1226.2,1.04,0.085,365
CHANDIGARH,2019,934.7,934.7,0.0,0.0,365
CHHATTISGARH,2019,1401.0,1402.8,1.74,0.124,365
DADRA & NAGAR HAVELI & DAMAN & DIU,2019,3697.8,3697.8,0.0,0.0,365
DELHI,2019,455.4,455.4,0.03,0.007,365
GOA,2019,4837.1,4837.1,0.08,0.002,365
GUJARAT,2019,1079.2,1081.5,2.3,0.213,365
HARYANA,2019,402.2,401.4,0.82,0.203,365
HIMACHAL PRADESH,2019,1210.5,1210.3,0.17,0.014,365
JAMMU AND KASHMIR,2019,1476.3,1477.9,1.62,0.11,365
JHARKHAND,2019,1165.9,1166.4,0.5,0.043,365
KARNATAKA,2019,1291.4,1294.0,2.59,0.201,365
KERALA,2019,2845.2,2843.3,1.93,0.068,365
LADAKH,2019,557.4,556.1,1.32,0.237,365
MADHYA PRADESH,2019,1410.1,1411.6,1.53,0.108,365
MAHARASHTRA,2019,1488.9,1492.4,3.53,0.236,365
MANIPUR,2019,1024.3,1023.8,0.42,0.041,365
MEGHALAYA,2019,4067.9,4070.4,2.51,0.062,365
MIZORAM,2019,1832.0,1832.4,0.35,0.019,365
NAGALAND,2019,1482.8,1482.0,0.74,0.05,365
ODISHA,2019,1600.7,1600.9,0.18,0.011,365
PUDUCHERRY,2019,1197.5,1197.8,0.31,0.026,365
PUNJAB,2019,706.2,704.7,1.45,0.206,365
RAJASTHAN,2019,647.6,651.2,3.59,0.551,365
SIKKIM,2019,3277.6,3277.5,0.07,0.002,365
TAMIL NADU,2019,934.7,934.4,0.24,0.025,365
TELANGANA,2019,1101.4,1100.2,1.19,0.108,365
TRIPURA,2019,2271.6,2271.1,0.49,0.022,365
UTTAR PRADESH,2019,872.1,873.1,0.98,0.113,365
UTTARAKHAND,2019,1531.5,1531.3,0.18,0.012,365
WEST BENGAL,2019,1721.5,1715.7,5.72,0.333,365
ANDAMAN & NICOBAR,2020,0.0,0.0,0.0,,0
ANDHRA PRADESH,2020,1279.5,1279.4,0.15,0.012,366
ARUNACHAL PRADESH,2020,2852.5,2850.9,1.68,0.059,366
ASSAM,2020,2272.5,2271.2,1.36,0.06,366
BIHAR,2020,1573.7,1571.7,1.98,0.126,366
CHANDIGARH,2020,925.0,925.0,0.0,0.0,366
CHHATTISGARH,2020,1517.7,1518.4,0.72,0.048,366
DADRA & NAGAR HAVELI & DAMAN & DIU,2020,2419.5,2419.5,0.0,0.0,366
DELHI,2020,554.0,554.0,0.02,0.004,366
GOA,2020,4577.2,4577.3,0.09,0.002,366
GUJARAT,2020,1115.3,1117.4,2.12,0.19,366
HARYANA,2020,573.7,572.7,0.99,0.172,366
HIMACHAL PRADESH,2020,985.2,985.3,0.05,0.005,366
JAMMU AND KASHMIR,2020,1130.5,1132.2,1.76,0.155,366
JHARKHAND,2020,1266.1,1266.4,0.3,0.024,366
KARNATAKA,2020,1329.9,1331.3,1.37,0.103,366
KERALA,2020,2712.7,2711.2,1.49,0.055,366
LADAKH,2020,375.3,373.9,1.42,0.38,366
MADHYA PRADESH,2020,1098.4,1100.3,1.85,0.169,366
MAHARASHTRA,2020,1317.6,1321.0,3.43,0.26,366
MANIPUR,2020,1346.3,1345.9,0.37,0.027,366
MEGHALAYA,2020,5482.4,5486.0,3.57,0.065,366
MIZORAM,2020,1707.6,1708.2,0.55,0.032,366
NAGALAND,2020,1569.8,1569.5,0.28,0.018,366
ODISHA,2020,1611.1,1610.4,0.73,0.045,366
PUDUCHERRY,2020,1435.8,1435.8,0.02,0.002,366
PUNJAB,2020,624.6,624.0,0.66,0.106,366
RAJASTHAN,2020,495.7,497.3,1.68,0.338,366
SIKKIM,2020,3544.2,3543.9,0.35,0.01,366
TAMIL NADU,2020,1015.6,1015.1,0.49,0.048,366
TELANGANA,2020,1408.8,1408.6,0.18,0.013,366
TRIPURA,2020,2123.0,2122.9,0.07,0.003,366
UTTAR PRADESH,2020,850.8,850.7,0.09,0.011,366
UTTARAKHAND,2020,1507.3,1507.4,0.1,0.007,366
WEST BENGAL,2020,2054.4,2043.6,10.83,0.53,366
ANDAMAN & NICOBAR,2021,0.0,0.0,0.0,,0
ANDHRA PRADESH,2021,1206.3,1206.4,0.04,0.003,365
ARUNACHAL PRADESH,2021,2045.4,2044.6,0.8,0.039,365
ASSAM,2021,1601.4,1601.6,0.16,0.01,365
BIHAR,2021,1559.2,1557.4,1.78,0.115,365
CHANDIGARH,2021,847.6,847.6,0.0,0.0,365
CHHATTISGARH,2021,1271.7,1271.9,0.17,0.013,365
DADRA & NAGAR HAVELI & DAMAN & DIU,2021,2945.5,2945.5,0.0,0.0,365
DELHI,2021,901.1,900.9,0.19,0.021,365
GOA,2021,4240.4,4240.4,0.07,0.002,365
GUJARAT,2021,803.1,805.5,2.32,0.288,365
HARYANA,2021,723.1,723.0,0.08,0.011,365
HIMACHAL PRADESH,2021,1057.2,1057.3,0.08,0.008,365
JAMMU AND KASHMIR,2021,1071.4,1072.6,1.25,0.116,365
JHARKHAND,2021,1470.0,1470.8,0.77,0.052,365
KARNATAKA,2021,1371.1,1373.8,2.65,0.193,365
KERALA,2021,3291.5,3291.6,0.05,0.001,365
LADAKH,2021,281.0,280.6,0.4,0.142,365
MADHYA PRADESH,2021,1099.5,1099.5,0.01,0.001,365
MAHARASHTRA,2021,1385.3,1388.4,3.06,0.22,365
MANIPUR,2021,939.0,939.3,0.26,0.028,365
MEGHALAYA,2021,3824.1,3826.3,2.22,0.058,365
MIZORAM,2021,1821.5,1822.0,0.5,0.028,365
NAGALAND,2021,1061.5,1060.9,0.68,0.064,365
ODISHA,2021,1474.1,1473.5,0.58,0.04,365
PUDUCHERRY,2021,2084.2,2083.7,0.44,0.021,365
PUNJAB,2021,629.1,627.9,1.2,0.191,365
RAJASTHAN,2021,588.2,590.2,1.91,0.324,365
SIKKIM,2021,3233.5,3233.7,0.19,0.006,365
TAMIL NADU,2021,1426.3,1425.7,0.59,0.041,365
TELANGANA,2021,1214.7,1213.6,1.18,0.097,365
TRIPURA,2021,1829.3,1829.5,0.24,0.013,365
UTTAR PRADESH,2021,1035.2,1034.9,0.34,0.033,365
UTTARAKHAND,2021,1825.4,1825.6,0.19,0.011,365
WEST BENGAL,2021,2076.9,2074.6,2.34,0.113,365
ANDAMAN & NICOBAR,2022,0.0,0.0,0.0,,0
ANDHRA PRADESH,2022,1079.4,1078.7,0.66,0.061,365
ARUNACHAL PRADESH,2022,2900.8,2900.2,0.63,0.022,365
ASSAM,2022,2384.8,2383.9,0.85,0.035,365
BIHAR,2022,962.4,961.4,0.94,0.098,365
CHANDIGARH,2022,1258.1,1258.1,0.0,0.0,365
CHHATTISGARH,2022,1383.2,1385.6,2.39,0.172,365
DADRA & NAGAR HAVELI & DAMAN & DIU,2022,3564.7,3564.7,0.0,0.0,365
DELHI,2022,640.3,640.3,0.01,0.001,365
GOA,2022,3886.5,3886.2,0.26,0.007,365
GUJARAT,2022,941.5,943.2,1.76,0.186,365
HARYANA,2022,704.3,703.7,0.62,0.089,365
HIMACHAL PRADESH,2022,1103.3,1103.4,0.11,0.01,365
JAMMU AND KASHMIR,2022,1116.5,1119.1,2.58,0.231,365
JHARKHAND,2022,1011.0,1011.9,0.88,0.087,365
KARNATAKA,2022,1456.7,1459.8,3.1,0.213,365
KERALA,2022,2882.3,2880.9,1.39,0.048,365
LADAKH,2022,287.5,286.5,1.05,0.367,365
MADHYA PRADESH,2022,1319.4,1320.8,1.43,0.108,365
MAHARASHTRA,2022,1385.1,1386.8,1.68,0.121,365
MANIPUR,2022,1395.3,1395.5,0.21,0.015,365
MEGHALAYA,2022,5611.0,5614.5,3.59,0.064,365
MIZORAM,2022,1998.9,1998.7,0.19,0.009,365
NAGALAND,2022,1587.4,1586.4,0.97,0.061,365
ODISHA,2022,1463.4,1463.8,0.43,0.029,365
PUDUCHERRY,2022,1202.1,1202.0,0.08,0.007,365
PUNJAB,2022,699.6,698.6,1.0,0.144,365
RAJASTHAN,2022,650.7,652.7,2.04,0.313,365
SIKKIM,2022,3716.4,3716.6,0.23,0.006,365
TAMIL NADU,2022,1134.4,1133.8,0.6,0.052,365
TELANGANA,2022,1336.9,1335.3,1.65,0.123,365
TRIPURA,2022,1994.6,1994.2,0.42,0.021,365
UTTAR PRADESH,2022,838.6,837.9,0.69,0.082,365
UTTARAKHAND,2022,1616.8,1616.7,0.11,0.007,365
WEST BENGAL,2022,1571.8,1562.4,9.32,0.596,365
ANDAMAN & NICOBAR,2023,0.0,0.0,0.0,,0
ANDHRA PRADESH,2023,893.4,892.3,1.12,0.125,365
ARUNACHAL PRADESH,2023,2129.9,2128.8,1.12,0.053,365
ASSAM,2023,1901.1,1900.1,1.04,0.055,365
BIHAR,2023,982.6,982.2,0.31,0.032,365
CHANDIGARH,2023,1563.1,1563.1,0.0,0.0,365
CHHATTISGARH,2023,1248.6,1250.2,1.57,0.126,365
DADRA & NAGAR HAVELI & DAMAN & DIU,2023,2690.2,2690.2,0.0,0.0,365
DELHI,2023,728.7,728.7,0.08,0.011,365
GOA,2023,3788.2,3788.0,0.18,0.005,365
GUJARAT,2023,905.7,907.4,1.62,0.178,365
HARYANA,2023,611.3,610.3,1.04,0.171,365
HIMACHAL PRADESH,2023,1288.9,1290.2,1.38,0.107,365
JAMMU AND KASHMIR,2023,1097.1,1099.6,2.49,0.226,365
JHARKHAND,2023,1111.4,1111.7,0.34,0.03,365
KARNATAKA,2023,858.7,860.1,1.39,0.162,365
KERALA,2023,2267.6,2267.5,0.13,0.006,365
LADAKH,2023,241.3,240.4,0.88,0.366,365
MADHYA PRADESH,2023,1075.0,1076.6,1.6,0.149,365
MAHARASHTRA,2023,1078.7,1079.8,1.09,0.101,365
MANIPUR,2023,920.1,919.4,0.76,0.082,365
MEGHALAYA,2023,3327.9,3329.6,1.72,0.052,365
MIZORAM,2023,1678.2,1679.4,1.23,0.073,365
NAGALAND,2023,1785.6,1784.8,0.82,0.046,365
ODISHA,2023,1409.7,1409.4,0.24,0.017,365
PUDUCHERRY,2023,1322.3,1322.2,0.03,0.002,365
PUNJAB,2023,723.0,721.3,1.74,0.241,365
RAJASTHAN,2023,615.0,616.8,1.79,0.289,365
SIKKIM,2023,3077.8,3077.8,0.03,0.001,365
TAMIL NADU,2023,1039.4,1039.3,0.08,0.008,365
TELANGANA,2023,1124.2,1122.8,1.35,0.12,365
TRIPURA,2023,1953.7,1953.5,0.21,0.011,365
UTTAR PRADESH,2023,773.9,772.4,1.51,0.195,365
UTTARAKHAND,2023,1586.5,1586.0,0.48,0.031,365
WEST BENGAL,2023,1636.5,1629.4,7.12,0.437,365
ANDAMAN & NICOBAR,2024,0.0,0.0,0.0,,0
ANDHRA PRADESH,2024,1077.2,1076.3,0.85,0.079,366
ARUNACHAL PRADESH,2024,2072.3,2071.5,0.76,0.037,366
ASSAM,2024,2072.9,2073.0,0.05,0.002,366
BIHAR,2024,985.3,984.9,0.34,0.034,366
CHANDIGARH,2024,859.4,859.4,0.0,0.0,366
CHHATTISGARH,2024,1410.6,1412.2,1.64,0.116,366
DADRA & NAGAR HAVELI & DAMAN & DIU,2024,3267.1,3267.1,0.0,0.0,366
DELHI,2024,662.9,662.9,0.01,0.002,366
GOA,2024,5470.5,5470.2,0.25,0.005,366
GUJARAT,2024,1142.6,1145.3,2.71,0.237,366
HARYANA,2024,516.5,516.6,0.13,0.025,366
HIMACHAL PRADESH,2024,974.6,975.5,0.84,0.086,366
JAMMU AND KASHMIR,2024,904.5,906.2,1.71,0.189,366
JHARKHAND,2024,1297.4,1297.9,0.46,0.035,366
KARNATAKA,2024,1225.8,1228.4,2.61,0.212,366
KERALA,2024,2780.6,2779.2,1.41,0.051,366
LADAKH,2024,296.0,295.1,0.95,0.322,366
MADHYA PRADESH,2024,1216.2,1216.7,0.54,0.045,366
MAHARASHTRA,2024,1387.0,1389.6,2.6,0.187,366
MANIPUR,2024,1402.0,1401.1,0.86,0.061,366
MEGHALAYA,2024,4000.2,4002.6,2.44,0.061,366
MIZORAM,2024,1822.4,1822.5,0.09,0.005,366
NAGALAND,2024,2056.3,2055.2,1.14,0.055,366
ODISHA,2024,1347.9,1348.2,0.28,0.021,366
PUDUCHERRY,2024,1706.8,1706.6,0.2,0.012,366
PUNJAB,2024,463.8,462.9,0.89,0.193,366
RAJASTHAN,2024,707.7,709.7,1.96,0.276,366
SIKKIM,2024,3265.6,3265.5,0.11,0.003,366
TAMIL NADU,2024,1175.3,1174.7,0.58,0.05,366
TELANGANA,2024,1207.0,1206.3,0.65,0.054,366
TRIPURA,2024,2432.4,2432.0,0.46,0.019,366
UTTAR PRADESH,2024,834.2,833.9,0.28,0.033,366
UTTARAKHAND,2024,1688.8,1688.3,0.55,0.033,366
WEST BENGAL,2024,1910.3,1904.7,5.52,0.29,366
