State_UT,Year,Centroid_Rainfall,Overlap_Weighted_Rainfall,Absolute_Difference,Relative_Difference_pct,Boundary_Cells,Status
ANDAMAN & NICOBAR,2018,0.0,0.0,0.0,,10,INSUFFICIENT_COVERAGE
ANDHRA PRADESH,2018,693.7,682.4,11.28,1.654,71,OK
ARUNACHAL PRADESH,2018,2272.0,2304.0,31.96,1.387,46,OK
ASSAM,2018,1821.9,1803.6,18.31,1.015,47,OK
BIHAR,2018,880.6,877.0,3.68,0.419,40,OK
CHANDIGARH,2018,1078.2,1078.2,0.0,0.0,1,OK
CHHATTISGARH,2018,1201.1,1203.7,2.62,0.217,52,OK
DADRA & NAGAR HAVELI & DAMAN & DIU,2018,2146.3,2146.3,0.0,0.0,1,OK
DELHI,2018,515.1,526.3,11.15,2.119,3,OK
GOA,2018,3695.2,3638.5,56.66,1.557,5,OK
GUJARAT,2018,489.5,479.5,10.03,2.092,70,OK
HARYANA,2018,527.8,522.3,5.45,1.043,32,OK
HIMACHAL PRADESH,2018,1155.8,1155.6,0.22,0.019,28,OK
JAMMU AND KASHMIR,2018,1082.2,1070.6,11.51,1.075,31,OK
JHARKHAND,2018,959.5,955.7,3.82,0.4,45,OK
KARNATAKA,2018,1024.9,1017.1,7.77,0.764,57,OK
KERALA,2018,3298.5,3371.6,73.09,2.168,24,OK
LADAKH,2018,331.3,329.6,1.71,0.518,55,OK
MADHYA PRADESH,2018,866.4,866.7,0.32,0.037,103,OK
MAHARASHTRA,2018,971.0,949.3,21.68,2.284,79,OK
MANIPUR,2018,1383.8,1377.5,6.28,0.456,10,OK
MEGHALAYA,2018,2921.0,2931.5,10.44,0.356,19,OK
MIZORAM,2018,2596.2,2593.9,2.31,0.089,13,OK
NAGALAND,2018,1801.8,1805.7,3.93,0.218,16,OK
ODISHA,2018,1625.1,1630.6,5.53,0.339,62,OK
PUDUCHERRY,2018,1025.9,1019.2,6.73,0.66,2,OK
PUNJAB,2018,666.3,670.0,3.72,0.556,24,OK
RAJASTHAN,2018,401.3,396.3,5.0,1.262,86,OK
SIKKIM,2018,3283.4,3275.1,8.31,0.254,8,OK
TAMIL NADU,2018,782.7,762.5,20.2,2.649,46,OK
TELANGANA,2018,922.7,913.4,9.39,1.028,39,OK
TRIPURA,2018,2243.3,2260.6,17.25,0.763,12,OK
UTTAR PRADESH,2018,833.1,828.1,4.94,0.597,73,OK
UTTARAKHAND,2018,1589.9,1584.4,5.5,0.347,29,OK
WEST BENGAL,2018,1497.7,1488.7,8.98,0.603,56,OK
ANDAMAN & NICOBAR,2019,0.0,0.0,0.0,,10,INSUFFICIENT_COVERAGE
ANDHRA PRADESH,2019,940.5,933.6,6.91,0.74,71,OK
ARUNACHAL PRADESH,2019,2540.5,2566.4,25.97,1.012,46,OK
ASSAM,2019,2111.1,2097.0,14.04,0.669,47,OK
BIHAR,2019,1227.3,1221.3,5.94,0.486,40,OK
CHANDIGARH,2019,934.7,934.7,0.0,0.0,1,OK
CHHATTISGARH,2019,1401.0,1404.4,3.34,0.238,52,OK
DADRA & NAGAR HAVELI & DAMAN & DIU,2019,3697.8,3697.8,0.0,0.0,1,OK
DELHI,2019,455.4,463.1,7.69,1.66,3,OK
GOA,2019,4837.1,4860.8,23.62,0.486,5,OK
GUJARAT,2019,1079.2,1069.0,10.21,0.955,70,OK
HARYANA,2019,402.2,391.7,10.49,2.679,32,OK
HIMACHAL PRADESH,2019,1210.5,1215.1,4.61,0.379,28,OK
JAMMU AND KASHMIR,2019,1476.3,1479.3,2.93,0.198,31,OK
JHARKHAND,2019,1165.9,1156.9,9.03,0.781,45,OK
KARNATAKA,2019,1291.4,1281.4,10.07,0.786,57,OK
KERALA,2019,2845.2,2863.0,17.81,0.622,24,OK
LADAKH,2019,557.4,555.2,2.26,0.407,55,OK
MADHYA PRADESH,2019,1410.1,1413.2,3.06,0.217,103,OK
MAHARASHTRA,2019,1488.9,1462.5,26.45,1.809,79,OK
MANIPUR,2019,1024.3,1018.3,5.94,0.584,10,OK
MEGHALAYA,2019,4067.9,4083.7,15.75,0.386,19,OK
MIZORAM,2019,1832.0,1817.8,14.25,0.784,13,OK
NAGALAND,2019,1482.8,1476.9,5.9,0.4,16,OK
ODISHA,2019,1600.7,1601.9,1.23,0.077,62,OK
PUDUCHERRY,2019,1197.5,1167.6,29.89,2.56,2,OK
PUNJAB,2019,706.2,713.5,7.37,1.033,24,OK
RAJASTHAN,2019,647.6,640.6,6.99,1.092,86,OK
SIKKIM,2019,3277.6,3274.0,3.56,0.109,8,OK
TAMIL NADU,2019,934.7,918.3,16.41,1.787,46,OK
TELANGANA,2019,1101.4,1098.8,2.64,0.24,39,OK
TRIPURA,2019,2271.6,2299.6,28.02,1.218,12,OK
UTTAR PRADESH,2019,872.1,867.4,4.65,0.535,73,OK
UTTARAKHAND,2019,1531.5,1531.7,0.22,0.014,29,OK
WEST BENGAL,2019,1721.5,1710.0,11.43,0.668,56,OK
ANDAMAN & NICOBAR,2020,0.0,0.0,0.0,,10,INSUFFICIENT_COVERAGE
ANDHRA PRADESH,2020,1279.5,1284.4,4.89,0.381,71,OK
ARUNACHAL PRADESH,2020,2852.5,2884.4,31.87,1.105,46,OK
ASSAM,2020,2272.5,2235.4,37.14,1.662,47,OK
BIHAR,2020,1573.7,1572.8,0.91,0.058,40,OK
CHANDIGARH,2020,925.0,925.0,0.0,0.0,1,OK
CHHATTISGARH,2020,1517.7,1522.8,5.12,0.336,52,OK
DADRA & NAGAR HAVELI & DAMAN & DIU,2020,2419.5,2419.5,0.0,0.0,1,OK
DELHI,2020,554.0,561.8,7.84,1.395,3,OK
GOA,2020,4577.2,4598.0,20.83,0.453,5,OK
GUJARAT,2020,1115.3,1104.1,11.21,1.015,70,OK
HARYANA,2020,573.7,573.3,0.4,0.07,32,OK
HIMACHAL PRADESH,2020,985.2,988.2,2.91,0.294,28,OK
JAMMU AND KASHMIR,2020,1130.5,1124.8,5.7,0.507,31,OK
JHARKHAND,2020,1266.1,1257.0,9.16,0.729,45,OK
KARNATAKA,2020,1329.9,1310.7,19.25,1.469,57,OK
KERALA,2020,2712.7,2725.9,13.18,0.484,24,OK
LADAKH,2020,375.3,372.2,3.1,0.832,55,OK
MADHYA PRADESH,2020,1098.4,1107.8,9.37,0.845,103,OK
MAHARASHTRA,2020,1317.6,1293.2,24.36,1.883,79,OK
MANIPUR,2020,1346.3,1343.8,2.51,0.187,10,OK
MEGHALAYA,2020,5482.4,5529.4,46.97,0.85,19,OK
MIZORAM,2020,1707.6,1678.8,28.82,1.717,13,OK
NAGALAND,2020,1569.8,1565.2,4.61,0.295,16,OK
ODISHA,2020,1611.1,1613.1,1.94,0.12,62,OK
PUDUCHERRY,2020,1435.8,1438.1,2.27,0.158,2,OK
PUNJAB,2020,624.6,626.3,1.64,0.262,24,OK
RAJASTHAN,2020,495.7,494.2,1.47,0.298,86,OK
SIKKIM,2020,3544.2,3543.5,0.72,0.02,8,OK
TAMIL NADU,2020,1015.6,1005.6,9.99,0.993,46,OK
TELANGANA,2020,1408.8,1409.7,0.9,0.064,39,OK
TRIPURA,2020,2123.0,2144.5,21.46,1.001,12,OK
UTTAR PRADESH,2020,850.8,846.5,4.38,0.518,73,OK
UTTARAKHAND,2020,1507.3,1500.1,7.21,0.48,29,OK
WEST BENGAL,2020,2054.4,2034.7,19.7,0.968,56,OK
ANDAMAN & NICOBAR,2021,0.0,0.0,0.0,,10,INSUFFICIENT_COVERAGE
ANDHRA PRADESH,2021,1206.3,1200.6,5.69,0.474,71,OK
ARUNACHAL PRADESH,2021,2045.4,2061.5,16.04,0.778,46,OK
ASSAM,2021,1601.4,1576.9,24.54,1.556,47,OK
BIHAR,2021,1559.2,1552.5,6.7,0.432,40,OK
CHANDIGARH,2021,847.6,847.6,0.0,0.0,1,OK
CHHATTISGARH,2021,1271.7,1272.2,0.49,0.039,52,OK
DADRA & NAGAR HAVELI & DAMAN & DIU,2021,2945.5,2945.5,0.0,0.0,1,OK
DELHI,2021,901.1,915.0,13.88,1.517,3,OK
GOA,2021,4240.4,4268.1,27.67,0.648,5,OK
GUJARAT,2021,803.1,792.8,10.32,1.302,70,OK
HARYANA,2021,723.1,722.6,0.5,0.069,32,OK
HIMACHAL PRADESH,2021,1057.2,1054.3,2.84,0.269,28,OK
JAMMU AND KASHMIR,2021,1071.4,1065.5,5.89,0.553,31,OK
JHARKHAND,2021,1470.0,1465.1,4.96,0.339,45,OK
KARNATAKA,2021,1371.1,1361.7,9.39,0.689,57,OK
KERALA,2021,3291.5,3340.0,48.52,1.453,24,OK
LADAKH,2021,281.0,276.7,4.28,1.548,55,OK
MADHYA PRADESH,2021,1099.5,1097.9,1.62,0.148,103,OK
MAHARASHTRA,2021,1385.3,1363.0,22.35,1.64,79,OK
MANIPUR,2021,939.0,939.2,0.14,0.015,10,OK
MEGHALAYA,2021,3824.1,3869.4,45.35,1.172,19,OK
MIZORAM,2021,1821.5,1797.4,24.09,1.34,13,OK
NAGALAND,2021,1061.5,1061.3,0.29,0.028,16,OK
ODISHA,2021,1474.1,1470.6,3.53,0.24,62,OK
PUDUCHERRY,2021,2084.2,2126.2,42.05,1.978,2,OK
PUNJAB,2021,629.1,633.0,3.92,0.619,24,OK
RAJASTHAN,2021,588.2,582.0,6.21,1.067,86,OK
SIKKIM,2021,3233.5,3230.3,3.13,0.097,8,OK
TAMIL NADU,2021,1426.3,1410.1,16.17,1.147,46,OK
TELANGANA,2021,1214.7,1213.5,1.23,0.102,39,OK
TRIPURA,2021,1829.3,1826.0,3.31,0.181,12,OK
UTTAR PRADESH,2021,1035.2,1032.1,3.16,0.306,73,OK
UTTARAKHAND,2021,1825.4,1818.5,6.89,0.379,29,OK
WEST BENGAL,2021,2076.9,2075.0,1.88,0.091,56,OK
ANDAMAN & NICOBAR,2022,0.0,0.0,0.0,,10,INSUFFICIENT_COVERAGE
ANDHRA PRADESH,2022,1079.4,1069.4,9.99,0.934,71,OK
ARUNACHAL PRADESH,2022,2900.8,2919.0,18.18,0.623,46,OK
ASSAM,2022,2384.8,2355.3,29.44,1.25,47,OK
BIHAR,2022,962.4,959.7,2.7,0.282,40,OK
CHANDIGARH,2022,1258.1,1258.1,0.0,0.0,1,OK
CHHATTISGARH,2022,1383.2,1388.3,5.09,0.367,52,OK
DADRA & NAGAR HAVELI & DAMAN & DIU,2022,3564.7,3564.7,0.0,0.0,1,OK
DELHI,2022,640.3,649.8,9.46,1.456,3,OK
GOA,2022,3886.5,3854.8,31.72,0.823,5,OK
GUJARAT,2022,941.5,929.5,11.94,1.285,70,OK
HARYANA,2022,704.3,700.8,3.56,0.508,32,OK
HIMACHAL PRADESH,2022,1103.3,1106.2,2.91,0.263,28,OK
JAMMU AND KASHMIR,2022,1116.5,1109.4,7.15,0.644,31,OK
JHARKHAND,2022,1011.0,1012.9,1.89,0.187,45,OK
KARNATAKA,2022,1456.7,1451.4,5.3,0.365,57,OK
KERALA,2022,2882.3,2895.8,13.52,0.467,24,OK
LADAKH,2022,287.5,283.3,4.18,1.477,55,OK
MADHYA PRADESH,2022,1319.4,1326.2,6.82,0.514,103,OK
MAHARASHTRA,2022,1385.1,1363.0,22.09,1.62,79,OK
MANIPUR,2022,1395.3,1394.6,0.66,0.047,10,OK
MEGHALAYA,2022,5611.0,5678.6,67.68,1.192,19,OK
MIZORAM,2022,1998.9,1970.0,28.9,1.467,13,OK
NAGALAND,2022,1587.4,1586.8,0.57,0.036,16,OK
ODISHA,2022,1463.4,1465.6,2.21,0.151,62,OK
PUDUCHERRY,2022,1202.1,1210.2,8.12,0.671,2,OK
PUNJAB,2022,699.6,704.2,4.6,0.653,24,OK
RAJASTHAN,2022,650.7,643.2,7.5,1.165,86,OK
SIKKIM,2022,3716.4,3710.1,6.36,0.171,8,OK
TAMIL NADU,2022,1134.4,1117.8,16.61,1.486,46,OK
TELANGANA,2022,1336.9,1333.7,3.22,0.241,39,OK
TRIPURA,2022,1994.6,1995.9,1.34,0.067,12,OK
UTTAR PRADESH,2022,838.6,832.0,6.62,0.795,73,OK
UTTARAKHAND,2022,1616.8,1611.3,5.51,0.342,29,OK
WEST BENGAL,2022,1571.8,1551.4,20.32,1.31,56,OK
ANDAMAN & NICOBAR,2023,0.0,0.0,0.0,,10,INSUFFICIENT_COVERAGE
ANDHRA PRADESH,2023,893.4,888.4,4.99,0.561,71,OK
ARUNACHAL PRADESH,2023,2129.9,2131.4,1.56,0.073,46,OK
ASSAM,2023,1901.1,1866.4,34.71,1.86,47,OK
BIHAR,2023,982.6,983.2,0.64,0.065,40,OK
CHANDIGARH,2023,1563.1,1563.1,0.0,0.0,1,OK
CHHATTISGARH,2023,1248.6,1247.5,1.11,0.089,52,OK
DADRA & NAGAR HAVELI & DAMAN & DIU,2023,2690.2,2690.2,0.0,0.0,1,OK
DELHI,2023,728.7,733.9,5.28,0.719,3,OK
GOA,2023,3788.2,3821.1,32.83,0.859,5,OK
GUJARAT,2023,905.7,897.8,7.98,0.889,70,OK
HARYANA,2023,611.3,603.6,7.75,1.285,32,OK
HIMACHAL PRADESH,2023,1288.9,1284.5,4.36,0.34,28,OK
JAMMU AND KASHMIR,2023,1097.1,1105.5,8.45,0.764,31,OK
JHARKHAND,2023,1111.4,1107.8,3.62,0.326,45,OK
KARNATAKA,2023,858.7,845.9,12.79,1.512,57,OK
KERALA,2023,2267.6,2289.2,21.64,0.945,24,OK
LADAKH,2023,241.3,237.1,4.24,1.789,55,OK
MADHYA PRADESH,2023,1075.0,1081.6,6.61,0.611,103,OK
MAHARASHTRA,2023,1078.7,1057.1,21.64,2.047,79,OK
MANIPUR,2023,920.1,915.3,4.83,0.528,10,OK
MEGHALAYA,2023,3327.9,3317.9,9.99,0.301,19,OK
MIZORAM,2023,1678.2,1686.6,8.39,0.498,13,OK
NAGALAND,2023,1785.6,1797.6,11.95,0.665,16,OK
ODISHA,2023,1409.7,1413.8,4.15,0.293,62,OK
PUDUCHERRY,2023,1322.3,1325.4,3.11,0.234,2,OK
PUNJAB,2023,723.0,724.5,1.5,0.208,24,OK
RAJASTHAN,2023,615.0,615.8,0.79,0.129,86,OK
SIKKIM,2023,3077.8,3075.4,2.43,0.079,8,OK
TAMIL NADU,2023,1039.4,1020.9,18.46,1.808,46,OK
TELANGANA,2023,1124.2,1122.0,2.14,0.191,39,OK
TRIPURA,2023,1953.7,1943.8,9.9,0.51,12,OK
UTTAR PRADESH,2023,773.9,767.6,6.3,0.82,73,OK
UTTARAKHAND,2023,1586.5,1586.8,0.34,0.022,29,OK
WEST BENGAL,2023,1636.5,1621.3,15.17,0.935,56,OK
ANDAMAN & NICOBAR,2024,0.0,0.0,0.0,,10,INSUFFICIENT_COVERAGE
ANDHRA PRADESH,2024,1077.2,1066.9,10.25,0.961,71,OK
ARUNACHAL PRADESH,2024,2072.3,2073.2,0.93,0.045,46,OK
ASSAM,2024,2072.9,2031.4,41.48,2.042,47,OK
BIHAR,2024,985.3,978.5,6.77,0.691,40,OK
CHANDIGARH,2024,859.4,859.4,0.0,0.0,1,OK
CHHATTISGARH,2024,1410.6,1408.2,2.41,0.171,52,OK
DADRA & NAGAR HAVELI & DAMAN & DIU,2024,3267.1,3267.1,0.0,0.0,1,OK
DELHI,2024,662.9,672.8,9.87,1.467,3,OK
GOA,2024,5470.5,5551.2,80.75,1.455,5,OK
GUJARAT,2024,1142.6,1130.3,12.24,1.083,70,OK
HARYANA,2024,516.5,505.7,10.74,2.123,32,OK
HIMACHAL PRADESH,2024,974.6,964.6,10.05,1.042,28,OK
JAMMU AND KASHMIR,2024,904.5,906.0,1.47,0.162,31,OK
JHARKHAND,2024,1297.4,1295.9,1.53,0.118,45,OK
KARNATAKA,2024,1225.8,1211.5,14.25,1.177,57,OK
KERALA,2024,2780.6,2799.2,18.57,0.663,24,OK
LADAKH,2024,296.0,293.6,2.44,0.832,55,OK
MADHYA PRADESH,2024,1216.2,1223.4,7.19,0.588,103,OK
MAHARASHTRA,2024,1387.0,1361.8,25.15,1.847,79,OK
MANIPUR,2024,1402.0,1409.9,7.94,0.563,10,OK
MEGHALAYA,2024,4000.2,3977.1,23.1,0.581,19,OK
MIZORAM,2024,1822.4,1830.0,7.6,0.415,13,OK
NAGALAND,2024,2056.3,2069.1,12.77,0.617,16,OK
ODISHA,2024,1347.9,1347.9,0.0,0.0,62,OK
PUDUCHERRY,2024,1706.8,1726.1,19.28,1.117,2,OK
PUNJAB,2024,463.8,461.9,1.9,0.411,24,OK
RAJASTHAN,2024,707.7,705.0,2.76,0.391,86,OK
SIKKIM,2024,3265.6,3249.5,16.12,0.496,8,OK
TAMIL NADU,2024,1175.3,1155.7,19.6,1.696,46,OK
TELANGANA,2024,1207.0,1199.5,7.45,0.621,39,OK
TRIPURA,2024,2432.4,2407.4,25.09,1.042,12,OK
UTTAR PRADESH,2024,834.2,827.7,6.47,0.781,73,OK
UTTARAKHAND,2024,1688.8,1691.7,2.84,0.168,29,OK
WEST BENGAL,2024,1910.3,1905.1,5.18,0.272,56,OK
