State_UT,Zone,N,Slope,SE,CI95_Lo,CI95_Hi,p_value,R2,Status
Andaman & Nicobar Islands,South,7,2.2045,0.4272,1.1063,3.3026,0.0035838673651497916,0.8419,OK
Andhra Pradesh,South,7,1.6902,0.2288,1.1021,2.2783,0.0007145118636460444,0.9161,OK
Arunachal Pradesh,Northeast,7,-0.1067,1.1284,-3.0074,2.794,0.9283229411491463,0.0018,OK
Assam,Northeast,7,1.2491,0.2117,0.7049,1.7933,0.0019902851627126277,0.8744,OK
Bihar,East,7,1.9001,0.4883,0.6449,3.1553,0.011508904232359233,0.7518,OK
Chandigarh,North,7,1.6863,0.9251,-0.6918,4.0643,0.12794935338558938,0.3992,OK
Chhattisgarh,Central,7,2.3166,0.2535,1.6649,2.9682,0.0002628730625189154,0.9435,OK
Dadra & Nagar Haveli,West,2,,,,,,,INSUFFICIENT_N
Dadra & Nagar Haveli and Daman & Diu,West,5,-1.6626,3.5897,-13.0867,9.7615,0.6747774480131746,0.0667,OK
Daman & Diu,West,2,,,,,,,INSUFFICIENT_N
Delhi,North,7,-0.0198,0.2484,-0.6583,0.6187,0.9396526861842308,0.0013,OK
Goa,West,7,0.4829,0.142,0.1178,0.848,0.019247639693062885,0.6981,OK
Gujarat,West,7,1.1571,0.2534,0.5056,1.8085,0.006024740515662929,0.8066,OK
Haryana,North,7,0.3112,0.1104,0.0273,0.595,0.037186426037343866,0.6137,OK
Himachal Pradesh,North,7,0.1209,0.3279,-0.7219,0.9637,0.7274174256048601,0.0265,OK
Jammu & Kashmir,North,7,-0.5083,0.1817,-0.9755,-0.0411,0.03812906504540248,0.6101,OK
Jharkhand,East,7,2.0737,0.3965,1.0544,3.093,0.003382314936198899,0.8454,OK
Karnataka,South,7,0.3915,0.153,-0.0018,0.7849,0.05071459948674629,0.567,OK
Kerala,South,7,-0.4921,0.0945,-0.735,-0.2492,0.003444763389255576,0.8443,OK
Ladakh,North,7,,,,,,,ZERO_VARIANCE
Lakshadweep,South,7,,,,,,,ZERO_VARIANCE
Madhya Pradesh,Central,7,0.7623,0.1599,0.3513,1.1732,0.005021655012507588,0.8197,OK
Maharashtra,West,7,0.9979,0.6022,-0.55,2.5458,0.15837567467802907,0.3545,OK
Manipur,Northeast,7,-0.314,0.8317,-2.4518,1.8239,0.7212873714784792,0.0277,OK
Meghalaya,Northeast,7,5.6365,1.9688,0.5756,10.6974,0.03528372668419179,0.6211,OK
Mizoram,Northeast,7,2.0341,0.785,0.0161,4.052,0.048769959392111276,0.5732,OK
Nagaland,Northeast,7,5.8409,1.7494,1.3441,10.3378,0.020577210617163444,0.6904,OK
Odisha,East,7,0.187,0.2126,-0.3596,0.7336,0.4193146713521494,0.134,OK
Puducherry,South,7,0.1883,0.3873,-0.8072,1.1838,0.6473820193034515,0.0451,OK
Punjab,North,7,1.0114,0.3155,0.2003,1.8225,0.023854509831015447,0.6726,OK
Rajasthan,North,7,0.1403,0.2177,-0.4192,0.6999,0.5475966039421251,0.0767,OK
Sikkim,Northeast,7,-0.8825,1.2492,-4.0937,2.3287,0.5114731108471307,0.0907,OK
Tamil Nadu,South,7,-0.1622,0.1448,-0.5345,0.2101,0.31358807957485413,0.2006,OK
Telangana,South,7,0.1446,0.4987,-1.1374,1.4265,0.7835539076834995,0.0165,OK
Tripura,Northeast,7,0.7051,0.483,-0.5365,1.9466,0.20415317420215032,0.2989,OK
Uttar Pradesh,North,7,-0.0623,0.3343,-0.9217,0.7971,0.8595253929956617,0.0069,OK
Uttarakhand,North,7,-1.1743,0.6263,-2.7843,0.4357,0.11964620668414876,0.4128,OK
West Bengal,East,7,0.1509,0.4319,-0.9594,1.2611,0.7410983376665043,0.0238,OK
