State_UT,N,PopAcc_Pearson,PopAcc_p,PopAcc_Spearman,PopFat_Pearson,PopFat_p,status
Andaman & Nicobar Islands,7,-0.8090718813997035,0.027523135503031284,-0.6126374746329801,0.6662815916864956,0.10221036467256665,computed
Andhra Pradesh,7,-0.7772114899467859,0.03974492603427168,-0.642857142857143,0.6241381509571062,0.1341125750909054,computed
Arunachal Pradesh,7,0.2724022947707895,0.5545201944526226,0.3243374865704013,0.20506340974818243,0.659146673473107,computed
Assam,7,-0.33738741637277864,0.4592680044943483,-0.28571428571428575,0.5188316354576614,0.23279940246131858,computed
Bihar,7,0.7744299368929056,0.04093104607373143,0.7142857142857144,0.9320571376300828,0.0022275117475933697,computed
Chandigarh,7,-0.7509015643057378,0.051739520025830356,-0.6071428571428572,-0.4748851315242858,0.28155068590442195,computed
Chhattisgarh,7,0.25027886750331174,0.5882947581214296,0.14285714285714288,0.9349829449016129,0.001998596566873442,computed
Dadra & Nagar Haveli,2,,,,,,NOT PERFORMED — INSUFFICIENT DATA (N<4)
Dadra & Nagar Haveli and Daman & Diu,5,0.5848906773980312,0.3002547959857202,0.6,0.7424816613649743,0.15066581773463744,computed
Daman & Diu,2,,,,,,NOT PERFORMED — INSUFFICIENT DATA (N<4)
Delhi,7,-0.05805793898563118,0.9016038106062716,0.10714285714285716,-0.06558970424706179,0.8888908163586827,computed
Goa,7,-0.6454255167854155,0.11744103778586347,-0.6071428571428572,0.24029086318706594,0.6037437390396118,computed
Gujarat,7,-0.4114434855803671,0.35910074767538197,-0.39285714285714296,0.1851774810804731,0.6909950395010799,computed
Haryana,7,-0.5265909159828598,0.22463798468694274,-0.5,-0.3807542614244845,0.39942890991899954,computed
Himachal Pradesh,7,-0.8215138937709471,0.02342194825894042,-0.7500000000000002,-0.8075304027234376,0.028057234950938943,computed
Jammu & Kashmir,7,0.273890820281441,0.5522706587233872,0.3571428571428572,-0.448623504249433,0.31266198950276647,computed
Jharkhand,7,0.06672251541420876,0.8869803080541115,-0.1785714285714286,0.6410415953777474,0.12078172667883849,computed
Karnataka,7,0.26530288277803415,0.5652896237803752,0.39285714285714296,0.6268022446027841,0.13196426877830666,computed
Kerala,7,0.5249207027320126,0.22638320889528196,0.7142857142857144,-0.12812216785971753,0.7842738678645904,computed
Ladakh,7,0.8410046264664398,0.017737160961333855,0.8153742483272114,0.8884109919138158,0.007516899310673182,computed
Lakshadweep,7,-0.40881490876633847,0.3624860142714876,-0.4244373438135827,-0.04003203845127182,0.9320939432187579,computed
Madhya Pradesh,7,0.6476142175577613,0.11579123095364026,0.6785714285714287,0.9664457358467435,0.0003890195736331803,computed
Maharashtra,7,0.24101665758518137,0.6026170654792471,0.3571428571428572,0.7908255129087942,0.03421684071198461,computed
Manipur,7,-0.8024822349611219,0.02984674786935696,-0.7857142857142859,-0.8598896850414757,0.013068555748400724,computed
Meghalaya,7,-0.6637784851213182,0.10398035124961949,-0.3571428571428572,0.17345827002631953,0.7099380310933056,computed
Mizoram,7,0.8397733806356137,0.01806993748411602,0.8288624656799143,0.8704806607100598,0.010801187180639153,computed
Nagaland,7,-0.39761078301970926,0.3770618947689509,-0.42857142857142866,0.8061796901296079,0.028529974642870083,computed
Odisha,7,0.6302246883587175,0.12923034467369338,0.6785714285714287,0.6587979497445229,0.10754927512968923,computed
Puducherry,7,-0.13851803192965484,0.7670939708471917,-0.10714285714285716,0.04966691133101042,0.9157867909611147,computed
Punjab,7,-0.09034502962465406,0.8472506855285109,-0.39285714285714296,0.3404446531539352,0.454945928673465,computed
Rajasthan,7,0.5721178581880697,0.17955582255849759,0.7142857142857144,0.7001986854151447,0.07979389199073326,computed
Sikkim,7,0.05358806572067254,0.9091566418831463,0.03571428571428572,-0.20825804408976645,0.6540670016389942,computed
Tamil Nadu,7,0.1852880287619273,0.6908169434447922,0.3571428571428572,0.10010777531514509,0.8309020544617538,computed
Telangana,7,0.5559634393044068,0.19499663555555433,0.5357142857142858,0.9607583194874789,0.0005736292584907567,computed
Tripura,7,0.028186675676798237,0.9521678195392922,0.28571428571428575,0.3908160221486511,0.38601541835137176,computed
Uttar Pradesh,7,0.3740027745952399,0.4085314370690892,0.4642857142857144,0.47916225722619143,0.2766211711016572,computed
Uttarakhand,7,0.659020366779755,0.10738856032055896,0.7500000000000002,0.4134833792192649,0.3564827193875038,computed
West Bengal,7,0.5401984905378072,0.2106573608717256,0.642857142857143,0.6846749634268745,0.0896911053921112,computed
