Model,Feature,PermImportance,Note
GradientBoosting,Lag1_Acc,0.6632132822360222,predictive importance only; NOT causal
GradientBoosting,Lag2_Acc,0.3302730861992972,predictive importance only; NOT causal
GradientBoosting,Pop_Growth,0.01624941864902041,predictive importance only; NOT causal
GradientBoosting,Pop_t,0.007052041415205879,predictive importance only; NOT causal
GradientBoosting,Z_West,0.0014802507033433998,predictive importance only; NOT causal
GradientBoosting,Lag2_Fat,0.001336095592414055,predictive importance only; NOT causal
GradientBoosting,Lag1_Fat,0.0005201262000131379,predictive importance only; NOT causal
GradientBoosting,Lag1_FatLakh,0.00026273206492084534,predictive importance only; NOT causal
GradientBoosting,Z_East,4.353884188068591e-06,predictive importance only; NOT causal
GradientBoosting,Z_South,1.2263759963215826e-06,predictive importance only; NOT causal
GradientBoosting,Year,0.0,predictive importance only; NOT causal
GradientBoosting,Z_Northeast,0.0,predictive importance only; NOT causal
GradientBoosting,Z_North,-3.1373195167661016e-06,predictive importance only; NOT causal
GradientBoosting,Z_Central,-2.0928404401909793e-05,predictive importance only; NOT causal
GradientBoosting,Lag1_AccLakh,-0.00010503643218129355,predictive importance only; NOT causal
RandomForest,Lag1_Acc,0.5470254100698373,predictive importance only; NOT causal
RandomForest,Lag2_Acc,0.45585136310180874,predictive importance only; NOT causal
RandomForest,Pop_Growth,0.007853134274046913,predictive importance only; NOT causal
RandomForest,Lag1_Fat,0.005787386157214169,predictive importance only; NOT causal
RandomForest,Pop_t,0.003209836509813302,predictive importance only; NOT causal
RandomForest,Lag1_FatLakh,0.0014411418332053727,predictive importance only; NOT causal
RandomForest,Lag2_Fat,0.0013789329824218544,predictive importance only; NOT causal
RandomForest,Lag1_AccLakh,0.0011902485668879748,predictive importance only; NOT causal
RandomForest,Z_West,0.0003089589749928678,predictive importance only; NOT causal
RandomForest,Z_South,5.196046625455253e-05,predictive importance only; NOT causal
RandomForest,Z_Northeast,2.1195740345614224e-05,predictive importance only; NOT causal
RandomForest,Z_North,8.598052076758123e-07,predictive importance only; NOT causal
RandomForest,Year,0.0,predictive importance only; NOT causal
RandomForest,Z_East,-1.4583369715825967e-06,predictive importance only; NOT causal
RandomForest,Z_Central,-3.085725684076612e-05,predictive importance only; NOT causal
