State_UT,Year,Zone,Accidents,Fatalities,Injured,Source_Accident,Road_Source_Entity,Total_Road_Length_km,Surfaced_Road_Length_km,Road_Join_Type,Road_Geography_Transformation,Road_Join_Confidence,Road_Join_Status,Source_Road,Notes
Andhra Pradesh,2021,South,21556,8186,21040,MoRTH_Primary_Dataset_3.xlsx,Andhra Pradesh,191704,131966,DIRECT,NONE,HIGH,JOINED,BRSI Annexure 1.1.2 PDF p.128,
Arunachal Pradesh,2021,Northeast,283,157,347,MoRTH_Primary_Dataset_3.xlsx,Arunachal Pradesh,53073,37745,DIRECT,NONE,HIGH,JOINED,BRSI Annexure 1.1.2 PDF p.128,
Assam,2021,Northeast,7411,3036,5763,MoRTH_Primary_Dataset_3.xlsx,Assam,475238,119162,DIRECT,NONE,HIGH,JOINED,BRSI Annexure 1.1.2 PDF p.128,
Bihar,2021,East,9553,7660,7946,MoRTH_Primary_Dataset_3.xlsx,Bihar,301556,235553,DIRECT,NONE,HIGH,JOINED,BRSI Annexure 1.1.2 PDF p.128,
Chhattisgarh,2021,Central,12375,5371,10683,MoRTH_Primary_Dataset_3.xlsx,Chhattisgarh,112335,85835,DIRECT,NONE,HIGH,JOINED,BRSI Annexure 1.1.2 PDF p.128,
Goa,2021,West,2849,226,843,MoRTH_Primary_Dataset_3.xlsx,Goa,19081,14100,DIRECT,NONE,HIGH,JOINED,BRSI Annexure 1.1.2 PDF p.128,
Gujarat,2021,West,15186,7452,13690,MoRTH_Primary_Dataset_3.xlsx,Gujarat,266775,235949,DIRECT,NONE,HIGH,JOINED,BRSI Annexure 1.1.2 PDF p.128,
Haryana,2021,North,9933,4706,8121,MoRTH_Primary_Dataset_3.xlsx,Haryana,57749,48007,DIRECT,NONE,HIGH,JOINED,BRSI Annexure 1.1.2 PDF p.128,
Himachal Pradesh,2021,North,2404,1052,3454,MoRTH_Primary_Dataset_3.xlsx,Himachal Pradesh,65539,46525,DIRECT,NONE,HIGH,JOINED,BRSI Annexure 1.1.2 PDF p.128,
Jharkhand,2021,East,4728,3513,3227,MoRTH_Primary_Dataset_3.xlsx,Jharkhand,84703,69185,DIRECT,NONE,HIGH,JOINED,BRSI Annexure 1.1.2 PDF p.128,
Karnataka,2021,South,34647,10038,40754,MoRTH_Primary_Dataset_3.xlsx,Karnataka,385553,235351,DIRECT,NONE,HIGH,JOINED,BRSI Annexure 1.1.2 PDF p.128,
Kerala,2021,South,33296,3429,36775,MoRTH_Primary_Dataset_3.xlsx,Kerala,258918,180328,DIRECT,NONE,HIGH,JOINED,BRSI Annexure 1.1.2 PDF p.128,
Madhya Pradesh,2021,Central,48877,12057,48956,MoRTH_Primary_Dataset_3.xlsx,Madhya Pradesh,372704,327130,DIRECT,NONE,HIGH,JOINED,BRSI Annexure 1.1.2 PDF p.128,
Maharashtra,2021,West,29477,13528,23071,MoRTH_Primary_Dataset_3.xlsx,Maharashtra,611669,458573,DIRECT,NONE,HIGH,JOINED,BRSI Annexure 1.1.2 PDF p.128,
Manipur,2021,Northeast,366,110,504,MoRTH_Primary_Dataset_3.xlsx,Manipur,32783,19339,DIRECT,NONE,HIGH,JOINED,BRSI Annexure 1.1.2 PDF p.128,
Meghalaya,2021,Northeast,245,187,263,MoRTH_Primary_Dataset_3.xlsx,Meghalaya,48406,23848,DIRECT,NONE,HIGH,JOINED,BRSI Annexure 1.1.2 PDF p.128,
Mizoram,2021,Northeast,69,56,65,MoRTH_Primary_Dataset_3.xlsx,Mizoram,19518,11656,DIRECT,NONE,HIGH,JOINED,BRSI Annexure 1.1.2 PDF p.128,
Nagaland,2021,Northeast,746,55,380,MoRTH_Primary_Dataset_3.xlsx,Nagaland,37959,19160,DIRECT,NONE,HIGH,JOINED,BRSI Annexure 1.1.2 PDF p.128,
Odisha,2021,East,10983,5081,9782,MoRTH_Primary_Dataset_3.xlsx,Odisha,305126,214503,DIRECT,NONE,HIGH,JOINED,BRSI Annexure 1.1.2 PDF p.128,
Punjab,2021,North,5871,4589,3072,MoRTH_Primary_Dataset_3.xlsx,Punjab,151937,139678,DIRECT,NONE,HIGH,JOINED,BRSI Annexure 1.1.2 PDF p.128,
Rajasthan,2021,North,20951,10043,19344,MoRTH_Primary_Dataset_3.xlsx,Rajasthan,277582,245892,DIRECT,NONE,HIGH,JOINED,BRSI Annexure 1.1.2 PDF p.128,
Sikkim,2021,Northeast,155,56,244,MoRTH_Primary_Dataset_3.xlsx,Sikkim,12626,9897,DIRECT,NONE,HIGH,JOINED,BRSI Annexure 1.1.2 PDF p.128,
Tamil Nadu,2021,South,55682,15384,55996,MoRTH_Primary_Dataset_3.xlsx,Tamilnadu,282903,236774,DIRECT,RENAME_Tamilnadu,HIGH,JOINED,BRSI Annexure 1.1.2 PDF p.128,
Telangana,2021,South,21315,7557,20107,MoRTH_Primary_Dataset_3.xlsx,Telangana,141985,107163,DIRECT,NONE,HIGH,JOINED,BRSI Annexure 1.1.2 PDF p.128,
Tripura,2021,Northeast,479,194,547,MoRTH_Primary_Dataset_3.xlsx,Tripura,28218,21924,DIRECT,NONE,HIGH,JOINED,BRSI Annexure 1.1.2 PDF p.128,
Uttarakhand,2021,North,1405,820,1091,MoRTH_Primary_Dataset_3.xlsx,Uttarakhand,65181,47878,DIRECT,NONE,HIGH,JOINED,BRSI Annexure 1.1.2 PDF p.128,
Uttar Pradesh,2021,North,37729,21227,24897,MoRTH_Primary_Dataset_3.xlsx,Uttar Pradesh,497755,427773,DIRECT,NONE,HIGH,JOINED,BRSI Annexure 1.1.2 PDF p.128,
West Bengal,2021,East,11937,5800,10454,MoRTH_Primary_Dataset_3.xlsx,West Bengal,286368,202597,DIRECT,NONE,HIGH,JOINED,BRSI Annexure 1.1.2 PDF p.128,
Andaman & Nicobar Islands,2021,South,115,20,97,MoRTH_Primary_Dataset_3.xlsx,A & N Islands,1906,1790,DIRECT,RENAME_A & N Islands,HIGH,JOINED,BRSI Annexure 1.1.2 PDF p.128,
Chandigarh,2021,North,208,96,172,MoRTH_Primary_Dataset_3.xlsx,Chandigarh,2592,2592,DIRECT,NONE,HIGH,JOINED,BRSI Annexure 1.1.2 PDF p.128,
Dadra & Nagar Haveli and Daman & Diu,2021,West,140,76,171,MoRTH_Primary_Dataset_3.xlsx,Dadra & Nagar Haveli + Daman & Diu,1459,1459,SUM,DNH_PLUS_DAMAN_DIU,MEDIUM,JOINED_WITH_TRANSFORMATION,BRSI Annexure 1.1.2 + Annexure 1.1.2,Arithmetic sum; not source-published
Delhi,2021,North,4720,1239,4273,MoRTH_Primary_Dataset_3.xlsx,Delhi,17786,17726,DIRECT,NONE,HIGH,JOINED,BRSI Annexure 1.1.2 PDF p.128,
Jammu & Kashmir,2021,North,5452,774,6972,MoRTH_Primary_Dataset_3.xlsx,Jammu And Kashmir,118299,83328,DIRECT,NONE,MEDIUM,UNRESOLVED,BRSI Annexure 1.1.2,"BRSI J&K composition note not located — kept UNRESOLVED per Phase 2D rule; values preserved, not usable"
Ladakh,2021,North,236,56,242,MoRTH_Primary_Dataset_3.xlsx,Ladakh,5473,4466,DIRECT,NONE,MEDIUM,UNRESOLVED,BRSI Annexure 1.1.2,"BRSI J&K composition note not located — kept UNRESOLVED per Phase 2D rule; values preserved, not usable"
Lakshadweep,2021,South,4,1,6,MoRTH_Primary_Dataset_3.xlsx,Lakshadweep,223,223,DIRECT,NONE,HIGH,JOINED,BRSI Annexure 1.1.2 PDF p.128,
Puducherry,2021,South,1049,140,1099,MoRTH_Primary_Dataset_3.xlsx,Puducherry,5602,5120,DIRECT,NONE,HIGH,JOINED,BRSI Annexure 1.1.2 PDF p.128,
Andhra Pradesh,2022,South,21249,8293,21340,MoRTH_Primary_Dataset_3.xlsx,Andhra Pradesh,193441,133180,DIRECT,NONE,HIGH,JOINED,BRSI Annexure 2.1.2 PDF p.160,
Arunachal Pradesh,2022,Northeast,227,148,186,MoRTH_Primary_Dataset_3.xlsx,Arunachal Pradesh,53073,37745,DIRECT,NONE,HIGH,JOINED,BRSI Annexure 2.1.2 PDF p.160,
Assam,2022,Northeast,7023,2994,5637,MoRTH_Primary_Dataset_3.xlsx,Assam,501203,131501,DIRECT,NONE,HIGH,JOINED,BRSI Annexure 2.1.2 PDF p.160,
Bihar,2022,East,10801,8898,7068,MoRTH_Primary_Dataset_3.xlsx,Bihar,302138,236143,DIRECT,NONE,HIGH,JOINED,BRSI Annexure 2.1.2 PDF p.160,
Chhattisgarh,2022,Central,13279,5834,11695,MoRTH_Primary_Dataset_3.xlsx,Chhattisgarh,113307,87000,DIRECT,NONE,HIGH,JOINED,BRSI Annexure 2.1.2 PDF p.160,
Goa,2022,West,3011,271,1091,MoRTH_Primary_Dataset_3.xlsx,Goa,19625,14205,DIRECT,NONE,HIGH,JOINED,BRSI Annexure 2.1.2 PDF p.160,
Gujarat,2022,West,15751,7618,15089,MoRTH_Primary_Dataset_3.xlsx,Gujarat,267685,236867,DIRECT,NONE,HIGH,JOINED,BRSI Annexure 2.1.2 PDF p.160,
Haryana,2022,North,10429,4915,8519,MoRTH_Primary_Dataset_3.xlsx,Haryana,61675,52249,DIRECT,NONE,HIGH,JOINED,BRSI Annexure 2.1.2 PDF p.160,
Himachal Pradesh,2022,North,2597,1032,4063,MoRTH_Primary_Dataset_3.xlsx,Himachal Pradesh,67828,48269,DIRECT,NONE,HIGH,JOINED,BRSI Annexure 2.1.2 PDF p.160,
Jharkhand,2022,East,5175,3898,3747,MoRTH_Primary_Dataset_3.xlsx,Jharkhand,85456,69938,DIRECT,NONE,HIGH,JOINED,BRSI Annexure 2.1.2 PDF p.160,
Karnataka,2022,South,39762,11702,48154,MoRTH_Primary_Dataset_3.xlsx,Karnataka,390772,236272,DIRECT,NONE,HIGH,JOINED,BRSI Annexure 2.1.2 PDF p.160,
Kerala,2022,South,43910,4317,49307,MoRTH_Primary_Dataset_3.xlsx,Kerala,260037,181236,DIRECT,NONE,HIGH,JOINED,BRSI Annexure 2.1.2 PDF p.160,
Madhya Pradesh,2022,Central,54432,13427,55168,MoRTH_Primary_Dataset_3.xlsx,Madhya Pradesh,375863,329567,DIRECT,NONE,HIGH,JOINED,BRSI Annexure 2.1.2 PDF p.160,
Maharashtra,2022,West,33383,15224,27239,MoRTH_Primary_Dataset_3.xlsx,Maharashtra,625023,469655,DIRECT,NONE,HIGH,JOINED,BRSI Annexure 2.1.2 PDF p.160,
Manipur,2022,Northeast,508,127,817,MoRTH_Primary_Dataset_3.xlsx,Manipur,32783,19339,DIRECT,NONE,HIGH,JOINED,BRSI Annexure 2.1.2 PDF p.160,
Meghalaya,2022,Northeast,246,162,310,MoRTH_Primary_Dataset_3.xlsx,Meghalaya,54495,27860,DIRECT,NONE,HIGH,JOINED,BRSI Annexure 2.1.2 PDF p.160,
Mizoram,2022,Northeast,133,113,107,MoRTH_Primary_Dataset_3.xlsx,Mizoram,19904,12036,DIRECT,NONE,HIGH,JOINED,BRSI Annexure 2.1.2 PDF p.160,
Nagaland,2022,Northeast,489,73,291,MoRTH_Primary_Dataset_3.xlsx,Nagaland,38081,19282,DIRECT,NONE,HIGH,JOINED,BRSI Annexure 2.1.2 PDF p.160,
Odisha,2022,East,11663,5467,10302,MoRTH_Primary_Dataset_3.xlsx,Odisha,310038,221030,DIRECT,NONE,HIGH,JOINED,BRSI Annexure 2.1.2 PDF p.160,
Punjab,2022,North,6138,4756,3324,MoRTH_Primary_Dataset_3.xlsx,Punjab,152079,139820,DIRECT,NONE,HIGH,JOINED,BRSI Annexure 2.1.2 PDF p.160,
Rajasthan,2022,North,23614,11104,22293,MoRTH_Primary_Dataset_3.xlsx,Rajasthan,286292,252561,DIRECT,NONE,HIGH,JOINED,BRSI Annexure 2.1.2 PDF p.160,
Sikkim,2022,Northeast,211,92,354,MoRTH_Primary_Dataset_3.xlsx,Sikkim,12633,9893,DIRECT,NONE,HIGH,JOINED,BRSI Annexure 2.1.2 PDF p.160,
Tamil Nadu,2022,South,64105,17884,67703,MoRTH_Primary_Dataset_3.xlsx,Tamilnadu,282925,236792,DIRECT,RENAME_Tamilnadu,HIGH,JOINED,BRSI Annexure 2.1.2 PDF p.160,
Telangana,2022,South,21619,7559,20209,MoRTH_Primary_Dataset_3.xlsx,Telangana,142714,107823,DIRECT,NONE,HIGH,JOINED,BRSI Annexure 2.1.2 PDF p.160,
Tripura,2022,Northeast,575,241,541,MoRTH_Primary_Dataset_3.xlsx,Tripura,28579,22294,DIRECT,NONE,HIGH,JOINED,BRSI Annexure 2.1.2 PDF p.160,
Uttarakhand,2022,North,1674,1042,1613,MoRTH_Primary_Dataset_3.xlsx,Uttarakhand,66004,48597,DIRECT,NONE,HIGH,JOINED,BRSI Annexure 2.1.2 PDF p.160,
Uttar Pradesh,2022,North,41746,22595,28541,MoRTH_Primary_Dataset_3.xlsx,Uttar Pradesh,504468,434202,DIRECT,NONE,HIGH,JOINED,BRSI Annexure 2.1.2 PDF p.160,
West Bengal,2022,East,13686,6002,12843,MoRTH_Primary_Dataset_3.xlsx,West Bengal,286395,202658,DIRECT,NONE,HIGH,JOINED,BRSI Annexure 2.1.2 PDF p.160,
Andaman & Nicobar Islands,2022,South,141,19,136,MoRTH_Primary_Dataset_3.xlsx,A & N Islands,1909,1801,DIRECT,RENAME_A & N Islands,HIGH,JOINED,BRSI Annexure 2.1.2 PDF p.160,
Chandigarh,2022,North,237,83,203,MoRTH_Primary_Dataset_3.xlsx,Chandigarh,2994,2994,DIRECT,NONE,HIGH,JOINED,BRSI Annexure 2.1.2 PDF p.160,
Dadra & Nagar Haveli and Daman & Diu,2022,West,196,90,273,MoRTH_Primary_Dataset_3.xlsx,Dadra & Nagar Haveli + Daman & Diu,1459,1459,SUM,DNH_PLUS_DAMAN_DIU,MEDIUM,JOINED_WITH_TRANSFORMATION,BRSI Annexure 2.1.2 + Annexure 2.1.2,Arithmetic sum; not source-published
Delhi,2022,North,5652,1461,5201,MoRTH_Primary_Dataset_3.xlsx,Delhi,17845,17748,DIRECT,NONE,HIGH,JOINED,BRSI Annexure 2.1.2 PDF p.160,
Jammu & Kashmir,2022,North,6092,805,8372,MoRTH_Primary_Dataset_3.xlsx,Jammu And Kashmir,122150,86351,DIRECT,NONE,MEDIUM,UNRESOLVED,BRSI Annexure 2.1.2,"BRSI J&K composition note not located — kept UNRESOLVED per Phase 2D rule; values preserved, not usable"
Ladakh,2022,North,374,62,346,MoRTH_Primary_Dataset_3.xlsx,Ladakh,6104,4763,DIRECT,NONE,MEDIUM,UNRESOLVED,BRSI Annexure 2.1.2,"BRSI J&K composition note not located — kept UNRESOLVED per Phase 2D rule; values preserved, not usable"
Lakshadweep,2022,South,3,2,2,MoRTH_Primary_Dataset_3.xlsx,Lakshadweep,223,223,DIRECT,NONE,HIGH,JOINED,BRSI Annexure 2.1.2 PDF p.160,
Puducherry,2022,South,1181,181,1282,MoRTH_Primary_Dataset_3.xlsx,Puducherry,5601,5120,DIRECT,NONE,HIGH,JOINED,BRSI Annexure 2.1.2 PDF p.160,
