State_UT,Year,Zone,Accidents,Fatalities,Injured,Source_Accident,Population_Source_Entity,Population_Source_Thousands,Population_Persons,Population_Unit,Population_Is_Projection,Population_Join_Type,Population_Geography_Transformation,Population_Join_Confidence,Population_Join_Status,Source_Population,Notes,Sev100,Sev1,AccLakh,FatLakh,Injury_Data_Status,Data_Quality_Flag,Inj_per100acc,Inj_perlakh
Andhra Pradesh,2018,South,24475,7556,23456.0,MoRTH_Primary_Dataset_3.xlsx,ANDHRA PRADESH,52032,52032000,persons,True,DIRECT,NONE,HIGH,JOINED,"RGI Table 11 (1 July), PDF p.94",,30.87231869254341,0.3087231869254341,47.03836100861009,14.521832718327184,VERIFIED,OK,95.83656792645556,45.079950799508
Arunachal Pradesh,2018,Northeast,277,175,323.0,MoRTH_Primary_Dataset_3.xlsx,ARUNACHAL PRADESH,1493,1493000,persons,True,DIRECT,NONE,HIGH,JOINED,"RGI Table 11 (1 July), PDF p.97",,63.1768953068592,0.631768953068592,18.55324849296718,11.721366376423308,VERIFIED,OK,116.60649819494584,21.63429336905559
Assam,2018,Northeast,8248,2966,7375.0,MoRTH_Primary_Dataset_3.xlsx,ASSAM,34043,34043000,persons,True,DIRECT,NONE,HIGH,JOINED,"RGI Table 11 (1 July), PDF p.92",,35.960232783705145,0.3596023278370514,24.228182005111183,8.71251064829774,VERIFIED,OK,89.41561590688652,21.663778162911612
Bihar,2018,East,9600,6729,6679.0,MoRTH_Primary_Dataset_3.xlsx,BIHAR,118333,118333000,persons,True,DIRECT,NONE,HIGH,JOINED,"RGI Table 11 (1 July), PDF p.91",,70.09375,0.7009375,8.112698909011012,5.686494891534906,VERIFIED,OK,69.57291666666666,5.644241251383807
Chhattisgarh,2018,Central,13864,4592,12715.0,MoRTH_Primary_Dataset_3.xlsx,CHHATTISGARH,28468,28468000,persons,True,DIRECT,NONE,HIGH,JOINED,"RGI Table 11 (1 July), PDF p.93",,33.121754183496826,0.33121754183496827,48.700295068146694,16.130392019109177,VERIFIED,OK,91.71234852856318,44.66418434733736
Goa,2018,West,3709,262,1549.0,MoRTH_Primary_Dataset_3.xlsx,GOA,1534,1534000,persons,True,DIRECT,NONE,HIGH,JOINED,"RGI Table 11 (1 July), PDF p.99",,7.063898624966298,0.07063898624966299,241.78617992177314,17.079530638852674,VERIFIED,OK,41.76327851172823,100.97783572359843
Gujarat,2018,West,18769,7996,17467.0,MoRTH_Primary_Dataset_3.xlsx,GUJARAT,67319,67319000,persons,True,DIRECT,NONE,HIGH,JOINED,"RGI Table 11 (1 July), PDF p.94",,42.6021631413501,0.42602163141350097,27.880687473075948,11.877775962209776,VERIFIED,OK,93.06302946347701,25.946612397688618
Haryana,2018,North,11238,5118,10020.0,MoRTH_Primary_Dataset_3.xlsx,HARYANA,28401,28401000,persons,True,DIRECT,NONE,HIGH,JOINED,"RGI Table 11 (1 July), PDF p.90",,45.54191137213027,0.4554191137213027,39.56902925953311,18.020492236188865,VERIFIED,OK,89.16177255739456,35.28044787155382
Himachal Pradesh,2018,North,3110,1208,5551.0,MoRTH_Primary_Dataset_3.xlsx,HIMACHAL PRADESH,7268,7268000,persons,True,DIRECT,NONE,HIGH,JOINED,"RGI Table 11 (1 July), PDF p.89",,38.842443729903536,0.38842443729903536,42.790313703907536,16.62080352228949,VERIFIED,OK,178.4887459807074,76.37589433131535
Jharkhand,2018,East,5394,3542,3975.0,MoRTH_Primary_Dataset_3.xlsx,JHARKHAND,37047,37047000,persons,True,DIRECT,NONE,HIGH,JOINED,"RGI Table 11 (1 July), PDF p.92",,65.66555431961439,0.6566555431961438,14.559883391367721,9.560828137231086,VERIFIED,OK,73.69299221357063,10.729613733905579
Karnataka,2018,South,41707,10990,51562.0,MoRTH_Primary_Dataset_3.xlsx,KARNATAKA,65450,65450000,persons,True,DIRECT,NONE,HIGH,JOINED,"RGI Table 11 (1 July), PDF p.95",,26.350492723044095,0.26350492723044094,63.72345301757067,16.79144385026738,VERIFIED,OK,123.6291270050591,78.7807486631016
Kerala,2018,South,40181,4303,45458.0,MoRTH_Primary_Dataset_3.xlsx,KERALA,35003,35003000,persons,True,DIRECT,NONE,HIGH,JOINED,"RGI Table 11 (1 July), PDF p.95",,10.709041586819641,0.10709041586819641,114.79301774133646,12.29323200868497,VERIFIED,OK,113.13307284537468,129.86886838271005
Madhya Pradesh,2018,Central,51397,10706,54662.0,MoRTH_Primary_Dataset_3.xlsx,MADHYA PRADESH,81471,81471000,persons,True,DIRECT,NONE,HIGH,JOINED,"RGI Table 11 (1 July), PDF p.93",,20.830009533630367,0.20830009533630367,63.08625154963116,13.140872212198204,VERIFIED,OK,106.3525108469366,67.09381252224718
Maharashtra,2018,West,35717,13261,31365.0,MoRTH_Primary_Dataset_3.xlsx,MAHARASHTRA,121391,121391000,persons,True,DIRECT,NONE,HIGH,JOINED,"RGI Table 11 (1 July), PDF p.94",,37.1279782736512,0.371279782736512,29.423103854486744,10.924203606527668,VERIFIED,OK,87.81532603522132,25.837994579499302
Manipur,2018,Northeast,601,134,1042.0,MoRTH_Primary_Dataset_3.xlsx,MANIPUR,3080,3080000,persons,True,DIRECT,NONE,HIGH,JOINED,"RGI Table 11 (1 July), PDF p.97",,22.296173044925123,0.22296173044925124,19.512987012987015,4.35064935064935,VERIFIED,OK,173.37770382695507,33.83116883116883
Meghalaya,2018,Northeast,399,182,205.0,MoRTH_Primary_Dataset_3.xlsx,MEGHALAYA,3200,3200000,persons,True,DIRECT,NONE,HIGH,JOINED,"RGI Table 11 (1 July), PDF p.98",,45.614035087719294,0.45614035087719296,12.468749999999998,5.6875,VERIFIED,OK,51.37844611528822,6.406250000000001
Mizoram,2018,Northeast,53,45,80.0,MoRTH_Primary_Dataset_3.xlsx,MIZORAM,1184,1184000,persons,True,DIRECT,NONE,HIGH,JOINED,"RGI Table 11 (1 July), PDF p.98",,84.90566037735849,0.8490566037735849,4.476351351351352,3.8006756756756754,VERIFIED,OK,150.9433962264151,6.756756756756757
Nagaland,2018,Northeast,430,39,335.0,MoRTH_Primary_Dataset_3.xlsx,NAGALAND,2134,2134000,persons,True,DIRECT,NONE,HIGH,JOINED,"RGI Table 11 (1 July), PDF p.97",,9.069767441860465,0.09069767441860466,20.14995313964386,1.8275538894095593,VERIFIED,OK,77.90697674418605,15.69821930646673
Odisha,2018,East,11262,5315,11794.0,MoRTH_Primary_Dataset_3.xlsx,ODISHA,44774,44774000,persons,True,DIRECT,NONE,HIGH,JOINED,"RGI Table 11 (1 July), PDF p.93",,47.19410406677322,0.4719410406677322,25.152990574887212,11.870728547817931,VERIFIED,OK,104.72385011543244,26.34118014919373
Punjab,2018,North,6428,4740,3384.0,MoRTH_Primary_Dataset_3.xlsx,PUNJAB,29699,29699000,persons,True,DIRECT,NONE,HIGH,JOINED,"RGI Table 11 (1 July), PDF p.90",,73.73988799004356,0.7373988799004356,21.643826391460994,15.960133337822823,VERIFIED,OK,52.64467952706907,11.394323041179838
Rajasthan,2018,North,21743,10320,21547.0,MoRTH_Primary_Dataset_3.xlsx,RAJASTHAN,76592,76592000,persons,True,DIRECT,NONE,HIGH,JOINED,"RGI Table 11 (1 July), PDF p.91",,47.46355148783516,0.47463551487835165,28.388082306246083,13.473992061834133,VERIFIED,OK,99.0985604562388,28.132180906622104
Sikkim,2018,Northeast,180,85,370.0,MoRTH_Primary_Dataset_3.xlsx,SIKKIM,659,659000,persons,True,DIRECT,NONE,HIGH,JOINED,"RGI Table 11 (1 July), PDF p.96",,47.22222222222222,0.4722222222222222,27.31411229135053,12.898330804248863,VERIFIED,OK,205.55555555555554,56.14567526555387
Tamil Nadu,2018,South,67279,18392,69834.0,MoRTH_Primary_Dataset_3.xlsx,TAMIL NADU,75460,75460000,persons,True,DIRECT,NONE,HIGH,JOINED,"RGI Table 11 (1 July), PDF p.95",,27.336910477266308,0.2733691047726631,89.15849456665784,24.3731778425656,VERIFIED,OK,103.79761887067286,92.54439438112907
Telangana,2018,South,22230,6603,23613.0,MoRTH_Primary_Dataset_3.xlsx,TELANGANA,37030,37030000,persons,True,DIRECT,NONE,HIGH,JOINED,"RGI Table 11 (1 July), PDF p.101",,29.70310391363023,0.2970310391363023,60.032406157169866,17.831487982716716,VERIFIED,OK,106.221322537112,63.76721577099649
Tripura,2018,Northeast,552,213,741.0,MoRTH_Primary_Dataset_3.xlsx,TRIPURA,3963,3963000,persons,True,DIRECT,NONE,HIGH,JOINED,"RGI Table 11 (1 July), PDF p.98",,38.58695652173913,0.3858695652173913,13.92884178652536,5.374716124148373,VERIFIED,OK,134.23913043478262,18.69795609386828
Uttarakhand,2018,North,1468,1047,1571.0,MoRTH_Primary_Dataset_3.xlsx,UTTARAKHAND,11055,11055000,persons,True,DIRECT,NONE,HIGH,JOINED,"RGI Table 11 (1 July), PDF p.96",,71.32152588555857,0.7132152588555858,13.279059249208503,9.470827679782904,VERIFIED,OK,107.01634877384197,14.210764360018093
Uttar Pradesh,2018,North,42568,22256,29664.0,MoRTH_Primary_Dataset_3.xlsx,UTTAR PRADESH,223003,223003000,persons,True,DIRECT,NONE,HIGH,JOINED,"RGI Table 11 (1 July), PDF p.91",,52.28340537492953,0.5228340537492953,19.088532441267606,9.980134796392873,VERIFIED,OK,69.68614922007141,13.302063200943486
West Bengal,2018,East,12705,5711,11997.0,MoRTH_Primary_Dataset_3.xlsx,WEST BENGAL,96500,96500000,persons,True,DIRECT,NONE,HIGH,JOINED,"RGI Table 11 (1 July), PDF p.92",,44.950806768988585,0.4495080676898859,13.165803108808289,5.918134715025907,VERIFIED,OK,94.42739079102715,12.432124352331606
Andaman & Nicobar Islands,2018,South,254,19,260.0,MoRTH_Primary_Dataset_3.xlsx,ANDAMAN & NICOBAR ISLANDS,396,396000,persons,True,DIRECT,NONE,HIGH,JOINED,"RGI Table 11 (1 July), PDF p.100",,7.480314960629922,0.07480314960629922,64.14141414141415,4.797979797979798,VERIFIED,OK,102.36220472440945,65.65656565656566
Chandigarh,2018,North,316,98,300.0,MoRTH_Primary_Dataset_3.xlsx,CHANDIGARH,1170,1170000,persons,True,DIRECT,NONE,HIGH,JOINED,"RGI Table 11 (1 July), PDF p.96",,31.0126582278481,0.310126582278481,27.00854700854701,8.376068376068377,VERIFIED,OK,94.9367088607595,25.641025641025642
Dadra & Nagar Haveli,2018,West,80,54,66.0,MoRTH_Primary_Dataset_3.xlsx,DADRA & NAGAR HAVELI,525,525000,persons,True,DIRECT,NONE,HIGH,JOINED,"RGI Table 11 (1 July), PDF p.99",,67.5,0.675,15.238095238095237,10.285714285714286,VERIFIED,OK,82.5,12.571428571428573
Daman & Diu,2018,West,76,35,94.0,MoRTH_Primary_Dataset_3.xlsx,DAMAN & DIU,395,395000,persons,True,DIRECT,NONE,HIGH,JOINED,"RGI Table 11 (1 July), PDF p.99",,46.05263157894737,0.4605263157894737,19.240506329113924,8.860759493670887,VERIFIED,OK,123.6842105263158,23.79746835443038
Delhi,2018,North,6515,1690,6086.0,MoRTH_Primary_Dataset_3.xlsx,NCT OF DELHI,19561,19561000,persons,True,DIRECT,RENAME_NCT OF DELHI,HIGH,JOINED,"RGI Table 11 (1 July), PDF p.90",,25.940138142747504,0.25940138142747504,33.306068196922446,8.639640100199376,VERIFIED,OK,93.41519570222563,31.112928786871837
Jammu & Kashmir,2018,North,5978,984,7845.0,MoRTH_Primary_Dataset_3.xlsx,JAMMU & KASHMIR (UT),13135,13135000,persons,True,DIRECT,JAMMU_KASHMIR_DIRECT,HIGH,JOINED,"RGI Table 11 (1 July), PDF p.89",,16.460354633656742,0.1646035463365674,45.51199086410354,7.4914350970689005,VERIFIED,OK,131.23118099698897,59.7259231062048
Lakshadweep,2018,South,3,1,3.0,MoRTH_Primary_Dataset_3.xlsx,LAKSHADWEEP,67,67000,persons,True,DIRECT,NONE,HIGH,JOINED,"RGI Table 11 (1 July), PDF p.100",,33.33333333333333,0.3333333333333333,4.477611940298508,1.492537313432836,VERIFIED,OK,100.0,4.477611940298508
Puducherry,2018,South,1597,226,1727.0,MoRTH_Primary_Dataset_3.xlsx,PUDUCHERRY,1481,1481000,persons,True,DIRECT,NONE,HIGH,JOINED,"RGI Table 11 (1 July), PDF p.100",,14.151534126487164,0.14151534126487164,107.83254557731263,15.25995948683322,VERIFIED,OK,108.14026299311207,116.61039837947334
Andhra Pradesh,2019,South,21992,7984,24619.0,MoRTH_Primary_Dataset_3.xlsx,ANDHRA PRADESH,52315,52315000,persons,True,DIRECT,NONE,HIGH,JOINED,"RGI Table 11 (1 July), PDF p.94",,36.304110585667516,0.36304110585667515,42.037656503870785,15.261397304788304,VERIFIED,OK,111.94525281920697,47.05916085252795
Arunachal Pradesh,2019,Northeast,237,127,309.0,MoRTH_Primary_Dataset_3.xlsx,ARUNACHAL PRADESH,1507,1507000,persons,True,DIRECT,NONE,HIGH,JOINED,"RGI Table 11 (1 July), PDF p.97",,53.58649789029536,0.5358649789029536,15.726609157266092,8.42733908427339,VERIFIED,OK,130.37974683544306,20.504313205043132
Assam,2019,Northeast,8350,3208,7473.0,MoRTH_Primary_Dataset_3.xlsx,ASSAM,34418,34418000,persons,True,DIRECT,NONE,HIGH,JOINED,"RGI Table 11 (1 July), PDF p.92",,38.41916167664671,0.38419161676646707,24.2605613341856,9.320704282642804,VERIFIED,OK,89.49700598802394,21.71247602998431
Bihar,2019,East,10007,7205,7206.0,MoRTH_Primary_Dataset_3.xlsx,BIHAR,120114,120114000,persons,True,DIRECT,NONE,HIGH,JOINED,"RGI Table 11 (1 July), PDF p.91",,71.99960027980413,0.7199960027980413,8.331251977288243,5.998468121950813,VERIFIED,OK,72.00959328470071,5.99930066436885
Chhattisgarh,2019,Central,13899,5003,13090.0,MoRTH_Primary_Dataset_3.xlsx,CHHATTISGARH,28852,28852000,persons,True,DIRECT,NONE,HIGH,JOINED,"RGI Table 11 (1 July), PDF p.93",,35.995395352183614,0.3599539535218361,48.17343685013171,17.340219048939417,VERIFIED,OK,94.17943736959494,45.369471787051154
Goa,2019,West,3440,297,1448.0,MoRTH_Primary_Dataset_3.xlsx,GOA,1543,1543000,persons,True,DIRECT,NONE,HIGH,JOINED,"RGI Table 11 (1 July), PDF p.99",,8.633720930232558,0.08633720930232558,222.94232015554115,19.248217757615034,VERIFIED,OK,42.093023255813954,93.84316267012314
Gujarat,2019,West,17046,7390,16258.0,MoRTH_Primary_Dataset_3.xlsx,GUJARAT,68245,68245000,persons,True,DIRECT,NONE,HIGH,JOINED,"RGI Table 11 (1 July), PDF p.94",,43.35327936172709,0.43353279361727093,24.977654040589055,10.828632134222287,VERIFIED,OK,95.3772145957996,23.822990695289032
Haryana,2019,North,10944,5057,9362.0,MoRTH_Primary_Dataset_3.xlsx,HARYANA,28807,28807000,persons,True,DIRECT,NONE,HIGH,JOINED,"RGI Table 11 (1 July), PDF p.90",,46.20796783625731,0.4620796783625731,37.9907661332315,17.554760995591348,VERIFIED,OK,85.54459064327486,32.4990453709168
Himachal Pradesh,2019,North,2873,1146,4904.0,MoRTH_Primary_Dataset_3.xlsx,HIMACHAL PRADESH,7315,7315000,persons,True,DIRECT,NONE,HIGH,JOINED,"RGI Table 11 (1 July), PDF p.89",,39.888618169161155,0.39888618169161155,39.275461380724536,15.66643882433356,VERIFIED,OK,170.69265576052905,67.04032809295967
Jharkhand,2019,East,5217,3801,3818.0,MoRTH_Primary_Dataset_3.xlsx,JHARKHAND,37581,37581000,persons,True,DIRECT,NONE,HIGH,JOINED,"RGI Table 11 (1 July), PDF p.92",,72.85796434732606,0.7285796434732605,13.882014847928476,10.114153428594237,VERIFIED,OK,73.18382211999234,10.159389052978899
Karnataka,2019,South,40658,10958,50447.0,MoRTH_Primary_Dataset_3.xlsx,KARNATAKA,65973,65973000,persons,True,DIRECT,NONE,HIGH,JOINED,"RGI Table 11 (1 July), PDF p.95",,26.951645432633185,0.26951645432633187,61.62824185651706,16.60982523153411,VERIFIED,OK,124.07644252053716,76.46613008351902
Kerala,2019,South,41111,4440,46055.0,MoRTH_Primary_Dataset_3.xlsx,KERALA,35186,35186000,persons,True,DIRECT,NONE,HIGH,JOINED,"RGI Table 11 (1 July), PDF p.95",,10.800029189268079,0.10800029189268079,116.83908372648213,12.61865514693344,VERIFIED,OK,112.0259784485904,130.89012675495934
Madhya Pradesh,2019,Central,50669,11249,52816.0,MoRTH_Primary_Dataset_3.xlsx,MADHYA PRADESH,82613,82613000,persons,True,DIRECT,NONE,HIGH,JOINED,"RGI Table 11 (1 July), PDF p.93",,22.200951271980895,0.22200951271980895,61.33296212460508,13.616501034946072,VERIFIED,OK,104.23730486096035,63.93182671008195
Maharashtra,2019,West,32925,12788,28628.0,MoRTH_Primary_Dataset_3.xlsx,MAHARASHTRA,122533,122533000,persons,True,DIRECT,NONE,HIGH,JOINED,"RGI Table 11 (1 July), PDF p.94",,38.839787395596055,0.38839787395596054,26.870312487248334,10.43637224257955,VERIFIED,OK,86.94912680334093,23.363502076991505
Manipur,2019,Northeast,672,156,1055.0,MoRTH_Primary_Dataset_3.xlsx,MANIPUR,3111,3111000,persons,True,DIRECT,NONE,HIGH,JOINED,"RGI Table 11 (1 July), PDF p.97",,23.214285714285715,0.23214285714285715,21.600771456123436,5.014464802314368,VERIFIED,OK,156.99404761904762,33.911925425908066
Meghalaya,2019,Northeast,482,179,222.0,MoRTH_Primary_Dataset_3.xlsx,MEGHALAYA,3232,3232000,persons,True,DIRECT,NONE,HIGH,JOINED,"RGI Table 11 (1 July), PDF p.98",,37.136929460580916,0.37136929460580914,14.913366336633663,5.538366336633664,VERIFIED,OK,46.058091286307054,6.868811881188118
Mizoram,2019,Northeast,62,48,56.0,MoRTH_Primary_Dataset_3.xlsx,MIZORAM,1195,1195000,persons,True,DIRECT,NONE,HIGH,JOINED,"RGI Table 11 (1 July), PDF p.98",,77.41935483870968,0.7741935483870968,5.1882845188284525,4.01673640167364,VERIFIED,OK,90.32258064516128,4.686192468619247
Nagaland,2019,Northeast,358,26,246.0,MoRTH_Primary_Dataset_3.xlsx,NAGALAND,2155,2155000,persons,True,DIRECT,NONE,HIGH,JOINED,"RGI Table 11 (1 July), PDF p.97",,7.262569832402235,0.07262569832402235,16.612529002320187,1.2064965197215778,VERIFIED,OK,68.71508379888269,11.415313225058005
Odisha,2019,East,11064,5333,11177.0,MoRTH_Primary_Dataset_3.xlsx,ODISHA,45119,45119000,persons,True,DIRECT,NONE,HIGH,JOINED,"RGI Table 11 (1 July), PDF p.93",,48.20137382501808,0.4820137382501808,24.521820075799553,11.819854163434474,VERIFIED,OK,101.02133044107013,24.772268888938143
Punjab,2019,North,6348,4525,3812.0,MoRTH_Primary_Dataset_3.xlsx,PUNJAB,29939,29939000,persons,True,DIRECT,NONE,HIGH,JOINED,"RGI Table 11 (1 July), PDF p.90",,71.28229363579081,0.712822936357908,21.203112996426064,15.11406526604095,VERIFIED,OK,60.050409577819785,12.73255619760179
Rajasthan,2019,North,23480,10563,22979.0,MoRTH_Primary_Dataset_3.xlsx,RAJASTHAN,77601,77601000,persons,True,DIRECT,NONE,HIGH,JOINED,"RGI Table 11 (1 July), PDF p.91",,44.987223168654175,0.4498722316865417,30.257342044561284,13.611937990489812,VERIFIED,OK,97.86626916524702,29.6117318075798
Sikkim,2019,Northeast,162,73,318.0,MoRTH_Primary_Dataset_3.xlsx,SIKKIM,665,665000,persons,True,DIRECT,NONE,HIGH,JOINED,"RGI Table 11 (1 July), PDF p.96",,45.06172839506173,0.4506172839506173,24.360902255639097,10.977443609022556,VERIFIED,OK,196.2962962962963,47.81954887218045
Tamil Nadu,2019,South,62685,18129,63132.0,MoRTH_Primary_Dataset_3.xlsx,TAMIL NADU,75813,75813000,persons,True,DIRECT,NONE,HIGH,JOINED,"RGI Table 11 (1 July), PDF p.95",,28.92079444843264,0.2892079444843264,82.68370859878912,23.912785406196825,VERIFIED,OK,100.71308925580283,83.27331724110641
Telangana,2019,South,21570,6964,21999.0,MoRTH_Primary_Dataset_3.xlsx,TELANGANA,37283,37283000,persons,True,DIRECT,NONE,HIGH,JOINED,"RGI Table 11 (1 July), PDF p.101",,32.28558182661103,0.3228558182661103,57.85478636375828,18.678754392082183,VERIFIED,OK,101.98887343532684,59.00544484081216
Tripura,2019,Northeast,655,239,816.0,MoRTH_Primary_Dataset_3.xlsx,TRIPURA,4002,4002000,persons,True,DIRECT,NONE,HIGH,JOINED,"RGI Table 11 (1 July), PDF p.98",,36.48854961832061,0.3648854961832061,16.366816591704147,5.9720139930034986,VERIFIED,OK,124.58015267175573,20.389805097451273
Uttarakhand,2019,North,1352,867,1457.0,MoRTH_Primary_Dataset_3.xlsx,UTTARAKHAND,11184,11184000,persons,True,DIRECT,NONE,HIGH,JOINED,"RGI Table 11 (1 July), PDF p.96",,64.12721893491124,0.6412721893491125,12.088698140200286,7.752145922746781,VERIFIED,OK,107.76627218934911,13.027539341917024
Uttar Pradesh,2019,North,42572,22655,28932.0,MoRTH_Primary_Dataset_3.xlsx,UTTAR PRADESH,225967,225967000,persons,True,DIRECT,NONE,HIGH,JOINED,"RGI Table 11 (1 July), PDF p.91",,53.21572864793761,0.5321572864793761,18.83991910323189,10.025800227466842,VERIFIED,OK,67.96016160856901,12.803639469480057
West Bengal,2019,East,12658,5767,11761.0,MoRTH_Primary_Dataset_3.xlsx,WEST BENGAL,97109,97109000,persons,True,DIRECT,NONE,HIGH,JOINED,"RGI Table 11 (1 July), PDF p.92",,45.56012008216148,0.4556012008216148,13.034837141768529,5.938687454303927,VERIFIED,OK,92.913572444304,12.111132850714146
Andaman & Nicobar Islands,2019,South,230,20,207.0,MoRTH_Primary_Dataset_3.xlsx,ANDAMAN & NICOBAR ISLANDS,398,398000,persons,True,DIRECT,NONE,HIGH,JOINED,"RGI Table 11 (1 July), PDF p.100",,8.695652173913043,0.08695652173913043,57.78894472361809,5.025125628140704,VERIFIED,OK,90.0,52.01005025125628
Chandigarh,2019,North,305,104,275.0,MoRTH_Primary_Dataset_3.xlsx,CHANDIGARH,1184,1184000,persons,True,DIRECT,NONE,HIGH,JOINED,"RGI Table 11 (1 July), PDF p.96",,34.0983606557377,0.34098360655737703,25.760135135135137,8.783783783783784,VERIFIED,OK,90.1639344262295,23.22635135135135
Dadra & Nagar Haveli,2019,West,68,49,105.0,MoRTH_Primary_Dataset_3.xlsx,DADRA & NAGAR HAVELI,556,556000,persons,True,DIRECT,NONE,HIGH,JOINED,"RGI Table 11 (1 July), PDF p.99",,72.05882352941177,0.7205882352941176,12.23021582733813,8.812949640287771,VERIFIED,OK,154.41176470588235,18.884892086330936
Daman & Diu,2019,West,69,28,74.0,MoRTH_Primary_Dataset_3.xlsx,DAMAN & DIU,423,423000,persons,True,DIRECT,NONE,HIGH,JOINED,"RGI Table 11 (1 July), PDF p.99",,40.57971014492754,0.4057971014492754,16.31205673758865,6.619385342789599,VERIFIED,OK,107.24637681159422,17.494089834515368
Delhi,2019,North,5610,1463,5152.0,MoRTH_Primary_Dataset_3.xlsx,NCT OF DELHI,19940,19940000,persons,True,DIRECT,RENAME_NCT OF DELHI,HIGH,JOINED,"RGI Table 11 (1 July), PDF p.90",,26.078431372549023,0.2607843137254902,28.13440320962889,7.337011033099298,VERIFIED,OK,91.83600713012477,25.83751253761284
Jammu & Kashmir,2019,North,5796,996,7532.0,MoRTH_Primary_Dataset_3.xlsx,JAMMU & KASHMIR (UT),13237,13237000,persons,True,DIRECT,JAMMU_KASHMIR_DIRECT,HIGH,JOINED,"RGI Table 11 (1 July), PDF p.89",,17.184265010351968,0.17184265010351968,43.78635642517187,7.524363526478809,VERIFIED,OK,129.95169082125605,56.90111052353252
Lakshadweep,2019,South,1,0,1.0,MoRTH_Primary_Dataset_3.xlsx,LAKSHADWEEP,68,68000,persons,True,DIRECT,NONE,HIGH,JOINED,"RGI Table 11 (1 July), PDF p.100",,0.0,0.0,1.4705882352941178,0.0,VERIFIED,OK,100.0,1.4705882352941178
Puducherry,2019,South,1392,147,1619.0,MoRTH_Primary_Dataset_3.xlsx,PUDUCHERRY,1515,1515000,persons,True,DIRECT,NONE,HIGH,JOINED,"RGI Table 11 (1 July), PDF p.100",,10.560344827586206,0.10560344827586207,91.88118811881189,9.702970297029703,VERIFIED,OK,116.30747126436782,106.86468646864687
Andhra Pradesh,2020,South,19509,7039,19675.0,MoRTH_Primary_Dataset_3.xlsx,ANDHRA PRADESH,52599,52599000,persons,True,DIRECT,NONE,HIGH,JOINED,"RGI Table 11 (1 July), PDF p.94",,36.08078322825363,0.36080783228253627,37.090058746364,13.382383695507519,VERIFIED,OK,100.8508893331283,37.405654099887826
Arunachal Pradesh,2020,Northeast,134,73,185.0,MoRTH_Primary_Dataset_3.xlsx,ARUNACHAL PRADESH,1522,1522000,persons,True,DIRECT,NONE,HIGH,JOINED,"RGI Table 11 (1 July), PDF p.97",,54.47761194029851,0.5447761194029851,8.804204993429698,4.7963206307490145,VERIFIED,OK,138.05970149253733,12.155059132720105
Assam,2020,Northeast,6595,2629,5269.0,MoRTH_Primary_Dataset_3.xlsx,ASSAM,34793,34793000,persons,True,DIRECT,NONE,HIGH,JOINED,"RGI Table 11 (1 July), PDF p.92",,39.86353297952995,0.3986353297952995,18.954962205041245,7.556117609864053,VERIFIED,OK,79.89385898407885,15.143850774581095
Bihar,2020,East,8639,6699,7016.0,MoRTH_Primary_Dataset_3.xlsx,BIHAR,121895,121895000,persons,True,DIRECT,NONE,HIGH,JOINED,"RGI Table 11 (1 July), PDF p.91",,77.54369718717444,0.7754369718717444,7.087247220968866,5.495713523934534,VERIFIED,OK,81.21310336844543,5.755773411542721
Chhattisgarh,2020,Central,11656,4606,10505.0,MoRTH_Primary_Dataset_3.xlsx,CHHATTISGARH,29237,29237000,persons,True,DIRECT,NONE,HIGH,JOINED,"RGI Table 11 (1 July), PDF p.93",,39.516129032258064,0.3951612903225806,39.867291445770775,15.754010329377158,VERIFIED,OK,90.12525737817433,35.93049902520778
Goa,2020,West,2375,223,880.0,MoRTH_Primary_Dataset_3.xlsx,GOA,1553,1553000,persons,True,DIRECT,NONE,HIGH,JOINED,"RGI Table 11 (1 July), PDF p.99",,9.389473684210527,0.09389473684210527,152.92981326464906,14.359304571796525,VERIFIED,OK,37.05263157894737,56.664520283322595
Gujarat,2020,West,13398,6170,12002.0,MoRTH_Primary_Dataset_3.xlsx,GUJARAT,69171,69171000,persons,True,DIRECT,NONE,HIGH,JOINED,"RGI Table 11 (1 July), PDF p.94",,46.05164949992536,0.4605164949992536,19.3693889057553,8.91992308915586,VERIFIED,OK,89.58053440812061,17.351202093362826
Haryana,2020,North,9431,4507,7659.0,MoRTH_Primary_Dataset_3.xlsx,HARYANA,29213,29213000,persons,True,DIRECT,NONE,HIGH,JOINED,"RGI Table 11 (1 July), PDF p.90",,47.78920581062454,0.47789205810624535,32.283572382158624,15.428062848731727,VERIFIED,OK,81.2109002226699,26.217779755588264
Himachal Pradesh,2020,North,2239,893,3223.0,MoRTH_Primary_Dataset_3.xlsx,HIMACHAL PRADESH,7362,7362000,persons,True,DIRECT,NONE,HIGH,JOINED,"RGI Table 11 (1 July), PDF p.89",,39.88387673068334,0.39883876730683343,30.412931268676992,12.12985601738658,VERIFIED,OK,143.9481911567664,43.77886443901114
Jharkhand,2020,East,4405,3044,3295.0,MoRTH_Primary_Dataset_3.xlsx,JHARKHAND,38115,38115000,persons,True,DIRECT,NONE,HIGH,JOINED,"RGI Table 11 (1 July), PDF p.92",,69.10329171396141,0.6910329171396141,11.557129738947921,7.9863570772661685,VERIFIED,OK,74.80136208853575,8.644890463072281
Karnataka,2020,South,34178,9760,39492.0,MoRTH_Primary_Dataset_3.xlsx,KARNATAKA,66496,66496000,persons,True,DIRECT,NONE,HIGH,JOINED,"RGI Table 11 (1 July), PDF p.95",,28.55638129791094,0.2855638129791094,51.39858036573629,14.67757459095284,VERIFIED,OK,115.54801334191585,59.3900384985563
Kerala,2020,South,27877,2979,30510.0,MoRTH_Primary_Dataset_3.xlsx,KERALA,35368,35368000,persons,True,DIRECT,NONE,HIGH,JOINED,"RGI Table 11 (1 July), PDF p.95",,10.686228790759406,0.10686228790759407,78.81983714091834,8.422868129382492,VERIFIED,OK,109.44506223768697,86.2644198145216
Madhya Pradesh,2020,Central,45266,11141,46456.0,MoRTH_Primary_Dataset_3.xlsx,MADHYA PRADESH,83755,83755000,persons,True,DIRECT,NONE,HIGH,JOINED,"RGI Table 11 (1 July), PDF p.93",,24.612291786329695,0.24612291786329696,54.045728613217115,13.301892424332875,VERIFIED,OK,102.62890469668184,55.4665393110859
Maharashtra,2020,West,24971,11569,19914.0,MoRTH_Primary_Dataset_3.xlsx,MAHARASHTRA,123676,123676000,persons,True,DIRECT,NONE,HIGH,JOINED,"RGI Table 11 (1 July), PDF p.94",,46.32974250130151,0.4632974250130151,20.19065946505385,9.354280539474109,VERIFIED,OK,79.74850826959273,16.101749733173776
Manipur,2020,Northeast,432,127,663.0,MoRTH_Primary_Dataset_3.xlsx,MANIPUR,3142,3142000,persons,True,DIRECT,NONE,HIGH,JOINED,"RGI Table 11 (1 July), PDF p.97",,29.398148148148145,0.29398148148148145,13.749204328453214,4.042011457670274,VERIFIED,OK,153.47222222222223,21.10120942075111
Meghalaya,2020,Northeast,214,144,220.0,MoRTH_Primary_Dataset_3.xlsx,MEGHALAYA,3264,3264000,persons,True,DIRECT,NONE,HIGH,JOINED,"RGI Table 11 (1 July), PDF p.98",,67.28971962616822,0.6728971962616822,6.556372549019608,4.411764705882353,VERIFIED,OK,102.803738317757,6.740196078431373
Mizoram,2020,Northeast,53,42,68.0,MoRTH_Primary_Dataset_3.xlsx,MIZORAM,1207,1207000,persons,True,DIRECT,NONE,HIGH,JOINED,"RGI Table 11 (1 July), PDF p.98",,79.24528301886792,0.7924528301886793,4.391052195526098,3.47970173985087,VERIFIED,OK,128.30188679245282,5.633802816901409
Nagaland,2020,Northeast,500,53,286.0,MoRTH_Primary_Dataset_3.xlsx,NAGALAND,2177,2177000,persons,True,DIRECT,NONE,HIGH,JOINED,"RGI Table 11 (1 July), PDF p.97",,10.6,0.106,22.967386311437757,2.4345429490124024,VERIFIED,OK,57.199999999999996,13.137344970142397
Odisha,2020,East,9817,4738,8822.0,MoRTH_Primary_Dataset_3.xlsx,ODISHA,45465,45465000,persons,True,DIRECT,NONE,HIGH,JOINED,"RGI Table 11 (1 July), PDF p.93",,48.26321686869716,0.48263216868697156,21.592433740239745,10.421203123281645,VERIFIED,OK,89.86452072934705,19.403937094468272
Punjab,2020,North,5203,3898,2904.0,MoRTH_Primary_Dataset_3.xlsx,PUNJAB,30179,30179000,persons,True,DIRECT,NONE,HIGH,JOINED,"RGI Table 11 (1 July), PDF p.90",,74.91831635594849,0.7491831635594849,17.240465224162495,12.916266277875344,VERIFIED,OK,55.81395348837209,9.622585241393022
Rajasthan,2020,North,19114,9250,16769.0,MoRTH_Primary_Dataset_3.xlsx,RAJASTHAN,78609,78609000,persons,True,DIRECT,NONE,HIGH,JOINED,"RGI Table 11 (1 July), PDF p.91",,48.39384744166579,0.48393847441665794,24.315281965169383,11.767100459234948,VERIFIED,OK,87.73150570262635,21.332162983882252
Sikkim,2020,Northeast,138,47,218.0,MoRTH_Primary_Dataset_3.xlsx,SIKKIM,672,672000,persons,True,DIRECT,NONE,HIGH,JOINED,"RGI Table 11 (1 July), PDF p.96",,34.05797101449276,0.34057971014492755,20.53571428571429,6.9940476190476195,VERIFIED,OK,157.97101449275362,32.44047619047619
Tamil Nadu,2020,South,49844,14527,47618.0,MoRTH_Primary_Dataset_3.xlsx,TAMIL NADU,76167,76167000,persons,True,DIRECT,NONE,HIGH,JOINED,"RGI Table 11 (1 July), PDF p.95",,29.144932188427898,0.29144932188427897,65.4404138275106,19.072564233854557,VERIFIED,OK,95.53406628681486,62.51788832433994
Telangana,2020,South,19172,6882,18661.0,MoRTH_Primary_Dataset_3.xlsx,TELANGANA,37536,37536000,persons,True,DIRECT,NONE,HIGH,JOINED,"RGI Table 11 (1 July), PDF p.101",,35.89609847694555,0.3589609847694555,51.07630008525149,18.334398976982097,VERIFIED,OK,97.3346547047778,49.714940323955666
Tripura,2020,Northeast,466,192,470.0,MoRTH_Primary_Dataset_3.xlsx,TRIPURA,4042,4042000,persons,True,DIRECT,NONE,HIGH,JOINED,"RGI Table 11 (1 July), PDF p.98",,41.201716738197426,0.41201716738197425,11.52894606630381,4.75012370113805,VERIFIED,OK,100.85836909871244,11.627906976744187
Uttarakhand,2020,North,1041,674,854.0,MoRTH_Primary_Dataset_3.xlsx,UTTARAKHAND,11313,11313000,persons,True,DIRECT,NONE,HIGH,JOINED,"RGI Table 11 (1 July), PDF p.96",,64.74543707973103,0.6474543707973103,9.201803235216124,5.957747723857509,VERIFIED,OK,82.03650336215178,7.548837620436665
Uttar Pradesh,2020,North,34243,19149,22410.0,MoRTH_Primary_Dataset_3.xlsx,UTTAR PRADESH,228931,228931000,persons,True,DIRECT,NONE,HIGH,JOINED,"RGI Table 11 (1 July), PDF p.91",,55.920918143854216,0.5592091814385421,14.957782039129693,8.364529050237845,VERIFIED,OK,65.44403235697807,9.78897571757429
West Bengal,2020,East,10863,5128,9715.0,MoRTH_Primary_Dataset_3.xlsx,WEST BENGAL,97719,97719000,persons,True,DIRECT,NONE,HIGH,JOINED,"RGI Table 11 (1 July), PDF p.92",,47.206112491945134,0.47206112491945135,11.116568937463542,5.2477000378636705,VERIFIED,OK,89.4320169382307,9.941771815102488
Andaman & Nicobar Islands,2020,South,141,14,145.0,MoRTH_Primary_Dataset_3.xlsx,ANDAMAN & NICOBAR ISLANDS,399,399000,persons,True,DIRECT,NONE,HIGH,JOINED,"RGI Table 11 (1 July), PDF p.100",,9.929078014184398,0.09929078014184398,35.338345864661655,3.508771929824561,VERIFIED,OK,102.83687943262412,36.340852130325814
Chandigarh,2020,North,159,53,148.0,MoRTH_Primary_Dataset_3.xlsx,CHANDIGARH,1198,1198000,persons,True,DIRECT,NONE,HIGH,JOINED,"RGI Table 11 (1 July), PDF p.96",,33.33333333333333,0.3333333333333333,13.27212020033389,4.424040066777963,VERIFIED,OK,93.08176100628931,12.353923205342236
Dadra & Nagar Haveli and Daman & Diu,2020,West,100,64,119.0,MoRTH_Primary_Dataset_3.xlsx,DADRA & NAGAR HAVELI + DAMAN & DIU,1038,1038000,persons,True,SUM,DNH_PLUS_DAMAN_DIU,MEDIUM,JOINED_WITH_TRANSFORMATION,"RGI Table 11 (1 July), Table-11 pp.93-94",Arithmetic sum of two published projections; not source-published,64.0,0.64,9.633911368015415,6.165703275529864,VERIFIED,TRANSFORMED,119.0,11.464354527938344
Delhi,2020,North,4178,1196,3662.0,MoRTH_Primary_Dataset_3.xlsx,NCT OF DELHI,20319,20319000,persons,True,DIRECT,RENAME_NCT OF DELHI,HIGH,JOINED,"RGI Table 11 (1 July), PDF p.90",,28.6261369076113,0.286261369076113,20.562035533244746,5.886116442738324,VERIFIED,OK,87.64959310674965,18.022540479354298
Jammu & Kashmir,2020,North,4860,728,5894.0,MoRTH_Primary_Dataset_3.xlsx,JAMMU & KASHMIR (UT),13340,13340000,persons,True,DIRECT,JAMMU_KASHMIR_DIRECT,HIGH,JOINED,"RGI Table 11 (1 July), PDF p.89",,14.979423868312757,0.14979423868312758,36.43178410794603,5.457271364317841,VERIFIED,OK,121.27572016460906,44.18290854572714
Lakshadweep,2020,South,1,0,1.0,MoRTH_Primary_Dataset_3.xlsx,LAKSHADWEEP,68,68000,persons,True,DIRECT,NONE,HIGH,JOINED,"RGI Table 11 (1 July), PDF p.100",,0.0,0.0,1.4705882352941178,0.0,VERIFIED,OK,100.0,1.4705882352941178
Puducherry,2020,South,969,145,1019.0,MoRTH_Primary_Dataset_3.xlsx,PUDUCHERRY,1549,1549000,persons,True,DIRECT,NONE,HIGH,JOINED,"RGI Table 11 (1 July), PDF p.100",,14.963880288957688,0.14963880288957687,62.55648805681084,9.360877985797288,VERIFIED,OK,105.15995872033024,65.7843770174306
Andhra Pradesh,2021,South,21556,8186,21040.0,MoRTH_Primary_Dataset_3.xlsx,ANDHRA PRADESH,52849,52849000,persons,True,DIRECT,NONE,HIGH,JOINED,"RGI Table 11 (1 July), PDF p.94",,37.975505659677125,0.3797550565967712,40.78790516376847,15.489413233930632,VERIFIED,OK,97.60623492299128,39.81153853431475
Arunachal Pradesh,2021,Northeast,283,157,347.0,MoRTH_Primary_Dataset_3.xlsx,ARUNACHAL PRADESH,1537,1537000,persons,True,DIRECT,NONE,HIGH,JOINED,"RGI Table 11 (1 July), PDF p.97",,55.47703180212014,0.5547703180212014,18.41249186727391,10.214703968770332,VERIFIED,OK,122.6148409893993,22.576447625243983
Assam,2021,Northeast,7411,3036,5763.0,MoRTH_Primary_Dataset_3.xlsx,ASSAM,35155,35155000,persons,True,DIRECT,NONE,HIGH,JOINED,"RGI Table 11 (1 July), PDF p.92",,40.966131426258265,0.4096613142625826,21.080927321860333,8.63604039254729,VERIFIED,OK,77.76278504925112,16.3931161996871
Bihar,2021,East,9553,7660,7946.0,MoRTH_Primary_Dataset_3.xlsx,BIHAR,123695,123695000,persons,True,DIRECT,NONE,HIGH,JOINED,"RGI Table 11 (1 July), PDF p.91",,80.18423531874804,0.8018423531874804,7.723028416670035,6.192651279356482,VERIFIED,OK,83.17805924840364,6.423865152188851
Chhattisgarh,2021,Central,12375,5371,10683.0,MoRTH_Primary_Dataset_3.xlsx,CHHATTISGARH,29607,29607000,persons,True,DIRECT,NONE,HIGH,JOINED,"RGI Table 11 (1 July), PDF p.93",,43.4020202020202,0.43402020202020203,41.79754787719121,18.140980173607595,VERIFIED,OK,86.32727272727273,36.082683149255246
Goa,2021,West,2849,226,843.0,MoRTH_Primary_Dataset_3.xlsx,GOA,1561,1561000,persons,True,DIRECT,NONE,HIGH,JOINED,"RGI Table 11 (1 July), PDF p.99",,7.932607932607932,0.07932607932607932,182.51121076233184,14.477898782831518,VERIFIED,OK,29.589329589329587,54.00384368994235
Gujarat,2021,West,15186,7452,13690.0,MoRTH_Primary_Dataset_3.xlsx,GUJARAT,70075,70075000,persons,True,DIRECT,NONE,HIGH,JOINED,"RGI Table 11 (1 July), PDF p.94",,49.071513235875145,0.49071513235875147,21.671066714234748,10.63432037103104,VERIFIED,OK,90.14882128276044,19.53621120228327
Haryana,2021,North,9933,4706,8121.0,MoRTH_Primary_Dataset_3.xlsx,HARYANA,29604,29604000,persons,True,DIRECT,NONE,HIGH,JOINED,"RGI Table 11 (1 July), PDF p.90",,47.377428772777606,0.4737742877277761,33.5528982569923,15.896500472909066,VERIFIED,OK,81.75777710661431,27.432103769760843
Himachal Pradesh,2021,North,2404,1052,3454.0,MoRTH_Primary_Dataset_3.xlsx,HIMACHAL PRADESH,7406,7406000,persons,True,DIRECT,NONE,HIGH,JOINED,"RGI Table 11 (1 July), PDF p.89",,43.760399334442596,0.43760399334442596,32.460167431812046,14.204698892789631,VERIFIED,OK,143.67720465890184,46.63786119362678
Jharkhand,2021,East,4728,3513,3227.0,MoRTH_Primary_Dataset_3.xlsx,JHARKHAND,38637,38637000,persons,True,DIRECT,NONE,HIGH,JOINED,"RGI Table 11 (1 July), PDF p.92",,74.30203045685279,0.743020304568528,12.236974920413076,9.092320832362761,VERIFIED,OK,68.25296108291032,8.352097730155032
Karnataka,2021,South,34647,10038,40754.0,MoRTH_Primary_Dataset_3.xlsx,KARNATAKA,66986,66986000,persons,True,DIRECT,NONE,HIGH,JOINED,"RGI Table 11 (1 July), PDF p.95",,28.972205385747685,0.28972205385747685,51.722748036903226,14.985220792404382,VERIFIED,OK,117.62634571535774,60.83957841937121
Kerala,2021,South,33296,3429,36775.0,MoRTH_Primary_Dataset_3.xlsx,KERALA,35537,35537000,persons,True,DIRECT,NONE,HIGH,JOINED,"RGI Table 11 (1 July), PDF p.95",,10.298534358481499,0.102985343584815,93.69389650223711,9.649098123082984,VERIFIED,OK,110.44870254685249,103.48369305231168
Madhya Pradesh,2021,Central,48877,12057,48956.0,MoRTH_Primary_Dataset_3.xlsx,MADHYA PRADESH,84860,84860000,persons,True,DIRECT,NONE,HIGH,JOINED,"RGI Table 11 (1 July), PDF p.93",,24.668044274403094,0.24668044274403095,57.597218948856934,14.208107471128919,VERIFIED,OK,100.16163021462037,57.69031345745935
Maharashtra,2021,West,29477,13528,23071.0,MoRTH_Primary_Dataset_3.xlsx,MAHARASHTRA,124762,124762000,persons,True,DIRECT,NONE,HIGH,JOINED,"RGI Table 11 (1 July), PDF p.94",,45.89340842012417,0.45893408420124165,23.62658501787403,10.843045157980795,VERIFIED,OK,78.26780201513044,18.492008784726117
Manipur,2021,Northeast,366,110,504.0,MoRTH_Primary_Dataset_3.xlsx,MANIPUR,3172,3172000,persons,True,DIRECT,NONE,HIGH,JOINED,"RGI Table 11 (1 July), PDF p.97",,30.05464480874317,0.3005464480874317,11.538461538461538,3.467843631778058,VERIFIED,OK,137.70491803278688,15.8890290037831
Meghalaya,2021,Northeast,245,187,263.0,MoRTH_Primary_Dataset_3.xlsx,MEGHALAYA,3295,3295000,persons,True,DIRECT,NONE,HIGH,JOINED,"RGI Table 11 (1 July), PDF p.98",,76.32653061224491,0.763265306122449,7.435508345978755,5.675265553869499,VERIFIED,OK,107.34693877551021,7.981790591805766
Mizoram,2021,Northeast,69,56,65.0,MoRTH_Primary_Dataset_3.xlsx,MIZORAM,1219,1219000,persons,True,DIRECT,NONE,HIGH,JOINED,"RGI Table 11 (1 July), PDF p.98",,81.15942028985508,0.8115942028985508,5.660377358490566,4.593929450369155,VERIFIED,OK,94.20289855072464,5.3322395406070555
Nagaland,2021,Northeast,746,55,380.0,MoRTH_Primary_Dataset_3.xlsx,NAGALAND,2198,2198000,persons,True,DIRECT,NONE,HIGH,JOINED,"RGI Table 11 (1 July), PDF p.97",,7.372654155495978,0.07372654155495978,33.93994540491356,2.502274795268426,VERIFIED,OK,50.93833780160858,17.288444040036396
Odisha,2021,East,10983,5081,9782.0,MoRTH_Primary_Dataset_3.xlsx,ODISHA,45793,45793000,persons,True,DIRECT,NONE,HIGH,JOINED,"RGI Table 11 (1 July), PDF p.93",,46.2624055358281,0.462624055358281,23.984015024130326,11.095582294237111,VERIFIED,OK,89.0649185104252,21.36134343676981
Punjab,2021,North,5871,4589,3072.0,MoRTH_Primary_Dataset_3.xlsx,PUNJAB,30404,30404000,persons,True,DIRECT,NONE,HIGH,JOINED,"RGI Table 11 (1 July), PDF p.90",,78.1638562425481,0.7816385624254811,19.309959215892647,15.093408762005,VERIFIED,OK,52.32498722534492,10.10393369293514
Rajasthan,2021,North,20951,10043,19344.0,MoRTH_Primary_Dataset_3.xlsx,RAJASTHAN,79572,79572000,persons,True,DIRECT,NONE,HIGH,JOINED,"RGI Table 11 (1 July), PDF p.91",,47.9356593957329,0.479356593957329,26.32961343186045,12.621273814909767,VERIFIED,OK,92.32972173165959,24.310058814658422
Sikkim,2021,Northeast,155,56,244.0,MoRTH_Primary_Dataset_3.xlsx,SIKKIM,678,678000,persons,True,DIRECT,NONE,HIGH,JOINED,"RGI Table 11 (1 July), PDF p.96",,36.12903225806451,0.36129032258064514,22.86135693215339,8.259587020648967,VERIFIED,OK,157.4193548387097,35.988200589970496
Tamil Nadu,2021,South,55682,15384,55996.0,MoRTH_Primary_Dataset_3.xlsx,TAMIL NADU,76479,76479000,persons,True,DIRECT,NONE,HIGH,JOINED,"RGI Table 11 (1 July), PDF p.95",,27.628317948349558,0.27628317948349557,72.80691431634828,20.115325775703134,VERIFIED,OK,100.56391652598687,73.21748453823926
Telangana,2021,South,21315,7557,20107.0,MoRTH_Primary_Dataset_3.xlsx,TELANGANA,37771,37771000,persons,True,DIRECT,NONE,HIGH,JOINED,"RGI Table 11 (1 July), PDF p.101",,35.453905700211116,0.3545390570021112,56.4321834211432,20.007413094702283,VERIFIED,OK,94.33262960356556,53.233962563871756
Tripura,2021,Northeast,479,194,547.0,MoRTH_Primary_Dataset_3.xlsx,TRIPURA,4081,4081000,persons,True,DIRECT,NONE,HIGH,JOINED,"RGI Table 11 (1 July), PDF p.98",,40.50104384133611,0.40501043841336115,11.737319284489097,4.753736829208528,VERIFIED,OK,114.19624217118998,13.40357755452095
Uttarakhand,2021,North,1405,820,1091.0,MoRTH_Primary_Dataset_3.xlsx,UTTARAKHAND,11439,11439000,persons,True,DIRECT,NONE,HIGH,JOINED,"RGI Table 11 (1 July), PDF p.96",,58.362989323843415,0.5836298932384342,12.282542180260512,7.168458781362007,VERIFIED,OK,77.65124555160142,9.53754698837311
Uttar Pradesh,2021,North,37729,21227,24897.0,MoRTH_Primary_Dataset_3.xlsx,UTTAR PRADESH,231704,231704000,persons,True,DIRECT,NONE,HIGH,JOINED,"RGI Table 11 (1 July), PDF p.91",,56.26176150971401,0.5626176150971401,16.28327521320305,9.161257466422677,VERIFIED,OK,65.98902700840202,10.745174878292994
West Bengal,2021,East,11937,5800,10454.0,MoRTH_Primary_Dataset_3.xlsx,WEST BENGAL,98285,98285000,persons,True,DIRECT,NONE,HIGH,JOINED,"RGI Table 11 (1 July), PDF p.92",,48.58842255172991,0.48588422551729915,12.14529175357379,5.901205677366841,VERIFIED,OK,87.57644299237664,10.636414508826372
Andaman & Nicobar Islands,2021,South,115,20,97.0,MoRTH_Primary_Dataset_3.xlsx,ANDAMAN & NICOBAR ISLANDS,401,401000,persons,True,DIRECT,NONE,HIGH,JOINED,"RGI Table 11 (1 July), PDF p.100",,17.391304347826086,0.17391304347826086,28.6783042394015,4.987531172069826,VERIFIED,OK,84.34782608695653,24.189526184538654
Chandigarh,2021,North,208,96,172.0,MoRTH_Primary_Dataset_3.xlsx,CHANDIGARH,1212,1212000,persons,True,DIRECT,NONE,HIGH,JOINED,"RGI Table 11 (1 July), PDF p.96",,46.15384615384615,0.46153846153846156,17.16171617161716,7.920792079207921,VERIFIED,OK,82.6923076923077,14.191419141914192
Dadra & Nagar Haveli and Daman & Diu,2021,West,140,76,171.0,MoRTH_Primary_Dataset_3.xlsx,DADRA & NAGAR HAVELI + DAMAN & DIU,1108,1108000,persons,True,SUM,DNH_PLUS_DAMAN_DIU,MEDIUM,JOINED_WITH_TRANSFORMATION,"RGI Table 11 (1 July), Table-11 pp.93-94",Arithmetic sum of two published projections; not source-published,54.285714285714285,0.5428571428571428,12.63537906137184,6.859205776173285,VERIFIED,TRANSFORMED,122.14285714285715,15.43321299638989
Delhi,2021,North,4720,1239,4273.0,MoRTH_Primary_Dataset_3.xlsx,NCT OF DELHI,20703,20703000,persons,True,DIRECT,RENAME_NCT OF DELHI,HIGH,JOINED,"RGI Table 11 (1 July), PDF p.90",,26.25,0.2625,22.798628218132638,5.984639907259817,VERIFIED,OK,90.52966101694915,20.63952084238999
Jammu & Kashmir,2021,North,5452,774,6972.0,MoRTH_Primary_Dataset_3.xlsx,JAMMU & KASHMIR (UT),13440,13440000,persons,True,DIRECT,JAMMU_KASHMIR_DIRECT,HIGH,JOINED,"RGI Table 11 (1 July), PDF p.89",,14.196625091709464,0.14196625091709464,40.56547619047619,5.758928571428571,VERIFIED,OK,127.87967718268524,51.875
Ladakh,2021,North,236,56,242.0,MoRTH_Primary_Dataset_3.xlsx,LADAKH,298,298000,persons,True,DIRECT,LADAKH_DIRECT,HIGH,JOINED,"RGI Table 11 (1 July), PDF p.101",,23.728813559322035,0.23728813559322035,79.19463087248322,18.79194630872483,VERIFIED,OK,102.54237288135593,81.20805369127517
Lakshadweep,2021,South,4,1,6.0,MoRTH_Primary_Dataset_3.xlsx,LAKSHADWEEP,68,68000,persons,True,DIRECT,NONE,HIGH,JOINED,"RGI Table 11 (1 July), PDF p.100",,25.0,0.25,5.882352941176471,1.4705882352941178,VERIFIED,OK,150.0,8.823529411764707
Puducherry,2021,South,1049,140,1099.0,MoRTH_Primary_Dataset_3.xlsx,PUDUCHERRY,1584,1584000,persons,True,DIRECT,NONE,HIGH,JOINED,"RGI Table 11 (1 July), PDF p.100",,13.34604385128694,0.1334604385128694,66.22474747474747,8.83838383838384,VERIFIED,OK,104.76644423260248,69.38131313131314
Andhra Pradesh,2022,South,21249,8293,21340.0,MoRTH_Primary_Dataset_3.xlsx,ANDHRA PRADESH,53033,53033000,persons,True,DIRECT,NONE,HIGH,JOINED,"RGI Table 11 (1 July), PDF p.94",,39.02771895148007,0.39027718951480067,40.06750513831011,15.637433296249506,VERIFIED,OK,100.42825544731517,40.23909641166821
Arunachal Pradesh,2022,Northeast,227,148,186.0,MoRTH_Primary_Dataset_3.xlsx,ARUNACHAL PRADESH,1551,1551000,persons,True,DIRECT,NONE,HIGH,JOINED,"RGI Table 11 (1 July), PDF p.97",,65.19823788546255,0.6519823788546255,14.63571889103804,9.542230818826564,VERIFIED,OK,81.93832599118943,11.992263056092844
Assam,2022,Northeast,7023,2994,5637.0,MoRTH_Primary_Dataset_3.xlsx,ASSAM,35490,35490000,persons,True,DIRECT,NONE,HIGH,JOINED,"RGI Table 11 (1 July), PDF p.92",,42.63135412217001,0.4263135412217001,19.78867286559594,8.436179205409974,VERIFIED,OK,80.26484408372491,15.88334742180896
Bihar,2022,East,10801,8898,7068.0,MoRTH_Primary_Dataset_3.xlsx,BIHAR,125532,125532000,persons,True,DIRECT,NONE,HIGH,JOINED,"RGI Table 11 (1 July), PDF p.91",,82.38126099435237,0.8238126099435238,8.60418060733518,7.0882324825542495,VERIFIED,OK,65.43838533469123,5.630436860720772
Chhattisgarh,2022,Central,13279,5834,11695.0,MoRTH_Primary_Dataset_3.xlsx,CHHATTISGARH,29951,29951000,persons,True,DIRECT,NONE,HIGH,JOINED,"RGI Table 11 (1 July), PDF p.93",,43.934031177046464,0.4393403117704646,44.33574838903542,19.4784815198157,VERIFIED,OK,88.07139091799081,39.0471102801242
Goa,2022,West,3011,271,1091.0,MoRTH_Primary_Dataset_3.xlsx,GOA,1569,1569000,persons,True,DIRECT,NONE,HIGH,JOINED,"RGI Table 11 (1 July), PDF p.99",,9.00033211557622,0.0900033211557622,191.90567240280433,17.27214786488209,VERIFIED,OK,36.23380936565925,69.53473550031867
Gujarat,2022,West,15751,7618,15089.0,MoRTH_Primary_Dataset_3.xlsx,GUJARAT,70934,70934000,persons,True,DIRECT,NONE,HIGH,JOINED,"RGI Table 11 (1 July), PDF p.94",,48.36518316297378,0.4836518316297378,22.205148447852935,10.739560718414301,VERIFIED,OK,95.79709224811123,21.271886542419715
Haryana,2022,North,10429,4915,8519.0,MoRTH_Primary_Dataset_3.xlsx,HARYANA,29967,29967000,persons,True,DIRECT,NONE,HIGH,JOINED,"RGI Table 11 (1 July), PDF p.90",,47.12820021095023,0.47128200210950233,34.801615109954284,16.401374845663565,VERIFIED,OK,81.68568414996645,28.42793739780425
Himachal Pradesh,2022,North,2597,1032,4063.0,MoRTH_Primary_Dataset_3.xlsx,HIMACHAL PRADESH,7443,7443000,persons,True,DIRECT,NONE,HIGH,JOINED,"RGI Table 11 (1 July), PDF p.89",,39.73815941470928,0.3973815941470928,34.89184468628241,13.865376864167674,VERIFIED,OK,156.44974971120524,54.588203681311306
Jharkhand,2022,East,5175,3898,3747.0,MoRTH_Primary_Dataset_3.xlsx,JHARKHAND,39135,39135000,persons,True,DIRECT,NONE,HIGH,JOINED,"RGI Table 11 (1 July), PDF p.92",,75.32367149758454,0.7532367149758454,13.223457263319279,9.960393509646098,VERIFIED,OK,72.40579710144928,9.574549635875814
Karnataka,2022,South,39762,11702,48154.0,MoRTH_Primary_Dataset_3.xlsx,KARNATAKA,67409,67409000,persons,True,DIRECT,NONE,HIGH,JOINED,"RGI Table 11 (1 July), PDF p.95",,29.430109149439165,0.29430109149439165,58.986188787847325,17.359699743357712,VERIFIED,OK,121.10557819023188,71.43556498390423
Kerala,2022,South,43910,4317,49307.0,MoRTH_Primary_Dataset_3.xlsx,KERALA,35680,35680000,persons,True,DIRECT,NONE,HIGH,JOINED,"RGI Table 11 (1 July), PDF p.95",,9.83147346845821,0.0983147346845821,123.06614349775785,12.09921524663677,VERIFIED,OK,112.29104987474379,138.19226457399103
Madhya Pradesh,2022,Central,54432,13427,55168.0,MoRTH_Primary_Dataset_3.xlsx,MADHYA PRADESH,85891,85891000,persons,True,DIRECT,NONE,HIGH,JOINED,"RGI Table 11 (1 July), PDF p.93",,24.66747501469724,0.24667475014697238,63.37334528646773,15.632604114517237,VERIFIED,OK,101.35214579659024,64.23024531091733
Maharashtra,2022,West,33383,15224,27239.0,MoRTH_Primary_Dataset_3.xlsx,MAHARASHTRA,125736,125736000,persons,True,DIRECT,NONE,HIGH,JOINED,"RGI Table 11 (1 July), PDF p.94",,45.60404996555133,0.4560404996555133,26.550073169179868,12.107908633963225,VERIFIED,OK,81.59542281999819,21.66364446141121
Manipur,2022,Northeast,508,127,817.0,MoRTH_Primary_Dataset_3.xlsx,MANIPUR,3201,3201000,persons,True,DIRECT,NONE,HIGH,JOINED,"RGI Table 11 (1 July), PDF p.97",,25.0,0.25,15.870040612308653,3.9675101530771633,VERIFIED,OK,160.82677165354332,25.523273976882226
Meghalaya,2022,Northeast,246,162,310.0,MoRTH_Primary_Dataset_3.xlsx,MEGHALAYA,3326,3326000,persons,True,DIRECT,NONE,HIGH,JOINED,"RGI Table 11 (1 July), PDF p.98",,65.85365853658537,0.6585365853658537,7.396271797955502,4.87071557426338,VERIFIED,OK,126.01626016260164,9.320505111244739
Mizoram,2022,Northeast,133,113,107.0,MoRTH_Primary_Dataset_3.xlsx,MIZORAM,1230,1230000,persons,True,DIRECT,NONE,HIGH,JOINED,"RGI Table 11 (1 July), PDF p.98",,84.9624060150376,0.849624060150376,10.8130081300813,9.1869918699187,VERIFIED,OK,80.45112781954887,8.699186991869919
Nagaland,2022,Northeast,489,73,291.0,MoRTH_Primary_Dataset_3.xlsx,NAGALAND,2218,2218000,persons,True,DIRECT,NONE,HIGH,JOINED,"RGI Table 11 (1 July), PDF p.97",,14.92842535787321,0.1492842535787321,22.046889089269612,3.291253381424707,VERIFIED,OK,59.50920245398773,13.119927862939583
Odisha,2022,East,11663,5467,10302.0,MoRTH_Primary_Dataset_3.xlsx,ODISHA,46083,46083000,persons,True,DIRECT,NONE,HIGH,JOINED,"RGI Table 11 (1 July), PDF p.93",,46.874732058647,0.46874732058647,25.30868216044962,11.863376950285355,VERIFIED,OK,88.33061819428963,22.35531540915305
Punjab,2022,North,6138,4756,3324.0,MoRTH_Primary_Dataset_3.xlsx,PUNJAB,30600,30600000,persons,True,DIRECT,NONE,HIGH,JOINED,"RGI Table 11 (1 July), PDF p.90",,77.48452264581297,0.7748452264581297,20.058823529411764,15.54248366013072,VERIFIED,OK,54.154447702834794,10.862745098039214
Rajasthan,2022,North,23614,11104,22293.0,MoRTH_Primary_Dataset_3.xlsx,RAJASTHAN,80444,80444000,persons,True,DIRECT,NONE,HIGH,JOINED,"RGI Table 11 (1 July), PDF p.91",,47.022952485813505,0.470229524858135,29.354582069514198,13.803391178956788,VERIFIED,OK,94.4058609299568,27.71244592511561
Sikkim,2022,Northeast,211,92,354.0,MoRTH_Primary_Dataset_3.xlsx,SIKKIM,684,684000,persons,True,DIRECT,NONE,HIGH,JOINED,"RGI Table 11 (1 July), PDF p.96",,43.60189573459716,0.43601895734597157,30.847953216374265,13.450292397660819,VERIFIED,OK,167.77251184834122,51.75438596491228
Tamil Nadu,2022,South,64105,17884,67703.0,MoRTH_Primary_Dataset_3.xlsx,TAMIL NADU,76707,76707000,persons,True,DIRECT,NONE,HIGH,JOINED,"RGI Table 11 (1 July), PDF p.95",,27.897979876764683,0.27897979876764684,83.57125164587326,23.314690966926094,VERIFIED,OK,105.6126667186647,88.2618274733727
Telangana,2022,South,21619,7559,20209.0,MoRTH_Primary_Dataset_3.xlsx,TELANGANA,37953,37953000,persons,True,DIRECT,NONE,HIGH,JOINED,"RGI Table 11 (1 July), PDF p.101",,34.96461445950321,0.3496461445950321,56.96255895449636,19.916739124706876,VERIFIED,OK,93.47795920255331,53.24743762021448
Tripura,2022,Northeast,575,241,541.0,MoRTH_Primary_Dataset_3.xlsx,TRIPURA,4118,4118000,persons,True,DIRECT,NONE,HIGH,JOINED,"RGI Table 11 (1 July), PDF p.98",,41.91304347826087,0.4191304347826087,13.963088878096164,5.852355512384653,VERIFIED,OK,94.08695652173913,13.13744536182613
Uttarakhand,2022,North,1674,1042,1613.0,MoRTH_Primary_Dataset_3.xlsx,UTTARAKHAND,11557,11557000,persons,True,DIRECT,NONE,HIGH,JOINED,"RGI Table 11 (1 July), PDF p.96",,62.24611708482676,0.6224611708482676,14.484727870554641,9.016180669723976,VERIFIED,OK,96.35603345280764,13.956909232499783
Uttar Pradesh,2022,North,41746,22595,28541.0,MoRTH_Primary_Dataset_3.xlsx,UTTAR PRADESH,234094,234094000,persons,True,DIRECT,NONE,HIGH,JOINED,"RGI Table 11 (1 July), PDF p.91",,54.124946102620605,0.5412494610262061,17.833007253496458,9.652105564431382,VERIFIED,OK,68.36822689599003,12.19211086144882
West Bengal,2022,East,13686,6002,12843.0,MoRTH_Primary_Dataset_3.xlsx,WEST BENGAL,98764,98764000,persons,True,DIRECT,NONE,HIGH,JOINED,"RGI Table 11 (1 July), PDF p.92",,43.855034341663014,0.43855034341663013,13.857275930500993,6.077113118140213,VERIFIED,OK,93.84042086804033,13.003726054027783
Andaman & Nicobar Islands,2022,South,141,19,136.0,MoRTH_Primary_Dataset_3.xlsx,ANDAMAN & NICOBAR ISLANDS,402,402000,persons,True,DIRECT,NONE,HIGH,JOINED,"RGI Table 11 (1 July), PDF p.100",,13.47517730496454,0.1347517730496454,35.07462686567164,4.72636815920398,VERIFIED,OK,96.45390070921985,33.83084577114428
Chandigarh,2022,North,237,83,203.0,MoRTH_Primary_Dataset_3.xlsx,CHANDIGARH,1223,1223000,persons,True,DIRECT,NONE,HIGH,JOINED,"RGI Table 11 (1 July), PDF p.96",,35.0210970464135,0.350210970464135,19.37857726901063,6.786590351594439,VERIFIED,OK,85.65400843881856,16.59852820932134
Dadra & Nagar Haveli and Daman & Diu,2022,West,196,90,273.0,MoRTH_Primary_Dataset_3.xlsx,DADRA & NAGAR HAVELI + DAMAN & DIU,1201,1201000,persons,True,SUM,DNH_PLUS_DAMAN_DIU,MEDIUM,JOINED_WITH_TRANSFORMATION,"RGI Table 11 (1 July), Table-11 pp.93-94",Arithmetic sum of two published projections; not source-published,45.91836734693878,0.45918367346938777,16.319733555370526,7.4937552039966695,VERIFIED,TRANSFORMED,139.28571428571428,22.73105745212323
Delhi,2022,North,5652,1461,5201.0,MoRTH_Primary_Dataset_3.xlsx,NCT OF DELHI,21096,21096000,persons,True,DIRECT,RENAME_NCT OF DELHI,HIGH,JOINED,"RGI Table 11 (1 July), PDF p.90",,25.849256900212314,0.25849256900212314,26.791808873720136,6.9254835039817975,VERIFIED,OK,92.02052370842179,24.653962836556694
Jammu & Kashmir,2022,North,6092,805,8372.0,MoRTH_Primary_Dataset_3.xlsx,JAMMU & KASHMIR (UT),13538,13538000,persons,True,DIRECT,JAMMU_KASHMIR_DIRECT,HIGH,JOINED,"RGI Table 11 (1 July), PDF p.89",,13.214051214707814,0.13214051214707814,44.99926133845472,5.946225439503619,VERIFIED,OK,137.42613263296127,61.84074457083764
Ladakh,2022,North,374,62,346.0,MoRTH_Primary_Dataset_3.xlsx,LADAKH,299,299000,persons,True,DIRECT,LADAKH_DIRECT,HIGH,JOINED,"RGI Table 11 (1 July), PDF p.101",,16.577540106951872,0.1657754010695187,125.08361204013377,20.73578595317726,VERIFIED,OK,92.51336898395722,115.7190635451505
Lakshadweep,2022,South,3,2,2.0,MoRTH_Primary_Dataset_3.xlsx,LAKSHADWEEP,69,69000,persons,True,DIRECT,NONE,HIGH,JOINED,"RGI Table 11 (1 July), PDF p.100",,66.66666666666666,0.6666666666666666,4.347826086956522,2.898550724637681,VERIFIED,OK,66.66666666666666,2.898550724637681
Puducherry,2022,South,1181,181,1282.0,MoRTH_Primary_Dataset_3.xlsx,PUDUCHERRY,1621,1621000,persons,True,DIRECT,NONE,HIGH,JOINED,"RGI Table 11 (1 July), PDF p.100",,15.325994919559696,0.15325994919559696,72.856261566934,11.165946946329425,VERIFIED,OK,108.55207451312448,79.08698334361506
