State_UT,Year,Zone,Accidents,Fatalities,Injured,Source_Accident,Population_Source_Entity,Population_Source_Thousands,Population_Persons,Population_Unit,Population_Is_Projection,Population_Join_Type,Population_Geography_Transformation,Population_Join_Confidence,Population_Join_Status,Source_Population,Notes,Acc_per_Lakh_Pop,Fat_per_Lakh_Pop,Injured_num,Inj_per_Lakh_Pop,Normalization_Status
Andhra Pradesh,2018,South,24475,7556,23456,MoRTH_Primary_Dataset_3.xlsx,ANDHRA PRADESH,52032,52032000,persons,True,DIRECT,NONE,HIGH,JOINED,"RGI Table 11 (1 July), PDF p.94",,47.03836100861009,14.521832718327184,23456.0,45.079950799508,VALID
Arunachal Pradesh,2018,Northeast,277,175,323,MoRTH_Primary_Dataset_3.xlsx,ARUNACHAL PRADESH,1493,1493000,persons,True,DIRECT,NONE,HIGH,JOINED,"RGI Table 11 (1 July), PDF p.97",,18.55324849296718,11.721366376423308,323.0,21.63429336905559,VALID
Assam,2018,Northeast,8248,2966,7375,MoRTH_Primary_Dataset_3.xlsx,ASSAM,34043,34043000,persons,True,DIRECT,NONE,HIGH,JOINED,"RGI Table 11 (1 July), PDF p.92",,24.228182005111183,8.71251064829774,7375.0,21.663778162911612,VALID
Bihar,2018,East,9600,6729,6679,MoRTH_Primary_Dataset_3.xlsx,BIHAR,118333,118333000,persons,True,DIRECT,NONE,HIGH,JOINED,"RGI Table 11 (1 July), PDF p.91",,8.112698909011012,5.686494891534906,6679.0,5.644241251383807,VALID
Chhattisgarh,2018,Central,13864,4592,12715,MoRTH_Primary_Dataset_3.xlsx,CHHATTISGARH,28468,28468000,persons,True,DIRECT,NONE,HIGH,JOINED,"RGI Table 11 (1 July), PDF p.93",,48.700295068146694,16.130392019109177,12715.0,44.66418434733736,VALID
Goa,2018,West,3709,262,1549,MoRTH_Primary_Dataset_3.xlsx,GOA,1534,1534000,persons,True,DIRECT,NONE,HIGH,JOINED,"RGI Table 11 (1 July), PDF p.99",,241.78617992177314,17.079530638852674,1549.0,100.97783572359843,VALID
Gujarat,2018,West,18769,7996,17467,MoRTH_Primary_Dataset_3.xlsx,GUJARAT,67319,67319000,persons,True,DIRECT,NONE,HIGH,JOINED,"RGI Table 11 (1 July), PDF p.94",,27.880687473075948,11.877775962209776,17467.0,25.946612397688618,VALID
Haryana,2018,North,11238,5118,10020,MoRTH_Primary_Dataset_3.xlsx,HARYANA,28401,28401000,persons,True,DIRECT,NONE,HIGH,JOINED,"RGI Table 11 (1 July), PDF p.90",,39.56902925953311,18.020492236188865,10020.0,35.28044787155382,VALID
Himachal Pradesh,2018,North,3110,1208,5551,MoRTH_Primary_Dataset_3.xlsx,HIMACHAL PRADESH,7268,7268000,persons,True,DIRECT,NONE,HIGH,JOINED,"RGI Table 11 (1 July), PDF p.89",,42.790313703907536,16.62080352228949,5551.0,76.37589433131535,VALID
Jharkhand,2018,East,5394,3542,3975,MoRTH_Primary_Dataset_3.xlsx,JHARKHAND,37047,37047000,persons,True,DIRECT,NONE,HIGH,JOINED,"RGI Table 11 (1 July), PDF p.92",,14.559883391367721,9.560828137231086,3975.0,10.729613733905579,VALID
Karnataka,2018,South,41707,10990,51562,MoRTH_Primary_Dataset_3.xlsx,KARNATAKA,65450,65450000,persons,True,DIRECT,NONE,HIGH,JOINED,"RGI Table 11 (1 July), PDF p.95",,63.72345301757067,16.79144385026738,51562.0,78.7807486631016,VALID
Kerala,2018,South,40181,4303,45458,MoRTH_Primary_Dataset_3.xlsx,KERALA,35003,35003000,persons,True,DIRECT,NONE,HIGH,JOINED,"RGI Table 11 (1 July), PDF p.95",,114.79301774133646,12.29323200868497,45458.0,129.86886838271005,VALID
Madhya Pradesh,2018,Central,51397,10706,54662,MoRTH_Primary_Dataset_3.xlsx,MADHYA PRADESH,81471,81471000,persons,True,DIRECT,NONE,HIGH,JOINED,"RGI Table 11 (1 July), PDF p.93",,63.08625154963116,13.140872212198204,54662.0,67.09381252224718,VALID
Maharashtra,2018,West,35717,13261,31365,MoRTH_Primary_Dataset_3.xlsx,MAHARASHTRA,121391,121391000,persons,True,DIRECT,NONE,HIGH,JOINED,"RGI Table 11 (1 July), PDF p.94",,29.423103854486744,10.924203606527668,31365.0,25.837994579499302,VALID
Manipur,2018,Northeast,601,134,1042,MoRTH_Primary_Dataset_3.xlsx,MANIPUR,3080,3080000,persons,True,DIRECT,NONE,HIGH,JOINED,"RGI Table 11 (1 July), PDF p.97",,19.512987012987015,4.35064935064935,1042.0,33.83116883116883,VALID
Meghalaya,2018,Northeast,399,182,205,MoRTH_Primary_Dataset_3.xlsx,MEGHALAYA,3200,3200000,persons,True,DIRECT,NONE,HIGH,JOINED,"RGI Table 11 (1 July), PDF p.98",,12.468749999999998,5.6875,205.0,6.406250000000001,VALID
Mizoram,2018,Northeast,53,45,80,MoRTH_Primary_Dataset_3.xlsx,MIZORAM,1184,1184000,persons,True,DIRECT,NONE,HIGH,JOINED,"RGI Table 11 (1 July), PDF p.98",,4.476351351351352,3.8006756756756754,80.0,6.756756756756757,VALID
Nagaland,2018,Northeast,430,39,335,MoRTH_Primary_Dataset_3.xlsx,NAGALAND,2134,2134000,persons,True,DIRECT,NONE,HIGH,JOINED,"RGI Table 11 (1 July), PDF p.97",,20.14995313964386,1.8275538894095593,335.0,15.69821930646673,VALID
Odisha,2018,East,11262,5315,11794,MoRTH_Primary_Dataset_3.xlsx,ODISHA,44774,44774000,persons,True,DIRECT,NONE,HIGH,JOINED,"RGI Table 11 (1 July), PDF p.93",,25.152990574887212,11.870728547817931,11794.0,26.34118014919373,VALID
Punjab,2018,North,6428,4740,3384,MoRTH_Primary_Dataset_3.xlsx,PUNJAB,29699,29699000,persons,True,DIRECT,NONE,HIGH,JOINED,"RGI Table 11 (1 July), PDF p.90",,21.643826391460994,15.960133337822823,3384.0,11.394323041179838,VALID
Rajasthan,2018,North,21743,10320,21547,MoRTH_Primary_Dataset_3.xlsx,RAJASTHAN,76592,76592000,persons,True,DIRECT,NONE,HIGH,JOINED,"RGI Table 11 (1 July), PDF p.91",,28.388082306246083,13.473992061834133,21547.0,28.132180906622104,VALID
Sikkim,2018,Northeast,180,85,370,MoRTH_Primary_Dataset_3.xlsx,SIKKIM,659,659000,persons,True,DIRECT,NONE,HIGH,JOINED,"RGI Table 11 (1 July), PDF p.96",,27.31411229135053,12.898330804248863,370.0,56.14567526555387,VALID
Tamil Nadu,2018,South,67279,18392,69834,MoRTH_Primary_Dataset_3.xlsx,TAMIL NADU,75460,75460000,persons,True,DIRECT,NONE,HIGH,JOINED,"RGI Table 11 (1 July), PDF p.95",,89.15849456665784,24.3731778425656,69834.0,92.54439438112907,VALID
Telangana,2018,South,22230,6603,23613,MoRTH_Primary_Dataset_3.xlsx,TELANGANA,37030,37030000,persons,True,DIRECT,NONE,HIGH,JOINED,"RGI Table 11 (1 July), PDF p.101",,60.032406157169866,17.831487982716716,23613.0,63.76721577099649,VALID
Tripura,2018,Northeast,552,213,741,MoRTH_Primary_Dataset_3.xlsx,TRIPURA,3963,3963000,persons,True,DIRECT,NONE,HIGH,JOINED,"RGI Table 11 (1 July), PDF p.98",,13.92884178652536,5.374716124148373,741.0,18.69795609386828,VALID
Uttarakhand,2018,North,1468,1047,1571,MoRTH_Primary_Dataset_3.xlsx,UTTARAKHAND,11055,11055000,persons,True,DIRECT,NONE,HIGH,JOINED,"RGI Table 11 (1 July), PDF p.96",,13.279059249208503,9.470827679782904,1571.0,14.210764360018093,VALID
Uttar Pradesh,2018,North,42568,22256,29664,MoRTH_Primary_Dataset_3.xlsx,UTTAR PRADESH,223003,223003000,persons,True,DIRECT,NONE,HIGH,JOINED,"RGI Table 11 (1 July), PDF p.91",,19.088532441267606,9.980134796392873,29664.0,13.302063200943486,VALID
West Bengal,2018,East,12705,5711,11997,MoRTH_Primary_Dataset_3.xlsx,WEST BENGAL,96500,96500000,persons,True,DIRECT,NONE,HIGH,JOINED,"RGI Table 11 (1 July), PDF p.92",,13.165803108808289,5.918134715025907,11997.0,12.432124352331606,VALID
Andaman & Nicobar Islands,2018,South,254,19,260,MoRTH_Primary_Dataset_3.xlsx,ANDAMAN & NICOBAR ISLANDS,396,396000,persons,True,DIRECT,NONE,HIGH,JOINED,"RGI Table 11 (1 July), PDF p.100",,64.14141414141415,4.797979797979798,260.0,65.65656565656566,VALID
Chandigarh,2018,North,316,98,300,MoRTH_Primary_Dataset_3.xlsx,CHANDIGARH,1170,1170000,persons,True,DIRECT,NONE,HIGH,JOINED,"RGI Table 11 (1 July), PDF p.96",,27.00854700854701,8.376068376068377,300.0,25.641025641025642,VALID
Dadra & Nagar Haveli,2018,West,80,54,66,MoRTH_Primary_Dataset_3.xlsx,DADRA & NAGAR HAVELI,525,525000,persons,True,DIRECT,NONE,HIGH,JOINED,"RGI Table 11 (1 July), PDF p.99",,15.238095238095237,10.285714285714286,66.0,12.571428571428573,VALID
Daman & Diu,2018,West,76,35,94,MoRTH_Primary_Dataset_3.xlsx,DAMAN & DIU,395,395000,persons,True,DIRECT,NONE,HIGH,JOINED,"RGI Table 11 (1 July), PDF p.99",,19.240506329113924,8.860759493670887,94.0,23.79746835443038,VALID
Delhi,2018,North,6515,1690,6086,MoRTH_Primary_Dataset_3.xlsx,NCT OF DELHI,19561,19561000,persons,True,DIRECT,RENAME_NCT OF DELHI,HIGH,JOINED,"RGI Table 11 (1 July), PDF p.90",,33.306068196922446,8.639640100199376,6086.0,31.112928786871837,VALID
Jammu & Kashmir,2018,North,5978,984,7845,MoRTH_Primary_Dataset_3.xlsx,JAMMU & KASHMIR (UT),13135,13135000,persons,True,DIRECT,JAMMU_KASHMIR_DIRECT,HIGH,JOINED,"RGI Table 11 (1 July), PDF p.89",,45.51199086410354,7.4914350970689005,7845.0,59.7259231062048,VALID
Ladakh,2018,North,0,0,,MoRTH_Primary_Dataset_3.xlsx,LADAKH,292,292000,persons,True,DIRECT,LADAKH_DIRECT,HIGH,JOINED,"RGI Table 11 (1 July), PDF p.101",,0.0,0.0,,,VALID
Lakshadweep,2018,South,3,1,3,MoRTH_Primary_Dataset_3.xlsx,LAKSHADWEEP,67,67000,persons,True,DIRECT,NONE,HIGH,JOINED,"RGI Table 11 (1 July), PDF p.100",,4.477611940298508,1.492537313432836,3.0,4.477611940298508,VALID
Puducherry,2018,South,1597,226,1727,MoRTH_Primary_Dataset_3.xlsx,PUDUCHERRY,1481,1481000,persons,True,DIRECT,NONE,HIGH,JOINED,"RGI Table 11 (1 July), PDF p.100",,107.83254557731263,15.25995948683322,1727.0,116.61039837947334,VALID
Andhra Pradesh,2019,South,21992,7984,24619,MoRTH_Primary_Dataset_3.xlsx,ANDHRA PRADESH,52315,52315000,persons,True,DIRECT,NONE,HIGH,JOINED,"RGI Table 11 (1 July), PDF p.94",,42.037656503870785,15.261397304788304,24619.0,47.05916085252795,VALID
Arunachal Pradesh,2019,Northeast,237,127,309,MoRTH_Primary_Dataset_3.xlsx,ARUNACHAL PRADESH,1507,1507000,persons,True,DIRECT,NONE,HIGH,JOINED,"RGI Table 11 (1 July), PDF p.97",,15.726609157266092,8.42733908427339,309.0,20.504313205043132,VALID
Assam,2019,Northeast,8350,3208,7473,MoRTH_Primary_Dataset_3.xlsx,ASSAM,34418,34418000,persons,True,DIRECT,NONE,HIGH,JOINED,"RGI Table 11 (1 July), PDF p.92",,24.2605613341856,9.320704282642804,7473.0,21.71247602998431,VALID
Bihar,2019,East,10007,7205,7206,MoRTH_Primary_Dataset_3.xlsx,BIHAR,120114,120114000,persons,True,DIRECT,NONE,HIGH,JOINED,"RGI Table 11 (1 July), PDF p.91",,8.331251977288243,5.998468121950813,7206.0,5.99930066436885,VALID
Chhattisgarh,2019,Central,13899,5003,13090,MoRTH_Primary_Dataset_3.xlsx,CHHATTISGARH,28852,28852000,persons,True,DIRECT,NONE,HIGH,JOINED,"RGI Table 11 (1 July), PDF p.93",,48.17343685013171,17.340219048939417,13090.0,45.369471787051154,VALID
Goa,2019,West,3440,297,1448,MoRTH_Primary_Dataset_3.xlsx,GOA,1543,1543000,persons,True,DIRECT,NONE,HIGH,JOINED,"RGI Table 11 (1 July), PDF p.99",,222.94232015554115,19.248217757615034,1448.0,93.84316267012314,VALID
Gujarat,2019,West,17046,7390,16258,MoRTH_Primary_Dataset_3.xlsx,GUJARAT,68245,68245000,persons,True,DIRECT,NONE,HIGH,JOINED,"RGI Table 11 (1 July), PDF p.94",,24.977654040589055,10.828632134222287,16258.0,23.822990695289032,VALID
Haryana,2019,North,10944,5057,9362,MoRTH_Primary_Dataset_3.xlsx,HARYANA,28807,28807000,persons,True,DIRECT,NONE,HIGH,JOINED,"RGI Table 11 (1 July), PDF p.90",,37.9907661332315,17.554760995591348,9362.0,32.4990453709168,VALID
Himachal Pradesh,2019,North,2873,1146,4904,MoRTH_Primary_Dataset_3.xlsx,HIMACHAL PRADESH,7315,7315000,persons,True,DIRECT,NONE,HIGH,JOINED,"RGI Table 11 (1 July), PDF p.89",,39.275461380724536,15.66643882433356,4904.0,67.04032809295967,VALID
Jharkhand,2019,East,5217,3801,3818,MoRTH_Primary_Dataset_3.xlsx,JHARKHAND,37581,37581000,persons,True,DIRECT,NONE,HIGH,JOINED,"RGI Table 11 (1 July), PDF p.92",,13.882014847928476,10.114153428594237,3818.0,10.159389052978899,VALID
Karnataka,2019,South,40658,10958,50447,MoRTH_Primary_Dataset_3.xlsx,KARNATAKA,65973,65973000,persons,True,DIRECT,NONE,HIGH,JOINED,"RGI Table 11 (1 July), PDF p.95",,61.62824185651706,16.60982523153411,50447.0,76.46613008351902,VALID
Kerala,2019,South,41111,4440,46055,MoRTH_Primary_Dataset_3.xlsx,KERALA,35186,35186000,persons,True,DIRECT,NONE,HIGH,JOINED,"RGI Table 11 (1 July), PDF p.95",,116.83908372648213,12.61865514693344,46055.0,130.89012675495934,VALID
Madhya Pradesh,2019,Central,50669,11249,52816,MoRTH_Primary_Dataset_3.xlsx,MADHYA PRADESH,82613,82613000,persons,True,DIRECT,NONE,HIGH,JOINED,"RGI Table 11 (1 July), PDF p.93",,61.33296212460508,13.616501034946072,52816.0,63.93182671008195,VALID
Maharashtra,2019,West,32925,12788,28628,MoRTH_Primary_Dataset_3.xlsx,MAHARASHTRA,122533,122533000,persons,True,DIRECT,NONE,HIGH,JOINED,"RGI Table 11 (1 July), PDF p.94",,26.870312487248334,10.43637224257955,28628.0,23.363502076991505,VALID
Manipur,2019,Northeast,672,156,1055,MoRTH_Primary_Dataset_3.xlsx,MANIPUR,3111,3111000,persons,True,DIRECT,NONE,HIGH,JOINED,"RGI Table 11 (1 July), PDF p.97",,21.600771456123436,5.014464802314368,1055.0,33.911925425908066,VALID
Meghalaya,2019,Northeast,482,179,222,MoRTH_Primary_Dataset_3.xlsx,MEGHALAYA,3232,3232000,persons,True,DIRECT,NONE,HIGH,JOINED,"RGI Table 11 (1 July), PDF p.98",,14.913366336633663,5.538366336633664,222.0,6.868811881188118,VALID
Mizoram,2019,Northeast,62,48,56,MoRTH_Primary_Dataset_3.xlsx,MIZORAM,1195,1195000,persons,True,DIRECT,NONE,HIGH,JOINED,"RGI Table 11 (1 July), PDF p.98",,5.1882845188284525,4.01673640167364,56.0,4.686192468619247,VALID
Nagaland,2019,Northeast,358,26,246,MoRTH_Primary_Dataset_3.xlsx,NAGALAND,2155,2155000,persons,True,DIRECT,NONE,HIGH,JOINED,"RGI Table 11 (1 July), PDF p.97",,16.612529002320187,1.2064965197215778,246.0,11.415313225058005,VALID
Odisha,2019,East,11064,5333,11177,MoRTH_Primary_Dataset_3.xlsx,ODISHA,45119,45119000,persons,True,DIRECT,NONE,HIGH,JOINED,"RGI Table 11 (1 July), PDF p.93",,24.521820075799553,11.819854163434474,11177.0,24.772268888938143,VALID
Punjab,2019,North,6348,4525,3812,MoRTH_Primary_Dataset_3.xlsx,PUNJAB,29939,29939000,persons,True,DIRECT,NONE,HIGH,JOINED,"RGI Table 11 (1 July), PDF p.90",,21.203112996426064,15.11406526604095,3812.0,12.73255619760179,VALID
Rajasthan,2019,North,23480,10563,22979,MoRTH_Primary_Dataset_3.xlsx,RAJASTHAN,77601,77601000,persons,True,DIRECT,NONE,HIGH,JOINED,"RGI Table 11 (1 July), PDF p.91",,30.257342044561284,13.611937990489812,22979.0,29.6117318075798,VALID
Sikkim,2019,Northeast,162,73,318,MoRTH_Primary_Dataset_3.xlsx,SIKKIM,665,665000,persons,True,DIRECT,NONE,HIGH,JOINED,"RGI Table 11 (1 July), PDF p.96",,24.360902255639097,10.977443609022556,318.0,47.81954887218045,VALID
Tamil Nadu,2019,South,62685,18129,63132,MoRTH_Primary_Dataset_3.xlsx,TAMIL NADU,75813,75813000,persons,True,DIRECT,NONE,HIGH,JOINED,"RGI Table 11 (1 July), PDF p.95",,82.68370859878912,23.912785406196825,63132.0,83.27331724110641,VALID
Telangana,2019,South,21570,6964,21999,MoRTH_Primary_Dataset_3.xlsx,TELANGANA,37283,37283000,persons,True,DIRECT,NONE,HIGH,JOINED,"RGI Table 11 (1 July), PDF p.101",,57.85478636375828,18.678754392082183,21999.0,59.00544484081216,VALID
Tripura,2019,Northeast,655,239,816,MoRTH_Primary_Dataset_3.xlsx,TRIPURA,4002,4002000,persons,True,DIRECT,NONE,HIGH,JOINED,"RGI Table 11 (1 July), PDF p.98",,16.366816591704147,5.9720139930034986,816.0,20.389805097451273,VALID
Uttarakhand,2019,North,1352,867,1457,MoRTH_Primary_Dataset_3.xlsx,UTTARAKHAND,11184,11184000,persons,True,DIRECT,NONE,HIGH,JOINED,"RGI Table 11 (1 July), PDF p.96",,12.088698140200286,7.752145922746781,1457.0,13.027539341917024,VALID
Uttar Pradesh,2019,North,42572,22655,28932,MoRTH_Primary_Dataset_3.xlsx,UTTAR PRADESH,225967,225967000,persons,True,DIRECT,NONE,HIGH,JOINED,"RGI Table 11 (1 July), PDF p.91",,18.83991910323189,10.025800227466842,28932.0,12.803639469480057,VALID
West Bengal,2019,East,12658,5767,11761,MoRTH_Primary_Dataset_3.xlsx,WEST BENGAL,97109,97109000,persons,True,DIRECT,NONE,HIGH,JOINED,"RGI Table 11 (1 July), PDF p.92",,13.034837141768529,5.938687454303927,11761.0,12.111132850714146,VALID
Andaman & Nicobar Islands,2019,South,230,20,207,MoRTH_Primary_Dataset_3.xlsx,ANDAMAN & NICOBAR ISLANDS,398,398000,persons,True,DIRECT,NONE,HIGH,JOINED,"RGI Table 11 (1 July), PDF p.100",,57.78894472361809,5.025125628140704,207.0,52.01005025125628,VALID
Chandigarh,2019,North,305,104,275,MoRTH_Primary_Dataset_3.xlsx,CHANDIGARH,1184,1184000,persons,True,DIRECT,NONE,HIGH,JOINED,"RGI Table 11 (1 July), PDF p.96",,25.760135135135137,8.783783783783784,275.0,23.22635135135135,VALID
Dadra & Nagar Haveli,2019,West,68,49,105,MoRTH_Primary_Dataset_3.xlsx,DADRA & NAGAR HAVELI,556,556000,persons,True,DIRECT,NONE,HIGH,JOINED,"RGI Table 11 (1 July), PDF p.99",,12.23021582733813,8.812949640287771,105.0,18.884892086330936,VALID
Daman & Diu,2019,West,69,28,74,MoRTH_Primary_Dataset_3.xlsx,DAMAN & DIU,423,423000,persons,True,DIRECT,NONE,HIGH,JOINED,"RGI Table 11 (1 July), PDF p.99",,16.31205673758865,6.619385342789599,74.0,17.494089834515368,VALID
Delhi,2019,North,5610,1463,5152,MoRTH_Primary_Dataset_3.xlsx,NCT OF DELHI,19940,19940000,persons,True,DIRECT,RENAME_NCT OF DELHI,HIGH,JOINED,"RGI Table 11 (1 July), PDF p.90",,28.13440320962889,7.337011033099298,5152.0,25.83751253761284,VALID
Jammu & Kashmir,2019,North,5796,996,7532,MoRTH_Primary_Dataset_3.xlsx,JAMMU & KASHMIR (UT),13237,13237000,persons,True,DIRECT,JAMMU_KASHMIR_DIRECT,HIGH,JOINED,"RGI Table 11 (1 July), PDF p.89",,43.78635642517187,7.524363526478809,7532.0,56.90111052353252,VALID
Ladakh,2019,North,0,0,,MoRTH_Primary_Dataset_3.xlsx,LADAKH,294,294000,persons,True,DIRECT,LADAKH_DIRECT,HIGH,JOINED,"RGI Table 11 (1 July), PDF p.101",,0.0,0.0,,,VALID
Lakshadweep,2019,South,1,0,1,MoRTH_Primary_Dataset_3.xlsx,LAKSHADWEEP,68,68000,persons,True,DIRECT,NONE,HIGH,JOINED,"RGI Table 11 (1 July), PDF p.100",,1.4705882352941178,0.0,1.0,1.4705882352941178,VALID
Puducherry,2019,South,1392,147,1619,MoRTH_Primary_Dataset_3.xlsx,PUDUCHERRY,1515,1515000,persons,True,DIRECT,NONE,HIGH,JOINED,"RGI Table 11 (1 July), PDF p.100",,91.88118811881189,9.702970297029703,1619.0,106.86468646864687,VALID
Andhra Pradesh,2020,South,19509,7039,19675,MoRTH_Primary_Dataset_3.xlsx,ANDHRA PRADESH,52599,52599000,persons,True,DIRECT,NONE,HIGH,JOINED,"RGI Table 11 (1 July), PDF p.94",,37.090058746364,13.382383695507519,19675.0,37.405654099887826,VALID
Arunachal Pradesh,2020,Northeast,134,73,185,MoRTH_Primary_Dataset_3.xlsx,ARUNACHAL PRADESH,1522,1522000,persons,True,DIRECT,NONE,HIGH,JOINED,"RGI Table 11 (1 July), PDF p.97",,8.804204993429698,4.7963206307490145,185.0,12.155059132720105,VALID
Assam,2020,Northeast,6595,2629,5269,MoRTH_Primary_Dataset_3.xlsx,ASSAM,34793,34793000,persons,True,DIRECT,NONE,HIGH,JOINED,"RGI Table 11 (1 July), PDF p.92",,18.954962205041245,7.556117609864053,5269.0,15.143850774581095,VALID
Bihar,2020,East,8639,6699,7016,MoRTH_Primary_Dataset_3.xlsx,BIHAR,121895,121895000,persons,True,DIRECT,NONE,HIGH,JOINED,"RGI Table 11 (1 July), PDF p.91",,7.087247220968866,5.495713523934534,7016.0,5.755773411542721,VALID
Chhattisgarh,2020,Central,11656,4606,10505,MoRTH_Primary_Dataset_3.xlsx,CHHATTISGARH,29237,29237000,persons,True,DIRECT,NONE,HIGH,JOINED,"RGI Table 11 (1 July), PDF p.93",,39.867291445770775,15.754010329377158,10505.0,35.93049902520778,VALID
Goa,2020,West,2375,223,880,MoRTH_Primary_Dataset_3.xlsx,GOA,1553,1553000,persons,True,DIRECT,NONE,HIGH,JOINED,"RGI Table 11 (1 July), PDF p.99",,152.92981326464906,14.359304571796525,880.0,56.664520283322595,VALID
Gujarat,2020,West,13398,6170,12002,MoRTH_Primary_Dataset_3.xlsx,GUJARAT,69171,69171000,persons,True,DIRECT,NONE,HIGH,JOINED,"RGI Table 11 (1 July), PDF p.94",,19.3693889057553,8.91992308915586,12002.0,17.351202093362826,VALID
Haryana,2020,North,9431,4507,7659,MoRTH_Primary_Dataset_3.xlsx,HARYANA,29213,29213000,persons,True,DIRECT,NONE,HIGH,JOINED,"RGI Table 11 (1 July), PDF p.90",,32.283572382158624,15.428062848731727,7659.0,26.217779755588264,VALID
Himachal Pradesh,2020,North,2239,893,3223,MoRTH_Primary_Dataset_3.xlsx,HIMACHAL PRADESH,7362,7362000,persons,True,DIRECT,NONE,HIGH,JOINED,"RGI Table 11 (1 July), PDF p.89",,30.412931268676992,12.12985601738658,3223.0,43.77886443901114,VALID
Jharkhand,2020,East,4405,3044,3295,MoRTH_Primary_Dataset_3.xlsx,JHARKHAND,38115,38115000,persons,True,DIRECT,NONE,HIGH,JOINED,"RGI Table 11 (1 July), PDF p.92",,11.557129738947921,7.9863570772661685,3295.0,8.644890463072281,VALID
Karnataka,2020,South,34178,9760,39492,MoRTH_Primary_Dataset_3.xlsx,KARNATAKA,66496,66496000,persons,True,DIRECT,NONE,HIGH,JOINED,"RGI Table 11 (1 July), PDF p.95",,51.39858036573629,14.67757459095284,39492.0,59.3900384985563,VALID
Kerala,2020,South,27877,2979,30510,MoRTH_Primary_Dataset_3.xlsx,KERALA,35368,35368000,persons,True,DIRECT,NONE,HIGH,JOINED,"RGI Table 11 (1 July), PDF p.95",,78.81983714091834,8.422868129382492,30510.0,86.2644198145216,VALID
Madhya Pradesh,2020,Central,45266,11141,46456,MoRTH_Primary_Dataset_3.xlsx,MADHYA PRADESH,83755,83755000,persons,True,DIRECT,NONE,HIGH,JOINED,"RGI Table 11 (1 July), PDF p.93",,54.045728613217115,13.301892424332875,46456.0,55.4665393110859,VALID
Maharashtra,2020,West,24971,11569,19914,MoRTH_Primary_Dataset_3.xlsx,MAHARASHTRA,123676,123676000,persons,True,DIRECT,NONE,HIGH,JOINED,"RGI Table 11 (1 July), PDF p.94",,20.19065946505385,9.354280539474109,19914.0,16.101749733173776,VALID
Manipur,2020,Northeast,432,127,663,MoRTH_Primary_Dataset_3.xlsx,MANIPUR,3142,3142000,persons,True,DIRECT,NONE,HIGH,JOINED,"RGI Table 11 (1 July), PDF p.97",,13.749204328453214,4.042011457670274,663.0,21.10120942075111,VALID
Meghalaya,2020,Northeast,214,144,220,MoRTH_Primary_Dataset_3.xlsx,MEGHALAYA,3264,3264000,persons,True,DIRECT,NONE,HIGH,JOINED,"RGI Table 11 (1 July), PDF p.98",,6.556372549019608,4.411764705882353,220.0,6.740196078431373,VALID
Mizoram,2020,Northeast,53,42,68,MoRTH_Primary_Dataset_3.xlsx,MIZORAM,1207,1207000,persons,True,DIRECT,NONE,HIGH,JOINED,"RGI Table 11 (1 July), PDF p.98",,4.391052195526098,3.47970173985087,68.0,5.633802816901409,VALID
Nagaland,2020,Northeast,500,53,286,MoRTH_Primary_Dataset_3.xlsx,NAGALAND,2177,2177000,persons,True,DIRECT,NONE,HIGH,JOINED,"RGI Table 11 (1 July), PDF p.97",,22.967386311437757,2.4345429490124024,286.0,13.137344970142397,VALID
Odisha,2020,East,9817,4738,8822,MoRTH_Primary_Dataset_3.xlsx,ODISHA,45465,45465000,persons,True,DIRECT,NONE,HIGH,JOINED,"RGI Table 11 (1 July), PDF p.93",,21.592433740239745,10.421203123281645,8822.0,19.403937094468272,VALID
Punjab,2020,North,5203,3898,2904,MoRTH_Primary_Dataset_3.xlsx,PUNJAB,30179,30179000,persons,True,DIRECT,NONE,HIGH,JOINED,"RGI Table 11 (1 July), PDF p.90",,17.240465224162495,12.916266277875344,2904.0,9.622585241393022,VALID
Rajasthan,2020,North,19114,9250,16769,MoRTH_Primary_Dataset_3.xlsx,RAJASTHAN,78609,78609000,persons,True,DIRECT,NONE,HIGH,JOINED,"RGI Table 11 (1 July), PDF p.91",,24.315281965169383,11.767100459234948,16769.0,21.332162983882252,VALID
Sikkim,2020,Northeast,138,47,218,MoRTH_Primary_Dataset_3.xlsx,SIKKIM,672,672000,persons,True,DIRECT,NONE,HIGH,JOINED,"RGI Table 11 (1 July), PDF p.96",,20.53571428571429,6.9940476190476195,218.0,32.44047619047619,VALID
Tamil Nadu,2020,South,49844,14527,47618,MoRTH_Primary_Dataset_3.xlsx,TAMIL NADU,76167,76167000,persons,True,DIRECT,NONE,HIGH,JOINED,"RGI Table 11 (1 July), PDF p.95",,65.4404138275106,19.072564233854557,47618.0,62.51788832433994,VALID
Telangana,2020,South,19172,6882,18661,MoRTH_Primary_Dataset_3.xlsx,TELANGANA,37536,37536000,persons,True,DIRECT,NONE,HIGH,JOINED,"RGI Table 11 (1 July), PDF p.101",,51.07630008525149,18.334398976982097,18661.0,49.714940323955666,VALID
Tripura,2020,Northeast,466,192,470,MoRTH_Primary_Dataset_3.xlsx,TRIPURA,4042,4042000,persons,True,DIRECT,NONE,HIGH,JOINED,"RGI Table 11 (1 July), PDF p.98",,11.52894606630381,4.75012370113805,470.0,11.627906976744187,VALID
Uttarakhand,2020,North,1041,674,854,MoRTH_Primary_Dataset_3.xlsx,UTTARAKHAND,11313,11313000,persons,True,DIRECT,NONE,HIGH,JOINED,"RGI Table 11 (1 July), PDF p.96",,9.201803235216124,5.957747723857509,854.0,7.548837620436665,VALID
Uttar Pradesh,2020,North,34243,19149,22410,MoRTH_Primary_Dataset_3.xlsx,UTTAR PRADESH,228931,228931000,persons,True,DIRECT,NONE,HIGH,JOINED,"RGI Table 11 (1 July), PDF p.91",,14.957782039129693,8.364529050237845,22410.0,9.78897571757429,VALID
West Bengal,2020,East,10863,5128,9715,MoRTH_Primary_Dataset_3.xlsx,WEST BENGAL,97719,97719000,persons,True,DIRECT,NONE,HIGH,JOINED,"RGI Table 11 (1 July), PDF p.92",,11.116568937463542,5.2477000378636705,9715.0,9.941771815102488,VALID
Andaman & Nicobar Islands,2020,South,141,14,145,MoRTH_Primary_Dataset_3.xlsx,ANDAMAN & NICOBAR ISLANDS,399,399000,persons,True,DIRECT,NONE,HIGH,JOINED,"RGI Table 11 (1 July), PDF p.100",,35.338345864661655,3.508771929824561,145.0,36.340852130325814,VALID
Chandigarh,2020,North,159,53,148,MoRTH_Primary_Dataset_3.xlsx,CHANDIGARH,1198,1198000,persons,True,DIRECT,NONE,HIGH,JOINED,"RGI Table 11 (1 July), PDF p.96",,13.27212020033389,4.424040066777963,148.0,12.353923205342236,VALID
Dadra & Nagar Haveli and Daman & Diu,2020,West,100,64,119,MoRTH_Primary_Dataset_3.xlsx,DADRA & NAGAR HAVELI + DAMAN & DIU,1038,1038000,persons,True,SUM,DNH_PLUS_DAMAN_DIU,MEDIUM,JOINED_WITH_TRANSFORMATION,"RGI Table 11 (1 July), Table-11 pp.93-94",Arithmetic sum of two published projections; not source-published,9.633911368015415,6.165703275529864,119.0,11.464354527938344,VALID_WITH_TRANSFORMATION
Delhi,2020,North,4178,1196,3662,MoRTH_Primary_Dataset_3.xlsx,NCT OF DELHI,20319,20319000,persons,True,DIRECT,RENAME_NCT OF DELHI,HIGH,JOINED,"RGI Table 11 (1 July), PDF p.90",,20.562035533244746,5.886116442738324,3662.0,18.022540479354298,VALID
Jammu & Kashmir,2020,North,4860,728,5894,MoRTH_Primary_Dataset_3.xlsx,JAMMU & KASHMIR (UT),13340,13340000,persons,True,DIRECT,JAMMU_KASHMIR_DIRECT,HIGH,JOINED,"RGI Table 11 (1 July), PDF p.89",,36.43178410794603,5.457271364317841,5894.0,44.18290854572714,VALID
Ladakh,2020,North,0,0,,MoRTH_Primary_Dataset_3.xlsx,LADAKH,296,296000,persons,True,DIRECT,LADAKH_DIRECT,HIGH,JOINED,"RGI Table 11 (1 July), PDF p.101",,0.0,0.0,,,VALID
Lakshadweep,2020,South,1,0,1,MoRTH_Primary_Dataset_3.xlsx,LAKSHADWEEP,68,68000,persons,True,DIRECT,NONE,HIGH,JOINED,"RGI Table 11 (1 July), PDF p.100",,1.4705882352941178,0.0,1.0,1.4705882352941178,VALID
Puducherry,2020,South,969,145,1019,MoRTH_Primary_Dataset_3.xlsx,PUDUCHERRY,1549,1549000,persons,True,DIRECT,NONE,HIGH,JOINED,"RGI Table 11 (1 July), PDF p.100",,62.55648805681084,9.360877985797288,1019.0,65.7843770174306,VALID
Andhra Pradesh,2021,South,21556,8186,21040,MoRTH_Primary_Dataset_3.xlsx,ANDHRA PRADESH,52849,52849000,persons,True,DIRECT,NONE,HIGH,JOINED,"RGI Table 11 (1 July), PDF p.94",,40.78790516376847,15.489413233930632,21040.0,39.81153853431475,VALID
Arunachal Pradesh,2021,Northeast,283,157,347,MoRTH_Primary_Dataset_3.xlsx,ARUNACHAL PRADESH,1537,1537000,persons,True,DIRECT,NONE,HIGH,JOINED,"RGI Table 11 (1 July), PDF p.97",,18.41249186727391,10.214703968770332,347.0,22.576447625243983,VALID
Assam,2021,Northeast,7411,3036,5763,MoRTH_Primary_Dataset_3.xlsx,ASSAM,35155,35155000,persons,True,DIRECT,NONE,HIGH,JOINED,"RGI Table 11 (1 July), PDF p.92",,21.080927321860333,8.63604039254729,5763.0,16.3931161996871,VALID
Bihar,2021,East,9553,7660,7946,MoRTH_Primary_Dataset_3.xlsx,BIHAR,123695,123695000,persons,True,DIRECT,NONE,HIGH,JOINED,"RGI Table 11 (1 July), PDF p.91",,7.723028416670035,6.192651279356482,7946.0,6.423865152188851,VALID
Chhattisgarh,2021,Central,12375,5371,10683,MoRTH_Primary_Dataset_3.xlsx,CHHATTISGARH,29607,29607000,persons,True,DIRECT,NONE,HIGH,JOINED,"RGI Table 11 (1 July), PDF p.93",,41.79754787719121,18.140980173607595,10683.0,36.082683149255246,VALID
Goa,2021,West,2849,226,843,MoRTH_Primary_Dataset_3.xlsx,GOA,1561,1561000,persons,True,DIRECT,NONE,HIGH,JOINED,"RGI Table 11 (1 July), PDF p.99",,182.51121076233184,14.477898782831518,843.0,54.00384368994235,VALID
Gujarat,2021,West,15186,7452,13690,MoRTH_Primary_Dataset_3.xlsx,GUJARAT,70075,70075000,persons,True,DIRECT,NONE,HIGH,JOINED,"RGI Table 11 (1 July), PDF p.94",,21.671066714234748,10.63432037103104,13690.0,19.53621120228327,VALID
Haryana,2021,North,9933,4706,8121,MoRTH_Primary_Dataset_3.xlsx,HARYANA,29604,29604000,persons,True,DIRECT,NONE,HIGH,JOINED,"RGI Table 11 (1 July), PDF p.90",,33.5528982569923,15.896500472909066,8121.0,27.432103769760843,VALID
Himachal Pradesh,2021,North,2404,1052,3454,MoRTH_Primary_Dataset_3.xlsx,HIMACHAL PRADESH,7406,7406000,persons,True,DIRECT,NONE,HIGH,JOINED,"RGI Table 11 (1 July), PDF p.89",,32.460167431812046,14.204698892789631,3454.0,46.63786119362678,VALID
Jharkhand,2021,East,4728,3513,3227,MoRTH_Primary_Dataset_3.xlsx,JHARKHAND,38637,38637000,persons,True,DIRECT,NONE,HIGH,JOINED,"RGI Table 11 (1 July), PDF p.92",,12.236974920413076,9.092320832362761,3227.0,8.352097730155032,VALID
Karnataka,2021,South,34647,10038,40754,MoRTH_Primary_Dataset_3.xlsx,KARNATAKA,66986,66986000,persons,True,DIRECT,NONE,HIGH,JOINED,"RGI Table 11 (1 July), PDF p.95",,51.722748036903226,14.985220792404382,40754.0,60.83957841937121,VALID
Kerala,2021,South,33296,3429,36775,MoRTH_Primary_Dataset_3.xlsx,KERALA,35537,35537000,persons,True,DIRECT,NONE,HIGH,JOINED,"RGI Table 11 (1 July), PDF p.95",,93.69389650223711,9.649098123082984,36775.0,103.48369305231168,VALID
Madhya Pradesh,2021,Central,48877,12057,48956,MoRTH_Primary_Dataset_3.xlsx,MADHYA PRADESH,84860,84860000,persons,True,DIRECT,NONE,HIGH,JOINED,"RGI Table 11 (1 July), PDF p.93",,57.597218948856934,14.208107471128919,48956.0,57.69031345745935,VALID
Maharashtra,2021,West,29477,13528,23071,MoRTH_Primary_Dataset_3.xlsx,MAHARASHTRA,124762,124762000,persons,True,DIRECT,NONE,HIGH,JOINED,"RGI Table 11 (1 July), PDF p.94",,23.62658501787403,10.843045157980795,23071.0,18.492008784726117,VALID
Manipur,2021,Northeast,366,110,504,MoRTH_Primary_Dataset_3.xlsx,MANIPUR,3172,3172000,persons,True,DIRECT,NONE,HIGH,JOINED,"RGI Table 11 (1 July), PDF p.97",,11.538461538461538,3.467843631778058,504.0,15.8890290037831,VALID
Meghalaya,2021,Northeast,245,187,263,MoRTH_Primary_Dataset_3.xlsx,MEGHALAYA,3295,3295000,persons,True,DIRECT,NONE,HIGH,JOINED,"RGI Table 11 (1 July), PDF p.98",,7.435508345978755,5.675265553869499,263.0,7.981790591805766,VALID
Mizoram,2021,Northeast,69,56,65,MoRTH_Primary_Dataset_3.xlsx,MIZORAM,1219,1219000,persons,True,DIRECT,NONE,HIGH,JOINED,"RGI Table 11 (1 July), PDF p.98",,5.660377358490566,4.593929450369155,65.0,5.3322395406070555,VALID
Nagaland,2021,Northeast,746,55,380,MoRTH_Primary_Dataset_3.xlsx,NAGALAND,2198,2198000,persons,True,DIRECT,NONE,HIGH,JOINED,"RGI Table 11 (1 July), PDF p.97",,33.93994540491356,2.502274795268426,380.0,17.288444040036396,VALID
Odisha,2021,East,10983,5081,9782,MoRTH_Primary_Dataset_3.xlsx,ODISHA,45793,45793000,persons,True,DIRECT,NONE,HIGH,JOINED,"RGI Table 11 (1 July), PDF p.93",,23.984015024130326,11.095582294237111,9782.0,21.36134343676981,VALID
Punjab,2021,North,5871,4589,3072,MoRTH_Primary_Dataset_3.xlsx,PUNJAB,30404,30404000,persons,True,DIRECT,NONE,HIGH,JOINED,"RGI Table 11 (1 July), PDF p.90",,19.309959215892647,15.093408762005,3072.0,10.10393369293514,VALID
Rajasthan,2021,North,20951,10043,19344,MoRTH_Primary_Dataset_3.xlsx,RAJASTHAN,79572,79572000,persons,True,DIRECT,NONE,HIGH,JOINED,"RGI Table 11 (1 July), PDF p.91",,26.32961343186045,12.621273814909767,19344.0,24.310058814658422,VALID
Sikkim,2021,Northeast,155,56,244,MoRTH_Primary_Dataset_3.xlsx,SIKKIM,678,678000,persons,True,DIRECT,NONE,HIGH,JOINED,"RGI Table 11 (1 July), PDF p.96",,22.86135693215339,8.259587020648967,244.0,35.988200589970496,VALID
Tamil Nadu,2021,South,55682,15384,55996,MoRTH_Primary_Dataset_3.xlsx,TAMIL NADU,76479,76479000,persons,True,DIRECT,NONE,HIGH,JOINED,"RGI Table 11 (1 July), PDF p.95",,72.80691431634828,20.115325775703134,55996.0,73.21748453823926,VALID
Telangana,2021,South,21315,7557,20107,MoRTH_Primary_Dataset_3.xlsx,TELANGANA,37771,37771000,persons,True,DIRECT,NONE,HIGH,JOINED,"RGI Table 11 (1 July), PDF p.101",,56.4321834211432,20.007413094702283,20107.0,53.233962563871756,VALID
Tripura,2021,Northeast,479,194,547,MoRTH_Primary_Dataset_3.xlsx,TRIPURA,4081,4081000,persons,True,DIRECT,NONE,HIGH,JOINED,"RGI Table 11 (1 July), PDF p.98",,11.737319284489097,4.753736829208528,547.0,13.40357755452095,VALID
Uttarakhand,2021,North,1405,820,1091,MoRTH_Primary_Dataset_3.xlsx,UTTARAKHAND,11439,11439000,persons,True,DIRECT,NONE,HIGH,JOINED,"RGI Table 11 (1 July), PDF p.96",,12.282542180260512,7.168458781362007,1091.0,9.53754698837311,VALID
Uttar Pradesh,2021,North,37729,21227,24897,MoRTH_Primary_Dataset_3.xlsx,UTTAR PRADESH,231704,231704000,persons,True,DIRECT,NONE,HIGH,JOINED,"RGI Table 11 (1 July), PDF p.91",,16.28327521320305,9.161257466422677,24897.0,10.745174878292994,VALID
West Bengal,2021,East,11937,5800,10454,MoRTH_Primary_Dataset_3.xlsx,WEST BENGAL,98285,98285000,persons,True,DIRECT,NONE,HIGH,JOINED,"RGI Table 11 (1 July), PDF p.92",,12.14529175357379,5.901205677366841,10454.0,10.636414508826372,VALID
Andaman & Nicobar Islands,2021,South,115,20,97,MoRTH_Primary_Dataset_3.xlsx,ANDAMAN & NICOBAR ISLANDS,401,401000,persons,True,DIRECT,NONE,HIGH,JOINED,"RGI Table 11 (1 July), PDF p.100",,28.6783042394015,4.987531172069826,97.0,24.189526184538654,VALID
Chandigarh,2021,North,208,96,172,MoRTH_Primary_Dataset_3.xlsx,CHANDIGARH,1212,1212000,persons,True,DIRECT,NONE,HIGH,JOINED,"RGI Table 11 (1 July), PDF p.96",,17.16171617161716,7.920792079207921,172.0,14.191419141914192,VALID
Dadra & Nagar Haveli and Daman & Diu,2021,West,140,76,171,MoRTH_Primary_Dataset_3.xlsx,DADRA & NAGAR HAVELI + DAMAN & DIU,1108,1108000,persons,True,SUM,DNH_PLUS_DAMAN_DIU,MEDIUM,JOINED_WITH_TRANSFORMATION,"RGI Table 11 (1 July), Table-11 pp.93-94",Arithmetic sum of two published projections; not source-published,12.63537906137184,6.859205776173285,171.0,15.43321299638989,VALID_WITH_TRANSFORMATION
Delhi,2021,North,4720,1239,4273,MoRTH_Primary_Dataset_3.xlsx,NCT OF DELHI,20703,20703000,persons,True,DIRECT,RENAME_NCT OF DELHI,HIGH,JOINED,"RGI Table 11 (1 July), PDF p.90",,22.798628218132638,5.984639907259817,4273.0,20.63952084238999,VALID
Jammu & Kashmir,2021,North,5452,774,6972,MoRTH_Primary_Dataset_3.xlsx,JAMMU & KASHMIR (UT),13440,13440000,persons,True,DIRECT,JAMMU_KASHMIR_DIRECT,HIGH,JOINED,"RGI Table 11 (1 July), PDF p.89",,40.56547619047619,5.758928571428571,6972.0,51.875,VALID
Ladakh,2021,North,236,56,242,MoRTH_Primary_Dataset_3.xlsx,LADAKH,298,298000,persons,True,DIRECT,LADAKH_DIRECT,HIGH,JOINED,"RGI Table 11 (1 July), PDF p.101",,79.19463087248322,18.79194630872483,242.0,81.20805369127517,VALID
Lakshadweep,2021,South,4,1,6,MoRTH_Primary_Dataset_3.xlsx,LAKSHADWEEP,68,68000,persons,True,DIRECT,NONE,HIGH,JOINED,"RGI Table 11 (1 July), PDF p.100",,5.882352941176471,1.4705882352941178,6.0,8.823529411764707,VALID
Puducherry,2021,South,1049,140,1099,MoRTH_Primary_Dataset_3.xlsx,PUDUCHERRY,1584,1584000,persons,True,DIRECT,NONE,HIGH,JOINED,"RGI Table 11 (1 July), PDF p.100",,66.22474747474747,8.83838383838384,1099.0,69.38131313131314,VALID
Andhra Pradesh,2022,South,21249,8293,21340,MoRTH_Primary_Dataset_3.xlsx,ANDHRA PRADESH,53033,53033000,persons,True,DIRECT,NONE,HIGH,JOINED,"RGI Table 11 (1 July), PDF p.94",,40.06750513831011,15.637433296249506,21340.0,40.23909641166821,VALID
Arunachal Pradesh,2022,Northeast,227,148,186,MoRTH_Primary_Dataset_3.xlsx,ARUNACHAL PRADESH,1551,1551000,persons,True,DIRECT,NONE,HIGH,JOINED,"RGI Table 11 (1 July), PDF p.97",,14.63571889103804,9.542230818826564,186.0,11.992263056092844,VALID
Assam,2022,Northeast,7023,2994,5637,MoRTH_Primary_Dataset_3.xlsx,ASSAM,35490,35490000,persons,True,DIRECT,NONE,HIGH,JOINED,"RGI Table 11 (1 July), PDF p.92",,19.78867286559594,8.436179205409974,5637.0,15.88334742180896,VALID
Bihar,2022,East,10801,8898,7068,MoRTH_Primary_Dataset_3.xlsx,BIHAR,125532,125532000,persons,True,DIRECT,NONE,HIGH,JOINED,"RGI Table 11 (1 July), PDF p.91",,8.60418060733518,7.0882324825542495,7068.0,5.630436860720772,VALID
Chhattisgarh,2022,Central,13279,5834,11695,MoRTH_Primary_Dataset_3.xlsx,CHHATTISGARH,29951,29951000,persons,True,DIRECT,NONE,HIGH,JOINED,"RGI Table 11 (1 July), PDF p.93",,44.33574838903542,19.4784815198157,11695.0,39.0471102801242,VALID
Goa,2022,West,3011,271,1091,MoRTH_Primary_Dataset_3.xlsx,GOA,1569,1569000,persons,True,DIRECT,NONE,HIGH,JOINED,"RGI Table 11 (1 July), PDF p.99",,191.90567240280433,17.27214786488209,1091.0,69.53473550031867,VALID
Gujarat,2022,West,15751,7618,15089,MoRTH_Primary_Dataset_3.xlsx,GUJARAT,70934,70934000,persons,True,DIRECT,NONE,HIGH,JOINED,"RGI Table 11 (1 July), PDF p.94",,22.205148447852935,10.739560718414301,15089.0,21.271886542419715,VALID
Haryana,2022,North,10429,4915,8519,MoRTH_Primary_Dataset_3.xlsx,HARYANA,29967,29967000,persons,True,DIRECT,NONE,HIGH,JOINED,"RGI Table 11 (1 July), PDF p.90",,34.801615109954284,16.401374845663565,8519.0,28.42793739780425,VALID
Himachal Pradesh,2022,North,2597,1032,4063,MoRTH_Primary_Dataset_3.xlsx,HIMACHAL PRADESH,7443,7443000,persons,True,DIRECT,NONE,HIGH,JOINED,"RGI Table 11 (1 July), PDF p.89",,34.89184468628241,13.865376864167674,4063.0,54.588203681311306,VALID
Jharkhand,2022,East,5175,3898,3747,MoRTH_Primary_Dataset_3.xlsx,JHARKHAND,39135,39135000,persons,True,DIRECT,NONE,HIGH,JOINED,"RGI Table 11 (1 July), PDF p.92",,13.223457263319279,9.960393509646098,3747.0,9.574549635875814,VALID
Karnataka,2022,South,39762,11702,48154,MoRTH_Primary_Dataset_3.xlsx,KARNATAKA,67409,67409000,persons,True,DIRECT,NONE,HIGH,JOINED,"RGI Table 11 (1 July), PDF p.95",,58.986188787847325,17.359699743357712,48154.0,71.43556498390423,VALID
Kerala,2022,South,43910,4317,49307,MoRTH_Primary_Dataset_3.xlsx,KERALA,35680,35680000,persons,True,DIRECT,NONE,HIGH,JOINED,"RGI Table 11 (1 July), PDF p.95",,123.06614349775785,12.09921524663677,49307.0,138.19226457399103,VALID
Madhya Pradesh,2022,Central,54432,13427,55168,MoRTH_Primary_Dataset_3.xlsx,MADHYA PRADESH,85891,85891000,persons,True,DIRECT,NONE,HIGH,JOINED,"RGI Table 11 (1 July), PDF p.93",,63.37334528646773,15.632604114517237,55168.0,64.23024531091733,VALID
Maharashtra,2022,West,33383,15224,27239,MoRTH_Primary_Dataset_3.xlsx,MAHARASHTRA,125736,125736000,persons,True,DIRECT,NONE,HIGH,JOINED,"RGI Table 11 (1 July), PDF p.94",,26.550073169179868,12.107908633963225,27239.0,21.66364446141121,VALID
Manipur,2022,Northeast,508,127,817,MoRTH_Primary_Dataset_3.xlsx,MANIPUR,3201,3201000,persons,True,DIRECT,NONE,HIGH,JOINED,"RGI Table 11 (1 July), PDF p.97",,15.870040612308653,3.9675101530771633,817.0,25.523273976882226,VALID
Meghalaya,2022,Northeast,246,162,310,MoRTH_Primary_Dataset_3.xlsx,MEGHALAYA,3326,3326000,persons,True,DIRECT,NONE,HIGH,JOINED,"RGI Table 11 (1 July), PDF p.98",,7.396271797955502,4.87071557426338,310.0,9.320505111244739,VALID
Mizoram,2022,Northeast,133,113,107,MoRTH_Primary_Dataset_3.xlsx,MIZORAM,1230,1230000,persons,True,DIRECT,NONE,HIGH,JOINED,"RGI Table 11 (1 July), PDF p.98",,10.8130081300813,9.1869918699187,107.0,8.699186991869919,VALID
Nagaland,2022,Northeast,489,73,291,MoRTH_Primary_Dataset_3.xlsx,NAGALAND,2218,2218000,persons,True,DIRECT,NONE,HIGH,JOINED,"RGI Table 11 (1 July), PDF p.97",,22.046889089269612,3.291253381424707,291.0,13.119927862939583,VALID
Odisha,2022,East,11663,5467,10302,MoRTH_Primary_Dataset_3.xlsx,ODISHA,46083,46083000,persons,True,DIRECT,NONE,HIGH,JOINED,"RGI Table 11 (1 July), PDF p.93",,25.30868216044962,11.863376950285355,10302.0,22.35531540915305,VALID
Punjab,2022,North,6138,4756,3324,MoRTH_Primary_Dataset_3.xlsx,PUNJAB,30600,30600000,persons,True,DIRECT,NONE,HIGH,JOINED,"RGI Table 11 (1 July), PDF p.90",,20.058823529411764,15.54248366013072,3324.0,10.862745098039214,VALID
Rajasthan,2022,North,23614,11104,22293,MoRTH_Primary_Dataset_3.xlsx,RAJASTHAN,80444,80444000,persons,True,DIRECT,NONE,HIGH,JOINED,"RGI Table 11 (1 July), PDF p.91",,29.354582069514198,13.803391178956788,22293.0,27.71244592511561,VALID
Sikkim,2022,Northeast,211,92,354,MoRTH_Primary_Dataset_3.xlsx,SIKKIM,684,684000,persons,True,DIRECT,NONE,HIGH,JOINED,"RGI Table 11 (1 July), PDF p.96",,30.847953216374265,13.450292397660819,354.0,51.75438596491228,VALID
Tamil Nadu,2022,South,64105,17884,67703,MoRTH_Primary_Dataset_3.xlsx,TAMIL NADU,76707,76707000,persons,True,DIRECT,NONE,HIGH,JOINED,"RGI Table 11 (1 July), PDF p.95",,83.57125164587326,23.314690966926094,67703.0,88.2618274733727,VALID
Telangana,2022,South,21619,7559,20209,MoRTH_Primary_Dataset_3.xlsx,TELANGANA,37953,37953000,persons,True,DIRECT,NONE,HIGH,JOINED,"RGI Table 11 (1 July), PDF p.101",,56.96255895449636,19.916739124706876,20209.0,53.24743762021448,VALID
Tripura,2022,Northeast,575,241,541,MoRTH_Primary_Dataset_3.xlsx,TRIPURA,4118,4118000,persons,True,DIRECT,NONE,HIGH,JOINED,"RGI Table 11 (1 July), PDF p.98",,13.963088878096164,5.852355512384653,541.0,13.13744536182613,VALID
Uttarakhand,2022,North,1674,1042,1613,MoRTH_Primary_Dataset_3.xlsx,UTTARAKHAND,11557,11557000,persons,True,DIRECT,NONE,HIGH,JOINED,"RGI Table 11 (1 July), PDF p.96",,14.484727870554641,9.016180669723976,1613.0,13.956909232499783,VALID
Uttar Pradesh,2022,North,41746,22595,28541,MoRTH_Primary_Dataset_3.xlsx,UTTAR PRADESH,234094,234094000,persons,True,DIRECT,NONE,HIGH,JOINED,"RGI Table 11 (1 July), PDF p.91",,17.833007253496458,9.652105564431382,28541.0,12.19211086144882,VALID
West Bengal,2022,East,13686,6002,12843,MoRTH_Primary_Dataset_3.xlsx,WEST BENGAL,98764,98764000,persons,True,DIRECT,NONE,HIGH,JOINED,"RGI Table 11 (1 July), PDF p.92",,13.857275930500993,6.077113118140213,12843.0,13.003726054027783,VALID
Andaman & Nicobar Islands,2022,South,141,19,136,MoRTH_Primary_Dataset_3.xlsx,ANDAMAN & NICOBAR ISLANDS,402,402000,persons,True,DIRECT,NONE,HIGH,JOINED,"RGI Table 11 (1 July), PDF p.100",,35.07462686567164,4.72636815920398,136.0,33.83084577114428,VALID
Chandigarh,2022,North,237,83,203,MoRTH_Primary_Dataset_3.xlsx,CHANDIGARH,1223,1223000,persons,True,DIRECT,NONE,HIGH,JOINED,"RGI Table 11 (1 July), PDF p.96",,19.37857726901063,6.786590351594439,203.0,16.59852820932134,VALID
Dadra & Nagar Haveli and Daman & Diu,2022,West,196,90,273,MoRTH_Primary_Dataset_3.xlsx,DADRA & NAGAR HAVELI + DAMAN & DIU,1201,1201000,persons,True,SUM,DNH_PLUS_DAMAN_DIU,MEDIUM,JOINED_WITH_TRANSFORMATION,"RGI Table 11 (1 July), Table-11 pp.93-94",Arithmetic sum of two published projections; not source-published,16.319733555370526,7.4937552039966695,273.0,22.73105745212323,VALID_WITH_TRANSFORMATION
Delhi,2022,North,5652,1461,5201,MoRTH_Primary_Dataset_3.xlsx,NCT OF DELHI,21096,21096000,persons,True,DIRECT,RENAME_NCT OF DELHI,HIGH,JOINED,"RGI Table 11 (1 July), PDF p.90",,26.791808873720136,6.9254835039817975,5201.0,24.653962836556694,VALID
Jammu & Kashmir,2022,North,6092,805,8372,MoRTH_Primary_Dataset_3.xlsx,JAMMU & KASHMIR (UT),13538,13538000,persons,True,DIRECT,JAMMU_KASHMIR_DIRECT,HIGH,JOINED,"RGI Table 11 (1 July), PDF p.89",,44.99926133845472,5.946225439503619,8372.0,61.84074457083764,VALID
Ladakh,2022,North,374,62,346,MoRTH_Primary_Dataset_3.xlsx,LADAKH,299,299000,persons,True,DIRECT,LADAKH_DIRECT,HIGH,JOINED,"RGI Table 11 (1 July), PDF p.101",,125.08361204013377,20.73578595317726,346.0,115.7190635451505,VALID
Lakshadweep,2022,South,3,2,2,MoRTH_Primary_Dataset_3.xlsx,LAKSHADWEEP,69,69000,persons,True,DIRECT,NONE,HIGH,JOINED,"RGI Table 11 (1 July), PDF p.100",,4.347826086956522,2.898550724637681,2.0,2.898550724637681,VALID
Puducherry,2022,South,1181,181,1282,MoRTH_Primary_Dataset_3.xlsx,PUDUCHERRY,1621,1621000,persons,True,DIRECT,NONE,HIGH,JOINED,"RGI Table 11 (1 July), PDF p.100",,72.856261566934,11.165946946329425,1282.0,79.08698334361506,VALID
Andhra Pradesh,2023,South,19949,8137,NV,MoRTH_Primary_Dataset_3.xlsx,ANDHRA PRADESH,53217,53217000,persons,True,DIRECT,NONE,HIGH,JOINED,"RGI Table 11 (1 July), PDF p.94",,37.48614164646635,15.290226807223256,,,VALID
Arunachal Pradesh,2023,Northeast,287,145,NV,MoRTH_Primary_Dataset_3.xlsx,ARUNACHAL PRADESH,1565,1565000,persons,True,DIRECT,NONE,HIGH,JOINED,"RGI Table 11 (1 July), PDF p.97",,18.338658146964857,9.26517571884984,,,VALID
Assam,2023,Northeast,7421,3296,NV,MoRTH_Primary_Dataset_3.xlsx,ASSAM,35824,35824000,persons,True,DIRECT,NONE,HIGH,JOINED,"RGI Table 11 (1 July), PDF p.92",,20.715163019205004,9.200535953550693,,,VALID
Bihar,2023,East,11014,8873,NV,MoRTH_Primary_Dataset_3.xlsx,BIHAR,127368,127368000,persons,True,DIRECT,NONE,HIGH,JOINED,"RGI Table 11 (1 July), PDF p.91",,8.647383958294077,6.966427988191696,,,VALID
Chhattisgarh,2023,Central,13468,6166,NV,MoRTH_Primary_Dataset_3.xlsx,CHHATTISGARH,30294,30294000,persons,True,DIRECT,NONE,HIGH,JOINED,"RGI Table 11 (1 July), PDF p.93",,44.457648379217005,20.353865451904667,,,VALID
Goa,2023,West,2846,290,NV,MoRTH_Primary_Dataset_3.xlsx,GOA,1577,1577000,persons,True,DIRECT,NONE,HIGH,JOINED,"RGI Table 11 (1 July), PDF p.99",,180.4692454026633,18.389346861128725,,,VALID
Gujarat,2023,West,16349,7854,NV,MoRTH_Primary_Dataset_3.xlsx,GUJARAT,71794,71794000,persons,True,DIRECT,NONE,HIGH,JOINED,"RGI Table 11 (1 July), PDF p.94",,22.772097946903642,10.939632838398751,,,VALID
Haryana,2023,North,10463,4968,NV,MoRTH_Primary_Dataset_3.xlsx,HARYANA,30331,30331000,persons,True,DIRECT,NONE,HIGH,JOINED,"RGI Table 11 (1 July), PDF p.90",,34.496060136494016,16.379281922785268,,,VALID
Himachal Pradesh,2023,North,2253,889,NV,MoRTH_Primary_Dataset_3.xlsx,HIMACHAL PRADESH,7480,7480000,persons,True,DIRECT,NONE,HIGH,JOINED,"RGI Table 11 (1 July), PDF p.89",,30.120320855614974,11.885026737967914,,,VALID
Jharkhand,2023,East,5315,4173,NV,MoRTH_Primary_Dataset_3.xlsx,JHARKHAND,39632,39632000,persons,True,DIRECT,NONE,HIGH,JOINED,"RGI Table 11 (1 July), PDF p.92",,13.410880096891402,10.529370205894226,,,VALID
Karnataka,2023,South,43440,12321,NV,MoRTH_Primary_Dataset_3.xlsx,KARNATAKA,67833,67833000,persons,True,DIRECT,NONE,HIGH,JOINED,"RGI Table 11 (1 July), PDF p.95",,64.03962673035248,18.16372562027332,,,VALID
Kerala,2023,South,48091,4080,NV,MoRTH_Primary_Dataset_3.xlsx,KERALA,35824,35824000,persons,True,DIRECT,NONE,HIGH,JOINED,"RGI Table 11 (1 July), PDF p.95",,134.24240732469855,11.389012952210809,,,VALID
Madhya Pradesh,2023,Central,55327,13798,NV,MoRTH_Primary_Dataset_3.xlsx,MADHYA PRADESH,86923,86923000,persons,True,DIRECT,NONE,HIGH,JOINED,"RGI Table 11 (1 July), PDF p.93",,63.65058730140469,15.873819357362263,,,VALID
Maharashtra,2023,West,35243,15366,NV,MoRTH_Primary_Dataset_3.xlsx,MAHARASHTRA,126710,126710000,persons,True,DIRECT,NONE,HIGH,JOINED,"RGI Table 11 (1 July), PDF p.94",,27.813905769078996,12.126903953910505,,,VALID
Manipur,2023,Northeast,398,73,NV,MoRTH_Primary_Dataset_3.xlsx,MANIPUR,3231,3231000,persons,True,DIRECT,NONE,HIGH,JOINED,"RGI Table 11 (1 July), PDF p.97",,12.318167749922624,2.259362426493346,,,VALID
Meghalaya,2023,Northeast,223,168,NV,MoRTH_Primary_Dataset_3.xlsx,MEGHALAYA,3356,3356000,persons,True,DIRECT,NONE,HIGH,JOINED,"RGI Table 11 (1 July), PDF p.98",,6.644815256257449,5.00595947556615,,,VALID
Mizoram,2023,Northeast,106,96,NV,MoRTH_Primary_Dataset_3.xlsx,MIZORAM,1241,1241000,persons,True,DIRECT,NONE,HIGH,JOINED,"RGI Table 11 (1 July), PDF p.98",,8.541498791297341,7.735697018533441,,,VALID
Nagaland,2023,Northeast,303,86,NV,MoRTH_Primary_Dataset_3.xlsx,NAGALAND,2238,2238000,persons,True,DIRECT,NONE,HIGH,JOINED,"RGI Table 11 (1 July), PDF p.97",,13.53887399463807,3.8427167113494187,,,VALID
Odisha,2023,East,11992,5739,NV,MoRTH_Primary_Dataset_3.xlsx,ODISHA,46373,46373000,persons,True,DIRECT,NONE,HIGH,JOINED,"RGI Table 11 (1 July), PDF p.93",,25.859875358506027,12.375735880792703,,,VALID
Punjab,2023,North,6269,4829,NV,MoRTH_Primary_Dataset_3.xlsx,PUNJAB,30796,30796000,persons,True,DIRECT,NONE,HIGH,JOINED,"RGI Table 11 (1 July), PDF p.90",,20.356539810364982,15.680607871152098,,,VALID
Rajasthan,2023,North,24694,11762,NV,MoRTH_Primary_Dataset_3.xlsx,RAJASTHAN,81316,81316000,persons,True,DIRECT,NONE,HIGH,JOINED,"RGI Table 11 (1 July), PDF p.91",,30.36794726745044,14.464558020561759,,,VALID
Sikkim,2023,Northeast,182,57,NV,MoRTH_Primary_Dataset_3.xlsx,SIKKIM,691,691000,persons,True,DIRECT,NONE,HIGH,JOINED,"RGI Table 11 (1 July), PDF p.96",,26.33863965267728,8.24891461649783,,,VALID
Tamil Nadu,2023,South,67213,18347,NV,MoRTH_Primary_Dataset_3.xlsx,TAMIL NADU,76936,76936000,persons,True,DIRECT,NONE,HIGH,JOINED,"RGI Table 11 (1 July), PDF p.95",,87.3622231465114,23.847093688260372,,,VALID
Telangana,2023,South,22903,7660,NV,MoRTH_Primary_Dataset_3.xlsx,TELANGANA,38135,38135000,persons,True,DIRECT,NONE,HIGH,JOINED,"RGI Table 11 (1 July), PDF p.101",,60.05768978628557,20.086534679428347,,,VALID
Tripura,2023,Northeast,577,261,NV,MoRTH_Primary_Dataset_3.xlsx,TRIPURA,4156,4156000,persons,True,DIRECT,NONE,HIGH,JOINED,"RGI Table 11 (1 July), PDF p.98",,13.88354186717998,6.280076997112608,,,VALID
Uttarakhand,2023,North,1691,1054,NV,MoRTH_Primary_Dataset_3.xlsx,UTTARAKHAND,11676,11676000,persons,True,DIRECT,NONE,HIGH,JOINED,"RGI Table 11 (1 July), PDF p.96",,14.482699554642002,9.027064063035287,,,VALID
Uttar Pradesh,2023,North,44534,23652,NV,MoRTH_Primary_Dataset_3.xlsx,UTTAR PRADESH,236484,236484000,persons,True,DIRECT,NONE,HIGH,JOINED,"RGI Table 11 (1 July), PDF p.91",,18.831718002063564,10.0015223017202,,,VALID
West Bengal,2023,East,13795,6027,NV,MoRTH_Primary_Dataset_3.xlsx,WEST BENGAL,99243,99243000,persons,True,DIRECT,NONE,HIGH,JOINED,"RGI Table 11 (1 July), PDF p.92",,13.900224700986469,6.0729724010761466,,,VALID
Andaman & Nicobar Islands,2023,South,143,24,NV,MoRTH_Primary_Dataset_3.xlsx,ANDAMAN & NICOBAR ISLANDS,403,403000,persons,True,DIRECT,NONE,HIGH,JOINED,"RGI Table 11 (1 July), PDF p.100",,35.483870967741936,5.9553349875930515,,,VALID
Chandigarh,2023,North,182,67,NV,MoRTH_Primary_Dataset_3.xlsx,CHANDIGARH,1235,1235000,persons,True,DIRECT,NONE,HIGH,JOINED,"RGI Table 11 (1 July), PDF p.96",,14.736842105263158,5.425101214574899,,,VALID
Dadra & Nagar Haveli and Daman & Diu,2023,West,182,74,NV,MoRTH_Primary_Dataset_3.xlsx,DADRA & NAGAR HAVELI + DAMAN & DIU,1293,1293000,persons,True,SUM,DNH_PLUS_DAMAN_DIU,MEDIUM,JOINED_WITH_TRANSFORMATION,"RGI Table 11 (1 July), Table-11 pp.93-94",Arithmetic sum of two published projections; not source-published,14.075792730085073,5.723124516627998,,,VALID_WITH_TRANSFORMATION
Delhi,2023,North,5834,1457,NV,MoRTH_Primary_Dataset_3.xlsx,NCT OF DELHI,21490,21490000,persons,True,DIRECT,RENAME_NCT OF DELHI,HIGH,JOINED,"RGI Table 11 (1 July), PDF p.90",,27.14751046998604,6.779897626803164,,,VALID
Jammu & Kashmir,2023,North,6298,893,NV,MoRTH_Primary_Dataset_3.xlsx,JAMMU & KASHMIR (UT),13636,13636000,persons,True,DIRECT,JAMMU_KASHMIR_DIRECT,HIGH,JOINED,"RGI Table 11 (1 July), PDF p.89",,46.186564975066,6.548841302434732,,,VALID
Ladakh,2023,North,289,59,NV,MoRTH_Primary_Dataset_3.xlsx,LADAKH,301,301000,persons,True,DIRECT,LADAKH_DIRECT,HIGH,JOINED,"RGI Table 11 (1 July), PDF p.101",,96.01328903654485,19.601328903654483,,,VALID
Lakshadweep,2023,South,1,0,NV,MoRTH_Primary_Dataset_3.xlsx,LAKSHADWEEP,69,69000,persons,True,DIRECT,NONE,HIGH,JOINED,"RGI Table 11 (1 July), PDF p.100",,1.4492753623188406,0.0,,,VALID
Puducherry,2023,South,1308,149,NV,MoRTH_Primary_Dataset_3.xlsx,PUDUCHERRY,1658,1658000,persons,True,DIRECT,NONE,HIGH,JOINED,"RGI Table 11 (1 July), PDF p.100",,78.89022919179735,8.986731001206273,,,VALID
Andhra Pradesh,2024,South,19557,8346,NV,MoRTH_Primary_Dataset_3.xlsx,ANDHRA PRADESH,53402,53402000,persons,True,DIRECT,NONE,HIGH,JOINED,"RGI Table 11 (1 July), PDF p.94",,36.622223886745815,15.628628141268116,,,VALID
Arunachal Pradesh,2024,Northeast,277,168,NV,MoRTH_Primary_Dataset_3.xlsx,ARUNACHAL PRADESH,1580,1580000,persons,True,DIRECT,NONE,HIGH,JOINED,"RGI Table 11 (1 July), PDF p.97",,17.531645569620252,10.632911392405063,,,VALID
Assam,2024,Northeast,7848,3351,NV,MoRTH_Primary_Dataset_3.xlsx,ASSAM,36159,36159000,persons,True,DIRECT,NONE,HIGH,JOINED,"RGI Table 11 (1 July), PDF p.92",,21.7041400481208,9.267402306479715,,,VALID
Bihar,2024,East,11610,9347,NV,MoRTH_Primary_Dataset_3.xlsx,BIHAR,129205,129205000,persons,True,DIRECT,NONE,HIGH,JOINED,"RGI Table 11 (1 July), PDF p.91",,8.985720366858867,7.2342401609844815,,,VALID
Chhattisgarh,2024,Central,14857,6945,NV,MoRTH_Primary_Dataset_3.xlsx,CHHATTISGARH,30638,30638000,persons,True,DIRECT,NONE,HIGH,JOINED,"RGI Table 11 (1 July), PDF p.93",,48.49206867288987,22.667928715973627,,,VALID
Goa,2024,West,2682,286,NV,MoRTH_Primary_Dataset_3.xlsx,GOA,1585,1585000,persons,True,DIRECT,NONE,HIGH,JOINED,"RGI Table 11 (1 July), PDF p.99",,169.21135646687696,18.04416403785489,,,VALID
Gujarat,2024,West,15588,7717,NV,MoRTH_Primary_Dataset_3.xlsx,GUJARAT,72653,72653000,persons,True,DIRECT,NONE,HIGH,JOINED,"RGI Table 11 (1 July), PDF p.94",,21.45541133882978,10.621722434035759,,,VALID
Haryana,2024,North,9806,4689,NV,MoRTH_Primary_Dataset_3.xlsx,HARYANA,30694,30694000,persons,True,DIRECT,NONE,HIGH,JOINED,"RGI Table 11 (1 July), PDF p.90",,31.947611911122696,15.27660129015443,,,VALID
Himachal Pradesh,2024,North,2156,869,NV,MoRTH_Primary_Dataset_3.xlsx,HIMACHAL PRADESH,7518,7518000,persons,True,DIRECT,NONE,HIGH,JOINED,"RGI Table 11 (1 July), PDF p.89",,28.677839851024206,11.558925246076084,,,VALID
Jharkhand,2024,East,5196,4114,NV,MoRTH_Primary_Dataset_3.xlsx,JHARKHAND,40129,40129000,persons,True,DIRECT,NONE,HIGH,JOINED,"RGI Table 11 (1 July), PDF p.92",,12.948241919808618,10.251937501557478,,,VALID
Karnataka,2024,South,43062,12390,NV,MoRTH_Primary_Dataset_3.xlsx,KARNATAKA,68256,68256000,persons,True,DIRECT,NONE,HIGH,JOINED,"RGI Table 11 (1 July), PDF p.95",,63.088959212376935,18.15225035161744,,,VALID
Kerala,2024,South,48834,3880,NV,MoRTH_Primary_Dataset_3.xlsx,KERALA,35967,35967000,persons,True,DIRECT,NONE,HIGH,JOINED,"RGI Table 11 (1 July), PDF p.95",,135.7744599215948,10.787666472043817,,,VALID
Madhya Pradesh,2024,Central,56669,14791,NV,MoRTH_Primary_Dataset_3.xlsx,MADHYA PRADESH,87954,87954000,persons,True,DIRECT,NONE,HIGH,JOINED,"RGI Table 11 (1 July), PDF p.93",,64.43027036860177,16.81674511676558,,,VALID
Maharashtra,2024,West,36118,15715,NV,MoRTH_Primary_Dataset_3.xlsx,MAHARASHTRA,127684,127684000,persons,True,DIRECT,NONE,HIGH,JOINED,"RGI Table 11 (1 July), PDF p.94",,28.287021083299397,12.30772845462235,,,VALID
Manipur,2024,Northeast,299,72,NV,MoRTH_Primary_Dataset_3.xlsx,MANIPUR,3260,3260000,persons,True,DIRECT,NONE,HIGH,JOINED,"RGI Table 11 (1 July), PDF p.97",,9.171779141104295,2.208588957055215,,,VALID
Meghalaya,2024,Northeast,269,197,NV,MoRTH_Primary_Dataset_3.xlsx,MEGHALAYA,3387,3387000,persons,True,DIRECT,NONE,HIGH,JOINED,"RGI Table 11 (1 July), PDF p.98",,7.942131679952761,5.816356657809271,,,VALID
Mizoram,2024,Northeast,118,110,NV,MoRTH_Primary_Dataset_3.xlsx,MIZORAM,1252,1252000,persons,True,DIRECT,NONE,HIGH,JOINED,"RGI Table 11 (1 July), PDF p.98",,9.424920127795527,8.78594249201278,,,VALID
Nagaland,2024,Northeast,129,62,NV,MoRTH_Primary_Dataset_3.xlsx,NAGALAND,2258,2258000,persons,True,DIRECT,NONE,HIGH,JOINED,"RGI Table 11 (1 July), PDF p.97",,5.713020372010629,2.745792736935341,,,VALID
Odisha,2024,East,12375,6142,NV,MoRTH_Primary_Dataset_3.xlsx,ODISHA,46663,46663000,persons,True,DIRECT,NONE,HIGH,JOINED,"RGI Table 11 (1 July), PDF p.93",,26.519940852495555,13.162462764931531,,,VALID
Punjab,2024,North,6063,4759,NV,MoRTH_Primary_Dataset_3.xlsx,PUNJAB,30992,30992000,persons,True,DIRECT,NONE,HIGH,JOINED,"RGI Table 11 (1 July), PDF p.90",,19.563113061435207,15.355575632421269,,,VALID
Rajasthan,2024,North,24838,11790,NV,MoRTH_Primary_Dataset_3.xlsx,RAJASTHAN,82188,82188000,persons,True,DIRECT,NONE,HIGH,JOINED,"RGI Table 11 (1 July), PDF p.91",,30.22095683068088,14.345159877354359,,,VALID
Sikkim,2024,Northeast,149,67,NV,MoRTH_Primary_Dataset_3.xlsx,SIKKIM,697,697000,persons,True,DIRECT,NONE,HIGH,JOINED,"RGI Table 11 (1 July), PDF p.96",,21.37733142037303,9.612625538020087,,,VALID
Tamil Nadu,2024,South,67526,18449,NV,MoRTH_Primary_Dataset_3.xlsx,TAMIL NADU,77165,77165000,persons,True,DIRECT,NONE,HIGH,JOINED,"RGI Table 11 (1 July), PDF p.95",,87.50858549860688,23.9085077431478,,,VALID
Telangana,2024,South,25986,7949,NV,MoRTH_Primary_Dataset_3.xlsx,TELANGANA,38317,38317000,persons,True,DIRECT,NONE,HIGH,JOINED,"RGI Table 11 (1 July), PDF p.101",,67.81846177936686,20.74536106688937,,,VALID
Tripura,2024,Northeast,578,226,NV,MoRTH_Primary_Dataset_3.xlsx,TRIPURA,4194,4194000,persons,True,DIRECT,NONE,HIGH,JOINED,"RGI Table 11 (1 July), PDF p.98",,13.781592751549834,5.388650453028135,,,VALID
Uttarakhand,2024,North,1747,1090,NV,MoRTH_Primary_Dataset_3.xlsx,UTTARAKHAND,11795,11795000,persons,True,DIRECT,NONE,HIGH,JOINED,"RGI Table 11 (1 July), PDF p.96",,14.811360746078847,9.24120389995761,,,VALID
Uttar Pradesh,2024,North,46052,24118,NV,MoRTH_Primary_Dataset_3.xlsx,UTTAR PRADESH,238875,238875000,persons,True,DIRECT,NONE,HIGH,JOINED,"RGI Table 11 (1 July), PDF p.91",,19.278702250130824,10.096493982208269,,,VALID
West Bengal,2024,East,13702,6676,NV,MoRTH_Primary_Dataset_3.xlsx,WEST BENGAL,99723,99723000,persons,True,DIRECT,NONE,HIGH,JOINED,"RGI Table 11 (1 July), PDF p.92",,13.740059966106113,6.694543886565787,,,VALID
Andaman & Nicobar Islands,2024,South,135,29,NV,MoRTH_Primary_Dataset_3.xlsx,ANDAMAN & NICOBAR ISLANDS,404,404000,persons,True,DIRECT,NONE,HIGH,JOINED,"RGI Table 11 (1 July), PDF p.100",,33.41584158415842,7.1782178217821775,,,VALID
Chandigarh,2024,North,169,75,NV,MoRTH_Primary_Dataset_3.xlsx,CHANDIGARH,1247,1247000,persons,True,DIRECT,NONE,HIGH,JOINED,"RGI Table 11 (1 July), PDF p.96",,13.552526062550122,6.014434643143544,,,VALID
Dadra & Nagar Haveli and Daman & Diu,2024,West,152,95,NV,MoRTH_Primary_Dataset_3.xlsx,DADRA & NAGAR HAVELI + DAMAN & DIU,1387,1387000,persons,True,SUM,DNH_PLUS_DAMAN_DIU,MEDIUM,JOINED_WITH_TRANSFORMATION,"RGI Table 11 (1 July), Table-11 pp.93-94",Arithmetic sum of two published projections; not source-published,10.958904109589042,6.8493150684931505,,,VALID_WITH_TRANSFORMATION
Delhi,2024,North,5657,1551,NV,MoRTH_Primary_Dataset_3.xlsx,NCT OF DELHI,21884,21884000,persons,True,DIRECT,RENAME_NCT OF DELHI,HIGH,JOINED,"RGI Table 11 (1 July), PDF p.90",,25.849936026320602,7.087369767866935,,,VALID
Jammu & Kashmir,2024,North,5808,831,NV,MoRTH_Primary_Dataset_3.xlsx,JAMMU & KASHMIR (UT),13733,13733000,persons,True,DIRECT,JAMMU_KASHMIR_DIRECT,HIGH,JOINED,"RGI Table 11 (1 July), PDF p.89",,42.29228864778271,6.051117745576349,,,VALID
Ladakh,2024,North,264,61,NV,MoRTH_Primary_Dataset_3.xlsx,LADAKH,302,302000,persons,True,DIRECT,LADAKH_DIRECT,HIGH,JOINED,"RGI Table 11 (1 July), PDF p.101",,87.41721854304636,20.198675496688743,,,VALID
Lakshadweep,2024,South,0,0,NV,MoRTH_Primary_Dataset_3.xlsx,LAKSHADWEEP,69,69000,persons,True,DIRECT,NONE,HIGH,JOINED,"RGI Table 11 (1 July), PDF p.100",,0.0,0.0,,,VALID
Puducherry,2024,South,1431,218,NV,MoRTH_Primary_Dataset_3.xlsx,PUDUCHERRY,1695,1695000,persons,True,DIRECT,NONE,HIGH,JOINED,"RGI Table 11 (1 July), PDF p.100",,84.42477876106194,12.861356932153392,,,VALID
