Val_Year,Train_Targets,N_train,Model,RMSE,MAE,R2
2021,2020-2020,35,Naive,1934.8964313368301,1154.142857142857,0.982783175276961
2021,2020-2020,35,Linear,6242.634405625341,3874.8486543781846,0.8207853889215921
2021,2020-2020,35,Ridge,3849.724165682972,2445.3041236282784,0.9318451388460505
2021,2020-2020,35,RandomForest,3774.8814445922862,2168.252285714286,0.9344693849685026
2021,2020-2020,35,GradientBoosting,3324.724434236732,2071.4601527416485,0.94916662777795
2021,2020-2020,35,HistGradientBoosting,14790.923873036436,11183.084897959185,-0.006070036037208126
2021,2020-2020,35,"KNN(k=5, supervised)",7438.6356684542625,4217.062857142858,0.7455372669701843
2022,2020-2021,70,Naive,2867.2405848530693,1452.6285714285714,0.9712757633800847
2022,2020-2021,70,Linear,7529.918377371812,4313.299598020972,0.8018925708604849
2022,2020-2021,70,Ridge,5635.977456360239,3644.0545926956624,0.8890164226057722
2022,2020-2021,70,RandomForest,5798.758403228599,3233.028,0.882512880860119
2022,2020-2021,70,GradientBoosting,5490.265720016534,3060.094955266648,0.8946809451043877
2022,2020-2021,70,HistGradientBoosting,7323.676954440037,4208.6973133572155,0.8125961175857208
2022,2020-2021,70,"KNN(k=5, supervised)",8777.26766733247,5387.09142857143,0.7308224039925948
2023,2020-2022,105,Naive,1290.2055982339737,683.9142857142857,0.99478441559774
2023,2020-2022,105,Linear,3610.8300967838195,3370.118095089445,0.9591493245968048
2023,2020-2022,105,Ridge,3767.8692493430162,3555.2485069803733,0.9555187706719237
2023,2020-2022,105,RandomForest,2637.772645484931,1260.9177142857145,0.9781998313069271
2023,2020-2022,105,GradientBoosting,1830.4232010839603,944.0791409138366,0.9895024450226283
2023,2020-2022,105,HistGradientBoosting,4430.38682644867,2287.094255166756,0.9385009470418857
2023,2020-2022,105,"KNN(k=5, supervised)",7294.362372917085,4572.948571428571,0.8332907095275275
2024,2020-2023,140,Naive,744.5623834556395,427.0857142857143,0.998321942585778
2024,2020-2023,140,Linear,2565.9526336037316,2451.0182121247713,0.9800702475574282
2024,2020-2023,140,Ridge,2638.75535982864,2539.798628775777,0.978923286573038
2024,2020-2023,140,RandomForest,1411.8942741660435,780.4177142857146,0.9939659488452371
2024,2020-2023,140,GradientBoosting,2325.018621741093,1061.719957918407,0.9836372044135913
2024,2020-2023,140,HistGradientBoosting,3268.083060533561,1785.0566762056646,0.9676711091108705
2024,2020-2023,140,"KNN(k=5, supervised)",4846.632802501724,3218.0228571428574,0.9288975004332277
