State_UT,Zone,Variable_X,Outcome_Y,N,Pearson_r,Pearson_p,Spearman_rho,Spearman_p,Status,Interpretation_Note
Andhra Pradesh,South,Annual_Rainfall_mm,Accidents,7,-0.687,0.088,-0.571,0.18,OK,within-state temporal association; low power (N<=7)
Andhra Pradesh,South,Annual_Rainfall_mm,Fatalities,7,-0.095,0.839,0.071,0.879,OK,within-state temporal association; low power (N<=7)
Andhra Pradesh,South,Annual_Mean_Tmax_C,Accidents,7,0.257,0.578,0.286,0.535,OK,within-state temporal association; low power (N<=7)
Andhra Pradesh,South,Annual_Mean_Tmax_C,Fatalities,7,0.043,0.927,-0.357,0.432,OK,within-state temporal association; low power (N<=7)
Andhra Pradesh,South,Annual_Mean_Tmin_C,Accidents,7,-0.579,0.173,-0.536,0.215,OK,within-state temporal association; low power (N<=7)
Andhra Pradesh,South,Annual_Mean_Tmin_C,Fatalities,7,0.284,0.537,0.179,0.702,OK,within-state temporal association; low power (N<=7)
Andhra Pradesh,South,Annual_Rainfall_mm,Acc_perlakh,7,-0.677,0.0949,-0.464,0.294,OK,within-state temporal association; low power (N<=7)
Andhra Pradesh,South,Annual_Rainfall_mm,Fat_perlakh,7,-0.174,0.71,0.107,0.819,OK,within-state temporal association; low power (N<=7)
Andhra Pradesh,South,Annual_Mean_Tmax_C,Acc_perlakh,7,0.265,0.566,0.25,0.589,OK,within-state temporal association; low power (N<=7)
Andhra Pradesh,South,Annual_Mean_Tmax_C,Fat_perlakh,7,0.088,0.85,-0.464,0.294,OK,within-state temporal association; low power (N<=7)
Andhra Pradesh,South,Annual_Mean_Tmin_C,Acc_perlakh,7,-0.577,0.175,-0.607,0.148,OK,within-state temporal association; low power (N<=7)
Andhra Pradesh,South,Annual_Mean_Tmin_C,Fat_perlakh,7,0.233,0.616,0.0,1,OK,within-state temporal association; low power (N<=7)
Arunachal Pradesh,Northeast,Annual_Rainfall_mm,Accidents,7,-0.833,0.02,-0.829,0.0212,OK,within-state temporal association; low power (N<=7)
Arunachal Pradesh,Northeast,Annual_Rainfall_mm,Fatalities,7,-0.656,0.11,-0.5,0.253,OK,within-state temporal association; low power (N<=7)
Arunachal Pradesh,Northeast,Annual_Mean_Tmax_C,Accidents,7,0.22,0.636,0.559,0.192,OK,within-state temporal association; low power (N<=7)
Arunachal Pradesh,Northeast,Annual_Mean_Tmax_C,Fatalities,7,0.028,0.953,0.107,0.819,OK,within-state temporal association; low power (N<=7)
Arunachal Pradesh,Northeast,Annual_Mean_Tmin_C,Accidents,7,0.007,0.988,0.613,0.144,OK,within-state temporal association; low power (N<=7)
Arunachal Pradesh,Northeast,Annual_Mean_Tmin_C,Fatalities,7,-0.115,0.806,0.107,0.819,OK,within-state temporal association; low power (N<=7)
Arunachal Pradesh,Northeast,Annual_Rainfall_mm,Acc_perlakh,7,-0.817,0.025,-0.714,0.0713,OK,within-state temporal association; low power (N<=7)
Arunachal Pradesh,Northeast,Annual_Rainfall_mm,Fat_perlakh,7,-0.635,0.126,-0.5,0.253,OK,within-state temporal association; low power (N<=7)
Arunachal Pradesh,Northeast,Annual_Mean_Tmax_C,Acc_perlakh,7,0.243,0.6,0.464,0.294,OK,within-state temporal association; low power (N<=7)
Arunachal Pradesh,Northeast,Annual_Mean_Tmax_C,Fat_perlakh,7,0.05,0.916,0.107,0.819,OK,within-state temporal association; low power (N<=7)
Arunachal Pradesh,Northeast,Annual_Mean_Tmin_C,Acc_perlakh,7,0.033,0.944,0.536,0.215,OK,within-state temporal association; low power (N<=7)
Arunachal Pradesh,Northeast,Annual_Mean_Tmin_C,Fat_perlakh,7,-0.086,0.854,0.107,0.819,OK,within-state temporal association; low power (N<=7)
Assam,Northeast,Annual_Rainfall_mm,Accidents,7,-0.394,0.382,-0.357,0.432,OK,within-state temporal association; low power (N<=7)
Assam,Northeast,Annual_Rainfall_mm,Fatalities,7,-0.269,0.56,-0.214,0.645,OK,within-state temporal association; low power (N<=7)
Assam,Northeast,Annual_Mean_Tmax_C,Accidents,7,-0.183,0.695,-0.143,0.76,OK,within-state temporal association; low power (N<=7)
Assam,Northeast,Annual_Mean_Tmax_C,Fatalities,7,0.033,0.945,0.071,0.879,OK,within-state temporal association; low power (N<=7)
Assam,Northeast,Annual_Mean_Tmin_C,Accidents,7,-0.467,0.291,-0.679,0.0938,OK,within-state temporal association; low power (N<=7)
Assam,Northeast,Annual_Mean_Tmin_C,Fatalities,7,0.195,0.675,0.071,0.879,OK,within-state temporal association; low power (N<=7)
Assam,Northeast,Annual_Rainfall_mm,Acc_perlakh,7,-0.378,0.403,-0.429,0.337,OK,within-state temporal association; low power (N<=7)
Assam,Northeast,Annual_Rainfall_mm,Fat_perlakh,7,-0.336,0.461,-0.25,0.589,OK,within-state temporal association; low power (N<=7)
Assam,Northeast,Annual_Mean_Tmax_C,Acc_perlakh,7,-0.162,0.728,-0.107,0.819,OK,within-state temporal association; low power (N<=7)
Assam,Northeast,Annual_Mean_Tmax_C,Fat_perlakh,7,0.039,0.933,-0.107,0.819,OK,within-state temporal association; low power (N<=7)
Assam,Northeast,Annual_Mean_Tmin_C,Acc_perlakh,7,-0.547,0.204,-0.75,0.0522,OK,within-state temporal association; low power (N<=7)
Assam,Northeast,Annual_Mean_Tmin_C,Fat_perlakh,7,0.044,0.926,-0.464,0.294,OK,within-state temporal association; low power (N<=7)
Bihar,East,Annual_Rainfall_mm,Accidents,7,-0.703,0.0781,-0.5,0.253,OK,within-state temporal association; low power (N<=7)
Bihar,East,Annual_Rainfall_mm,Fatalities,7,-0.48,0.276,-0.321,0.482,OK,within-state temporal association; low power (N<=7)
Bihar,East,Annual_Mean_Tmax_C,Accidents,7,0.909,0.00458,0.929,0.00252,OK,within-state temporal association; low power (N<=7)
Bihar,East,Annual_Mean_Tmax_C,Fatalities,7,0.744,0.0551,0.75,0.0522,OK,within-state temporal association; low power (N<=7)
Bihar,East,Annual_Mean_Tmin_C,Accidents,7,0.865,0.012,0.893,0.00681,OK,within-state temporal association; low power (N<=7)
Bihar,East,Annual_Mean_Tmin_C,Fatalities,7,0.91,0.00444,0.893,0.00681,OK,within-state temporal association; low power (N<=7)
Bihar,East,Annual_Rainfall_mm,Acc_perlakh,7,-0.815,0.0255,-0.5,0.253,OK,within-state temporal association; low power (N<=7)
Bihar,East,Annual_Rainfall_mm,Fat_perlakh,7,-0.535,0.216,-0.321,0.482,OK,within-state temporal association; low power (N<=7)
Bihar,East,Annual_Mean_Tmax_C,Acc_perlakh,7,0.944,0.00138,0.929,0.00252,OK,within-state temporal association; low power (N<=7)
Bihar,East,Annual_Mean_Tmax_C,Fat_perlakh,7,0.777,0.0397,0.75,0.0522,OK,within-state temporal association; low power (N<=7)
Bihar,East,Annual_Mean_Tmin_C,Acc_perlakh,7,0.732,0.0615,0.893,0.00681,OK,within-state temporal association; low power (N<=7)
Bihar,East,Annual_Mean_Tmin_C,Fat_perlakh,7,0.887,0.00779,0.893,0.00681,OK,within-state temporal association; low power (N<=7)
Chandigarh,North,Annual_Rainfall_mm,Accidents,7,-0.039,0.934,0.321,0.482,OK,within-state temporal association; low power (N<=7)
Chandigarh,North,Annual_Rainfall_mm,Fatalities,7,-0.257,0.577,-0.071,0.879,OK,within-state temporal association; low power (N<=7)
Chandigarh,North,Annual_Mean_Tmax_C,Accidents,7,0.35,0.441,0.357,0.432,OK,within-state temporal association; low power (N<=7)
Chandigarh,North,Annual_Mean_Tmax_C,Fatalities,7,0.296,0.519,0.036,0.939,OK,within-state temporal association; low power (N<=7)
Chandigarh,North,Annual_Mean_Tmin_C,Accidents,7,0.012,0.98,0.036,0.939,OK,within-state temporal association; low power (N<=7)
Chandigarh,North,Annual_Mean_Tmin_C,Fatalities,7,0.231,0.618,0.0,1,OK,within-state temporal association; low power (N<=7)
Chandigarh,North,Annual_Rainfall_mm,Acc_perlakh,7,-0.056,0.905,0.321,0.482,OK,within-state temporal association; low power (N<=7)
Chandigarh,North,Annual_Rainfall_mm,Fat_perlakh,7,-0.264,0.567,-0.071,0.879,OK,within-state temporal association; low power (N<=7)
Chandigarh,North,Annual_Mean_Tmax_C,Acc_perlakh,7,0.339,0.457,0.357,0.432,OK,within-state temporal association; low power (N<=7)
Chandigarh,North,Annual_Mean_Tmax_C,Fat_perlakh,7,0.295,0.521,0.036,0.939,OK,within-state temporal association; low power (N<=7)
Chandigarh,North,Annual_Mean_Tmin_C,Acc_perlakh,7,-0.031,0.947,0.036,0.939,OK,within-state temporal association; low power (N<=7)
Chandigarh,North,Annual_Mean_Tmin_C,Fat_perlakh,7,0.165,0.723,0.0,1,OK,within-state temporal association; low power (N<=7)
Chhattisgarh,Central,Annual_Rainfall_mm,Accidents,7,-0.244,0.598,-0.071,0.879,OK,within-state temporal association; low power (N<=7)
Chhattisgarh,Central,Annual_Rainfall_mm,Fatalities,7,-0.013,0.978,0.143,0.76,OK,within-state temporal association; low power (N<=7)
Chhattisgarh,Central,Annual_Mean_Tmax_C,Accidents,7,0.914,0.00402,0.821,0.0234,OK,within-state temporal association; low power (N<=7)
Chhattisgarh,Central,Annual_Mean_Tmax_C,Fatalities,7,0.466,0.292,0.143,0.76,OK,within-state temporal association; low power (N<=7)
Chhattisgarh,Central,Annual_Mean_Tmin_C,Accidents,7,0.733,0.0612,0.786,0.0362,OK,within-state temporal association; low power (N<=7)
Chhattisgarh,Central,Annual_Mean_Tmin_C,Fatalities,7,0.878,0.00943,0.75,0.0522,OK,within-state temporal association; low power (N<=7)
Chhattisgarh,Central,Annual_Rainfall_mm,Acc_perlakh,7,-0.304,0.507,-0.393,0.383,OK,within-state temporal association; low power (N<=7)
Chhattisgarh,Central,Annual_Rainfall_mm,Fat_perlakh,7,-0.039,0.934,-0.071,0.879,OK,within-state temporal association; low power (N<=7)
Chhattisgarh,Central,Annual_Mean_Tmax_C,Acc_perlakh,7,0.886,0.00797,0.964,0.000454,OK,within-state temporal association; low power (N<=7)
Chhattisgarh,Central,Annual_Mean_Tmax_C,Fat_perlakh,7,0.513,0.239,0.357,0.432,OK,within-state temporal association; low power (N<=7)
Chhattisgarh,Central,Annual_Mean_Tmin_C,Acc_perlakh,7,0.492,0.262,0.464,0.294,OK,within-state temporal association; low power (N<=7)
Chhattisgarh,Central,Annual_Mean_Tmin_C,Fat_perlakh,7,0.894,0.0066,0.786,0.0362,OK,within-state temporal association; low power (N<=7)
Dadra & Nagar Haveli and Daman & Diu,West,Annual_Rainfall_mm,Accidents,5,0.672,0.214,0.7,0.188,OK,within-state temporal association; low power (N<=7)
Dadra & Nagar Haveli and Daman & Diu,West,Annual_Rainfall_mm,Fatalities,5,0.861,0.061,0.9,0.0374,OK,within-state temporal association; low power (N<=7)
Dadra & Nagar Haveli and Daman & Diu,West,Annual_Mean_Tmax_C,Accidents,5,0.871,0.0545,0.9,0.0374,OK,within-state temporal association; low power (N<=7)
Dadra & Nagar Haveli and Daman & Diu,West,Annual_Mean_Tmax_C,Fatalities,5,0.628,0.256,0.3,0.624,OK,within-state temporal association; low power (N<=7)
Dadra & Nagar Haveli and Daman & Diu,West,Annual_Mean_Tmin_C,Accidents,5,-0.801,0.103,-0.9,0.0374,OK,within-state temporal association; low power (N<=7)
Dadra & Nagar Haveli and Daman & Diu,West,Annual_Mean_Tmin_C,Fatalities,5,-0.579,0.307,-0.3,0.624,OK,within-state temporal association; low power (N<=7)
Dadra & Nagar Haveli and Daman & Diu,West,Annual_Rainfall_mm,Acc_perlakh,5,0.662,0.223,0.6,0.285,OK,within-state temporal association; low power (N<=7)
Dadra & Nagar Haveli and Daman & Diu,West,Annual_Rainfall_mm,Fat_perlakh,5,0.905,0.0348,0.8,0.104,OK,within-state temporal association; low power (N<=7)
Dadra & Nagar Haveli and Daman & Diu,West,Annual_Mean_Tmax_C,Acc_perlakh,5,0.683,0.203,0.7,0.188,OK,within-state temporal association; low power (N<=7)
Dadra & Nagar Haveli and Daman & Diu,West,Annual_Mean_Tmax_C,Fat_perlakh,5,0.191,0.758,0.1,0.873,OK,within-state temporal association; low power (N<=7)
Dadra & Nagar Haveli and Daman & Diu,West,Annual_Mean_Tmin_C,Acc_perlakh,5,-0.637,0.247,-0.7,0.188,OK,within-state temporal association; low power (N<=7)
Dadra & Nagar Haveli and Daman & Diu,West,Annual_Mean_Tmin_C,Fat_perlakh,5,-0.201,0.746,-0.1,0.873,OK,within-state temporal association; low power (N<=7)
Delhi,North,Annual_Rainfall_mm,Accidents,7,-0.335,0.462,-0.036,0.939,OK,within-state temporal association; low power (N<=7)
Delhi,North,Annual_Rainfall_mm,Fatalities,7,-0.423,0.345,-0.429,0.337,OK,within-state temporal association; low power (N<=7)
Delhi,North,Annual_Mean_Tmax_C,Accidents,7,0.443,0.32,0.5,0.253,OK,within-state temporal association; low power (N<=7)
Delhi,North,Annual_Mean_Tmax_C,Fatalities,7,0.435,0.329,0.393,0.383,OK,within-state temporal association; low power (N<=7)
Delhi,North,Annual_Mean_Tmin_C,Accidents,7,0.521,0.23,0.487,0.268,OK,within-state temporal association; low power (N<=7)
Delhi,North,Annual_Mean_Tmin_C,Fatalities,7,0.532,0.219,0.577,0.175,OK,within-state temporal association; low power (N<=7)
Delhi,North,Annual_Rainfall_mm,Acc_perlakh,7,-0.451,0.31,-0.5,0.253,OK,within-state temporal association; low power (N<=7)
Delhi,North,Annual_Rainfall_mm,Fat_perlakh,7,-0.545,0.206,-0.571,0.18,OK,within-state temporal association; low power (N<=7)
Delhi,North,Annual_Mean_Tmax_C,Acc_perlakh,7,0.446,0.315,0.214,0.645,OK,within-state temporal association; low power (N<=7)
Delhi,North,Annual_Mean_Tmax_C,Fat_perlakh,7,0.434,0.33,0.286,0.535,OK,within-state temporal association; low power (N<=7)
Delhi,North,Annual_Mean_Tmin_C,Acc_perlakh,7,0.323,0.48,0.306,0.504,OK,within-state temporal association; low power (N<=7)
Delhi,North,Annual_Mean_Tmin_C,Fat_perlakh,7,0.293,0.524,0.487,0.268,OK,within-state temporal association; low power (N<=7)
Goa,West,Annual_Rainfall_mm,Accidents,7,-0.459,0.3,-0.536,0.215,OK,within-state temporal association; low power (N<=7)
Goa,West,Annual_Rainfall_mm,Fatalities,7,0.081,0.863,0.25,0.589,OK,within-state temporal association; low power (N<=7)
Goa,West,Annual_Mean_Tmax_C,Accidents,7,0.245,0.596,0.0,1,OK,within-state temporal association; low power (N<=7)
Goa,West,Annual_Mean_Tmax_C,Fatalities,7,0.728,0.0637,0.786,0.0362,OK,within-state temporal association; low power (N<=7)
Goa,West,Annual_Mean_Tmin_C,Accidents,7,-0.624,0.134,-0.714,0.0713,OK,within-state temporal association; low power (N<=7)
Goa,West,Annual_Mean_Tmin_C,Fatalities,7,-0.369,0.416,-0.179,0.702,OK,within-state temporal association; low power (N<=7)
Goa,West,Annual_Rainfall_mm,Acc_perlakh,7,-0.458,0.301,-0.536,0.215,OK,within-state temporal association; low power (N<=7)
Goa,West,Annual_Rainfall_mm,Fat_perlakh,7,0.049,0.916,0.25,0.589,OK,within-state temporal association; low power (N<=7)
Goa,West,Annual_Mean_Tmax_C,Acc_perlakh,7,0.229,0.621,0.0,1,OK,within-state temporal association; low power (N<=7)
Goa,West,Annual_Mean_Tmax_C,Fat_perlakh,7,0.729,0.0631,0.786,0.0362,OK,within-state temporal association; low power (N<=7)
Goa,West,Annual_Mean_Tmin_C,Acc_perlakh,7,-0.61,0.146,-0.714,0.0713,OK,within-state temporal association; low power (N<=7)
Goa,West,Annual_Mean_Tmin_C,Fat_perlakh,7,-0.405,0.368,-0.179,0.702,OK,within-state temporal association; low power (N<=7)
Gujarat,West,Annual_Rainfall_mm,Accidents,7,-0.674,0.0968,-0.464,0.294,OK,within-state temporal association; low power (N<=7)
Gujarat,West,Annual_Rainfall_mm,Fatalities,7,-0.522,0.229,-0.5,0.253,OK,within-state temporal association; low power (N<=7)
Gujarat,West,Annual_Mean_Tmax_C,Accidents,7,0.546,0.205,0.107,0.819,OK,within-state temporal association; low power (N<=7)
Gujarat,West,Annual_Mean_Tmax_C,Fatalities,7,0.458,0.301,0.536,0.215,OK,within-state temporal association; low power (N<=7)
Gujarat,West,Annual_Mean_Tmin_C,Accidents,7,0.252,0.585,0.342,0.452,OK,within-state temporal association; low power (N<=7)
Gujarat,West,Annual_Mean_Tmin_C,Fatalities,7,0.585,0.167,0.468,0.289,OK,within-state temporal association; low power (N<=7)
Gujarat,West,Annual_Rainfall_mm,Acc_perlakh,7,-0.711,0.0735,-0.643,0.119,OK,within-state temporal association; low power (N<=7)
Gujarat,West,Annual_Rainfall_mm,Fat_perlakh,7,-0.698,0.0812,-0.714,0.0713,OK,within-state temporal association; low power (N<=7)
Gujarat,West,Annual_Mean_Tmax_C,Acc_perlakh,7,0.555,0.196,0.071,0.879,OK,within-state temporal association; low power (N<=7)
Gujarat,West,Annual_Mean_Tmax_C,Fat_perlakh,7,0.565,0.186,0.107,0.819,OK,within-state temporal association; low power (N<=7)
Gujarat,West,Annual_Mean_Tmin_C,Acc_perlakh,7,0.086,0.854,0.216,0.641,OK,within-state temporal association; low power (N<=7)
Gujarat,West,Annual_Mean_Tmin_C,Fat_perlakh,7,0.379,0.401,0.252,0.585,OK,within-state temporal association; low power (N<=7)
Haryana,North,Annual_Rainfall_mm,Accidents,7,-0.369,0.415,-0.25,0.589,OK,within-state temporal association; low power (N<=7)
Haryana,North,Annual_Rainfall_mm,Fatalities,7,-0.317,0.489,-0.25,0.589,OK,within-state temporal association; low power (N<=7)
Haryana,North,Annual_Mean_Tmax_C,Accidents,7,0.339,0.458,0.25,0.589,OK,within-state temporal association; low power (N<=7)
Haryana,North,Annual_Mean_Tmax_C,Fatalities,7,0.287,0.533,0.25,0.589,OK,within-state temporal association; low power (N<=7)
Haryana,North,Annual_Mean_Tmin_C,Accidents,7,0.125,0.789,0.107,0.819,OK,within-state temporal association; low power (N<=7)
Haryana,North,Annual_Mean_Tmin_C,Fatalities,7,0.213,0.646,0.107,0.819,OK,within-state temporal association; low power (N<=7)
Haryana,North,Annual_Rainfall_mm,Acc_perlakh,7,-0.426,0.341,-0.143,0.76,OK,within-state temporal association; low power (N<=7)
Haryana,North,Annual_Rainfall_mm,Fat_perlakh,7,-0.415,0.355,-0.143,0.76,OK,within-state temporal association; low power (N<=7)
Haryana,North,Annual_Mean_Tmax_C,Acc_perlakh,7,0.33,0.47,0.286,0.535,OK,within-state temporal association; low power (N<=7)
Haryana,North,Annual_Mean_Tmax_C,Fat_perlakh,7,0.299,0.515,0.286,0.535,OK,within-state temporal association; low power (N<=7)
Haryana,North,Annual_Mean_Tmin_C,Acc_perlakh,7,-0.102,0.828,-0.071,0.879,OK,within-state temporal association; low power (N<=7)
Haryana,North,Annual_Mean_Tmin_C,Fat_perlakh,7,-0.102,0.828,-0.071,0.879,OK,within-state temporal association; low power (N<=7)
Himachal Pradesh,North,Annual_Rainfall_mm,Accidents,7,0.461,0.297,0.607,0.148,OK,within-state temporal association; low power (N<=7)
Himachal Pradesh,North,Annual_Rainfall_mm,Fatalities,7,0.396,0.379,0.393,0.383,OK,within-state temporal association; low power (N<=7)
Himachal Pradesh,North,Annual_Mean_Tmax_C,Accidents,7,0.011,0.982,-0.036,0.939,OK,within-state temporal association; low power (N<=7)
Himachal Pradesh,North,Annual_Mean_Tmax_C,Fatalities,7,0.009,0.984,-0.179,0.702,OK,within-state temporal association; low power (N<=7)
Himachal Pradesh,North,Annual_Mean_Tmin_C,Accidents,7,-0.311,0.498,-0.286,0.535,OK,within-state temporal association; low power (N<=7)
Himachal Pradesh,North,Annual_Mean_Tmin_C,Fatalities,7,-0.286,0.534,-0.429,0.337,OK,within-state temporal association; low power (N<=7)
Himachal Pradesh,North,Annual_Rainfall_mm,Acc_perlakh,7,0.45,0.31,0.429,0.337,OK,within-state temporal association; low power (N<=7)
Himachal Pradesh,North,Annual_Rainfall_mm,Fat_perlakh,7,0.391,0.386,0.393,0.383,OK,within-state temporal association; low power (N<=7)
Himachal Pradesh,North,Annual_Mean_Tmax_C,Acc_perlakh,7,-0.015,0.974,-0.071,0.879,OK,within-state temporal association; low power (N<=7)
Himachal Pradesh,North,Annual_Mean_Tmax_C,Fat_perlakh,7,-0.019,0.968,-0.179,0.702,OK,within-state temporal association; low power (N<=7)
Himachal Pradesh,North,Annual_Mean_Tmin_C,Acc_perlakh,7,-0.347,0.446,-0.393,0.383,OK,within-state temporal association; low power (N<=7)
Himachal Pradesh,North,Annual_Mean_Tmin_C,Fat_perlakh,7,-0.327,0.474,-0.429,0.337,OK,within-state temporal association; low power (N<=7)
Jammu & Kashmir,North,Annual_Rainfall_mm,Accidents,7,-0.01,0.983,-0.143,0.76,OK,within-state temporal association; low power (N<=7)
Jammu & Kashmir,North,Annual_Rainfall_mm,Fatalities,7,0.496,0.257,0.143,0.76,OK,within-state temporal association; low power (N<=7)
Jammu & Kashmir,North,Annual_Mean_Tmax_C,Accidents,7,0.442,0.32,0.5,0.253,OK,within-state temporal association; low power (N<=7)
Jammu & Kashmir,North,Annual_Mean_Tmax_C,Fatalities,7,-0.163,0.727,-0.107,0.819,OK,within-state temporal association; low power (N<=7)
Jammu & Kashmir,North,Annual_Mean_Tmin_C,Accidents,7,0.67,0.0995,0.5,0.253,OK,within-state temporal association; low power (N<=7)
Jammu & Kashmir,North,Annual_Mean_Tmin_C,Fatalities,7,-0.064,0.892,-0.143,0.76,OK,within-state temporal association; low power (N<=7)
Jammu & Kashmir,North,Annual_Rainfall_mm,Acc_perlakh,7,0.101,0.829,0.0,1,OK,within-state temporal association; low power (N<=7)
Jammu & Kashmir,North,Annual_Rainfall_mm,Fat_perlakh,7,0.532,0.219,0.143,0.76,OK,within-state temporal association; low power (N<=7)
Jammu & Kashmir,North,Annual_Mean_Tmax_C,Acc_perlakh,7,0.4,0.374,0.321,0.482,OK,within-state temporal association; low power (N<=7)
Jammu & Kashmir,North,Annual_Mean_Tmax_C,Fat_perlakh,7,-0.187,0.689,-0.107,0.819,OK,within-state temporal association; low power (N<=7)
Jammu & Kashmir,North,Annual_Mean_Tmin_C,Acc_perlakh,7,0.584,0.168,0.214,0.645,OK,within-state temporal association; low power (N<=7)
Jammu & Kashmir,North,Annual_Mean_Tmin_C,Fat_perlakh,7,-0.126,0.788,-0.143,0.76,OK,within-state temporal association; low power (N<=7)
Jharkhand,East,Annual_Rainfall_mm,Accidents,7,-0.663,0.105,-0.643,0.119,OK,within-state temporal association; low power (N<=7)
Jharkhand,East,Annual_Rainfall_mm,Fatalities,7,-0.239,0.605,-0.25,0.589,OK,within-state temporal association; low power (N<=7)
Jharkhand,East,Annual_Mean_Tmax_C,Accidents,7,0.835,0.0193,0.536,0.215,OK,within-state temporal association; low power (N<=7)
Jharkhand,East,Annual_Mean_Tmax_C,Fatalities,7,0.954,0.000867,0.929,0.00252,OK,within-state temporal association; low power (N<=7)
Jharkhand,East,Annual_Mean_Tmin_C,Accidents,7,0.266,0.564,0.071,0.879,OK,within-state temporal association; low power (N<=7)
Jharkhand,East,Annual_Mean_Tmin_C,Fatalities,7,0.758,0.0485,0.857,0.0137,OK,within-state temporal association; low power (N<=7)
Jharkhand,East,Annual_Rainfall_mm,Acc_perlakh,7,-0.735,0.0597,-0.75,0.0522,OK,within-state temporal association; low power (N<=7)
Jharkhand,East,Annual_Rainfall_mm,Fat_perlakh,7,-0.373,0.41,-0.179,0.702,OK,within-state temporal association; low power (N<=7)
Jharkhand,East,Annual_Mean_Tmax_C,Acc_perlakh,7,0.561,0.19,0.357,0.432,OK,within-state temporal association; low power (N<=7)
Jharkhand,East,Annual_Mean_Tmax_C,Fat_perlakh,7,0.928,0.00258,0.857,0.0137,OK,within-state temporal association; low power (N<=7)
Jharkhand,East,Annual_Mean_Tmin_C,Acc_perlakh,7,-0.087,0.853,-0.071,0.879,OK,within-state temporal association; low power (N<=7)
Jharkhand,East,Annual_Mean_Tmin_C,Fat_perlakh,7,0.607,0.149,0.821,0.0234,OK,within-state temporal association; low power (N<=7)
Karnataka,South,Annual_Rainfall_mm,Accidents,7,-0.616,0.141,-0.821,0.0234,OK,within-state temporal association; low power (N<=7)
Karnataka,South,Annual_Rainfall_mm,Fatalities,7,-0.437,0.327,-0.464,0.294,OK,within-state temporal association; low power (N<=7)
Karnataka,South,Annual_Mean_Tmax_C,Accidents,7,0.741,0.0567,0.786,0.0362,OK,within-state temporal association; low power (N<=7)
Karnataka,South,Annual_Mean_Tmax_C,Fatalities,7,0.521,0.23,0.5,0.253,OK,within-state temporal association; low power (N<=7)
Karnataka,South,Annual_Mean_Tmin_C,Accidents,7,-0.121,0.796,-0.071,0.879,OK,within-state temporal association; low power (N<=7)
Karnataka,South,Annual_Mean_Tmin_C,Fatalities,7,-0.048,0.918,-0.107,0.819,OK,within-state temporal association; low power (N<=7)
Karnataka,South,Annual_Rainfall_mm,Acc_perlakh,7,-0.632,0.128,-0.857,0.0137,OK,within-state temporal association; low power (N<=7)
Karnataka,South,Annual_Rainfall_mm,Fat_perlakh,7,-0.479,0.276,-0.536,0.215,OK,within-state temporal association; low power (N<=7)
Karnataka,South,Annual_Mean_Tmax_C,Acc_perlakh,7,0.766,0.0446,0.75,0.0522,OK,within-state temporal association; low power (N<=7)
Karnataka,South,Annual_Mean_Tmax_C,Fat_perlakh,7,0.579,0.173,0.571,0.18,OK,within-state temporal association; low power (N<=7)
Karnataka,South,Annual_Mean_Tmin_C,Acc_perlakh,7,-0.18,0.7,-0.25,0.589,OK,within-state temporal association; low power (N<=7)
Karnataka,South,Annual_Mean_Tmin_C,Fat_perlakh,7,-0.113,0.809,-0.25,0.589,OK,within-state temporal association; low power (N<=7)
Kerala,South,Annual_Rainfall_mm,Accidents,7,-0.373,0.41,-0.321,0.482,OK,within-state temporal association; low power (N<=7)
Kerala,South,Annual_Rainfall_mm,Fatalities,7,0.0,0.999,0.286,0.535,OK,within-state temporal association; low power (N<=7)
Kerala,South,Annual_Mean_Tmax_C,Accidents,7,0.406,0.366,0.5,0.253,OK,within-state temporal association; low power (N<=7)
Kerala,South,Annual_Mean_Tmax_C,Fatalities,7,0.096,0.838,0.214,0.645,OK,within-state temporal association; low power (N<=7)
Kerala,South,Annual_Mean_Tmin_C,Accidents,7,0.172,0.713,0.143,0.76,OK,within-state temporal association; low power (N<=7)
Kerala,South,Annual_Mean_Tmin_C,Fatalities,7,-0.31,0.498,-0.429,0.337,OK,within-state temporal association; low power (N<=7)
Kerala,South,Annual_Rainfall_mm,Acc_perlakh,7,-0.353,0.438,-0.321,0.482,OK,within-state temporal association; low power (N<=7)
Kerala,South,Annual_Rainfall_mm,Fat_perlakh,7,0.04,0.931,0.357,0.432,OK,within-state temporal association; low power (N<=7)
Kerala,South,Annual_Mean_Tmax_C,Acc_perlakh,7,0.4,0.373,0.5,0.253,OK,within-state temporal association; low power (N<=7)
Kerala,South,Annual_Mean_Tmax_C,Fat_perlakh,7,0.076,0.872,0.25,0.589,OK,within-state temporal association; low power (N<=7)
Kerala,South,Annual_Mean_Tmin_C,Acc_perlakh,7,0.149,0.751,0.143,0.76,OK,within-state temporal association; low power (N<=7)
Kerala,South,Annual_Mean_Tmin_C,Fat_perlakh,7,-0.338,0.458,-0.393,0.383,OK,within-state temporal association; low power (N<=7)
Ladakh,North,Annual_Rainfall_mm,Accidents,7,-0.707,0.0754,-0.778,0.0393,OK,within-state temporal association; low power (N<=7)
Ladakh,North,Annual_Rainfall_mm,Fatalities,7,-0.734,0.0603,-0.667,0.102,OK,within-state temporal association; low power (N<=7)
Ladakh,North,Annual_Mean_Tmax_C,Accidents,7,0.604,0.151,0.556,0.195,OK,within-state temporal association; low power (N<=7)
Ladakh,North,Annual_Mean_Tmax_C,Fatalities,7,0.619,0.138,0.704,0.0774,OK,within-state temporal association; low power (N<=7)
Ladakh,North,Annual_Mean_Tmin_C,Accidents,7,0.699,0.0805,0.823,0.023,OK,within-state temporal association; low power (N<=7)
Ladakh,North,Annual_Mean_Tmin_C,Fatalities,7,0.74,0.0573,0.916,0.00373,OK,within-state temporal association; low power (N<=7)
Ladakh,North,Annual_Rainfall_mm,Acc_perlakh,7,-0.707,0.0758,-0.778,0.0393,OK,within-state temporal association; low power (N<=7)
Ladakh,North,Annual_Rainfall_mm,Fat_perlakh,7,-0.734,0.0604,-0.667,0.102,OK,within-state temporal association; low power (N<=7)
Ladakh,North,Annual_Mean_Tmax_C,Acc_perlakh,7,0.602,0.153,0.556,0.195,OK,within-state temporal association; low power (N<=7)
Ladakh,North,Annual_Mean_Tmax_C,Fat_perlakh,7,0.617,0.14,0.704,0.0774,OK,within-state temporal association; low power (N<=7)
Ladakh,North,Annual_Mean_Tmin_C,Acc_perlakh,7,0.696,0.0824,0.823,0.023,OK,within-state temporal association; low power (N<=7)
Ladakh,North,Annual_Mean_Tmin_C,Fat_perlakh,7,0.737,0.0589,0.916,0.00373,OK,within-state temporal association; low power (N<=7)
Madhya Pradesh,Central,Annual_Rainfall_mm,Accidents,7,0.193,0.678,0.0,1,OK,within-state temporal association; low power (N<=7)
Madhya Pradesh,Central,Annual_Rainfall_mm,Fatalities,7,0.3,0.514,0.25,0.589,OK,within-state temporal association; low power (N<=7)
Madhya Pradesh,Central,Annual_Mean_Tmax_C,Accidents,7,0.264,0.568,0.393,0.383,OK,within-state temporal association; low power (N<=7)
Madhya Pradesh,Central,Annual_Mean_Tmax_C,Fatalities,7,-0.169,0.717,-0.036,0.939,OK,within-state temporal association; low power (N<=7)
Madhya Pradesh,Central,Annual_Mean_Tmin_C,Accidents,7,0.411,0.359,-0.054,0.908,OK,within-state temporal association; low power (N<=7)
Madhya Pradesh,Central,Annual_Mean_Tmin_C,Fatalities,7,0.524,0.227,0.162,0.728,OK,within-state temporal association; low power (N<=7)
Madhya Pradesh,Central,Annual_Rainfall_mm,Acc_perlakh,7,0.112,0.812,0.0,1,OK,within-state temporal association; low power (N<=7)
Madhya Pradesh,Central,Annual_Rainfall_mm,Fat_perlakh,7,0.31,0.498,0.25,0.589,OK,within-state temporal association; low power (N<=7)
Madhya Pradesh,Central,Annual_Mean_Tmax_C,Acc_perlakh,7,0.49,0.265,0.393,0.383,OK,within-state temporal association; low power (N<=7)
Madhya Pradesh,Central,Annual_Mean_Tmax_C,Fat_perlakh,7,-0.123,0.793,-0.036,0.939,OK,within-state temporal association; low power (N<=7)
Madhya Pradesh,Central,Annual_Mean_Tmin_C,Acc_perlakh,7,0.292,0.525,-0.054,0.908,OK,within-state temporal association; low power (N<=7)
Madhya Pradesh,Central,Annual_Mean_Tmin_C,Fat_perlakh,7,0.526,0.225,0.162,0.728,OK,within-state temporal association; low power (N<=7)
Maharashtra,West,Annual_Rainfall_mm,Accidents,7,-0.35,0.442,-0.357,0.432,OK,within-state temporal association; low power (N<=7)
Maharashtra,West,Annual_Rainfall_mm,Fatalities,7,-0.073,0.877,-0.071,0.879,OK,within-state temporal association; low power (N<=7)
Maharashtra,West,Annual_Mean_Tmax_C,Accidents,7,0.676,0.0955,0.679,0.0938,OK,within-state temporal association; low power (N<=7)
Maharashtra,West,Annual_Mean_Tmax_C,Fatalities,7,0.049,0.916,0.036,0.939,OK,within-state temporal association; low power (N<=7)
Maharashtra,West,Annual_Mean_Tmin_C,Accidents,7,-0.082,0.861,-0.071,0.879,OK,within-state temporal association; low power (N<=7)
Maharashtra,West,Annual_Mean_Tmin_C,Fatalities,7,-0.0,0.999,0.0,1,OK,within-state temporal association; low power (N<=7)
Maharashtra,West,Annual_Rainfall_mm,Acc_perlakh,7,-0.396,0.379,-0.429,0.337,OK,within-state temporal association; low power (N<=7)
Maharashtra,West,Annual_Rainfall_mm,Fat_perlakh,7,-0.125,0.79,-0.214,0.645,OK,within-state temporal association; low power (N<=7)
Maharashtra,West,Annual_Mean_Tmax_C,Acc_perlakh,7,0.77,0.0429,0.857,0.0137,OK,within-state temporal association; low power (N<=7)
Maharashtra,West,Annual_Mean_Tmax_C,Fat_perlakh,7,0.144,0.758,0.25,0.589,OK,within-state temporal association; low power (N<=7)
Maharashtra,West,Annual_Mean_Tmin_C,Acc_perlakh,7,-0.123,0.793,-0.143,0.76,OK,within-state temporal association; low power (N<=7)
Maharashtra,West,Annual_Mean_Tmin_C,Fat_perlakh,7,-0.045,0.923,-0.107,0.819,OK,within-state temporal association; low power (N<=7)
Manipur,Northeast,Annual_Rainfall_mm,Accidents,7,0.027,0.955,0.107,0.819,OK,within-state temporal association; low power (N<=7)
Manipur,Northeast,Annual_Rainfall_mm,Fatalities,7,0.135,0.774,0.09,0.848,OK,within-state temporal association; low power (N<=7)
Manipur,Northeast,Annual_Mean_Tmax_C,Accidents,7,0.001,0.998,0.0,1,OK,within-state temporal association; low power (N<=7)
Manipur,Northeast,Annual_Mean_Tmax_C,Fatalities,7,0.002,0.997,-0.018,0.969,OK,within-state temporal association; low power (N<=7)
Manipur,Northeast,Annual_Mean_Tmin_C,Accidents,7,-0.447,0.314,-0.571,0.18,OK,within-state temporal association; low power (N<=7)
Manipur,Northeast,Annual_Mean_Tmin_C,Fatalities,7,-0.496,0.258,-0.631,0.129,OK,within-state temporal association; low power (N<=7)
Manipur,Northeast,Annual_Rainfall_mm,Acc_perlakh,7,0.031,0.948,0.107,0.819,OK,within-state temporal association; low power (N<=7)
Manipur,Northeast,Annual_Rainfall_mm,Fat_perlakh,7,0.13,0.781,0.036,0.939,OK,within-state temporal association; low power (N<=7)
Manipur,Northeast,Annual_Mean_Tmax_C,Acc_perlakh,7,-0.008,0.986,0.0,1,OK,within-state temporal association; low power (N<=7)
Manipur,Northeast,Annual_Mean_Tmax_C,Fat_perlakh,7,-0.006,0.99,-0.071,0.879,OK,within-state temporal association; low power (N<=7)
Manipur,Northeast,Annual_Mean_Tmin_C,Acc_perlakh,7,-0.467,0.291,-0.571,0.18,OK,within-state temporal association; low power (N<=7)
Manipur,Northeast,Annual_Mean_Tmin_C,Fat_perlakh,7,-0.51,0.242,-0.643,0.119,OK,within-state temporal association; low power (N<=7)
Meghalaya,Northeast,Annual_Rainfall_mm,Accidents,7,-0.396,0.379,-0.143,0.76,OK,within-state temporal association; low power (N<=7)
Meghalaya,Northeast,Annual_Rainfall_mm,Fatalities,7,-0.654,0.111,-0.536,0.215,OK,within-state temporal association; low power (N<=7)
Meghalaya,Northeast,Annual_Mean_Tmax_C,Accidents,7,-0.393,0.383,-0.143,0.76,OK,within-state temporal association; low power (N<=7)
Meghalaya,Northeast,Annual_Mean_Tmax_C,Fatalities,7,0.077,0.869,0.107,0.819,OK,within-state temporal association; low power (N<=7)
Meghalaya,Northeast,Annual_Mean_Tmin_C,Accidents,7,-0.66,0.106,-0.5,0.253,OK,within-state temporal association; low power (N<=7)
Meghalaya,Northeast,Annual_Mean_Tmin_C,Fatalities,7,0.034,0.942,-0.143,0.76,OK,within-state temporal association; low power (N<=7)
Meghalaya,Northeast,Annual_Rainfall_mm,Acc_perlakh,7,-0.394,0.382,-0.286,0.535,OK,within-state temporal association; low power (N<=7)
Meghalaya,Northeast,Annual_Rainfall_mm,Fat_perlakh,7,-0.703,0.078,-0.607,0.148,OK,within-state temporal association; low power (N<=7)
Meghalaya,Northeast,Annual_Mean_Tmax_C,Acc_perlakh,7,-0.399,0.375,-0.107,0.819,OK,within-state temporal association; low power (N<=7)
Meghalaya,Northeast,Annual_Mean_Tmax_C,Fat_perlakh,7,-0.005,0.992,-0.036,0.939,OK,within-state temporal association; low power (N<=7)
Meghalaya,Northeast,Annual_Mean_Tmin_C,Acc_perlakh,7,-0.682,0.0918,-0.571,0.18,OK,within-state temporal association; low power (N<=7)
Meghalaya,Northeast,Annual_Mean_Tmin_C,Fat_perlakh,7,-0.148,0.751,-0.25,0.589,OK,within-state temporal association; low power (N<=7)
Mizoram,Northeast,Annual_Rainfall_mm,Accidents,7,-0.224,0.629,0.216,0.641,OK,within-state temporal association; low power (N<=7)
Mizoram,Northeast,Annual_Rainfall_mm,Fatalities,7,-0.207,0.656,0.321,0.482,OK,within-state temporal association; low power (N<=7)
Mizoram,Northeast,Annual_Mean_Tmax_C,Accidents,7,0.066,0.888,0.234,0.613,OK,within-state temporal association; low power (N<=7)
Mizoram,Northeast,Annual_Mean_Tmax_C,Fatalities,7,0.022,0.963,0.214,0.645,OK,within-state temporal association; low power (N<=7)
Mizoram,Northeast,Annual_Mean_Tmin_C,Accidents,7,0.812,0.0265,0.793,0.0334,OK,within-state temporal association; low power (N<=7)
Mizoram,Northeast,Annual_Mean_Tmin_C,Fatalities,7,0.839,0.0182,0.75,0.0522,OK,within-state temporal association; low power (N<=7)
Mizoram,Northeast,Annual_Rainfall_mm,Acc_perlakh,7,-0.212,0.648,0.321,0.482,OK,within-state temporal association; low power (N<=7)
Mizoram,Northeast,Annual_Rainfall_mm,Fat_perlakh,7,-0.195,0.675,0.321,0.482,OK,within-state temporal association; low power (N<=7)
Mizoram,Northeast,Annual_Mean_Tmax_C,Acc_perlakh,7,0.068,0.884,0.214,0.645,OK,within-state temporal association; low power (N<=7)
Mizoram,Northeast,Annual_Mean_Tmax_C,Fat_perlakh,7,0.023,0.961,0.214,0.645,OK,within-state temporal association; low power (N<=7)
Mizoram,Northeast,Annual_Mean_Tmin_C,Acc_perlakh,7,0.799,0.0311,0.75,0.0522,OK,within-state temporal association; low power (N<=7)
Mizoram,Northeast,Annual_Mean_Tmin_C,Fat_perlakh,7,0.83,0.0207,0.75,0.0522,OK,within-state temporal association; low power (N<=7)
Nagaland,Northeast,Annual_Rainfall_mm,Accidents,7,-0.906,0.00497,-0.714,0.0713,OK,within-state temporal association; low power (N<=7)
Nagaland,Northeast,Annual_Rainfall_mm,Fatalities,7,0.241,0.603,0.321,0.482,OK,within-state temporal association; low power (N<=7)
Nagaland,Northeast,Annual_Mean_Tmax_C,Accidents,7,0.717,0.0698,0.393,0.383,OK,within-state temporal association; low power (N<=7)
Nagaland,Northeast,Annual_Mean_Tmax_C,Fatalities,7,0.187,0.689,0.321,0.482,OK,within-state temporal association; low power (N<=7)
Nagaland,Northeast,Annual_Mean_Tmin_C,Accidents,7,0.571,0.18,0.429,0.337,OK,within-state temporal association; low power (N<=7)
Nagaland,Northeast,Annual_Mean_Tmin_C,Fatalities,7,0.461,0.298,0.571,0.18,OK,within-state temporal association; low power (N<=7)
Nagaland,Northeast,Annual_Rainfall_mm,Acc_perlakh,7,-0.903,0.00529,-0.714,0.0713,OK,within-state temporal association; low power (N<=7)
Nagaland,Northeast,Annual_Rainfall_mm,Fat_perlakh,7,0.228,0.623,0.321,0.482,OK,within-state temporal association; low power (N<=7)
Nagaland,Northeast,Annual_Mean_Tmax_C,Acc_perlakh,7,0.71,0.0739,0.393,0.383,OK,within-state temporal association; low power (N<=7)
Nagaland,Northeast,Annual_Mean_Tmax_C,Fat_perlakh,7,0.206,0.657,0.321,0.482,OK,within-state temporal association; low power (N<=7)
Nagaland,Northeast,Annual_Mean_Tmin_C,Acc_perlakh,7,0.56,0.191,0.429,0.337,OK,within-state temporal association; low power (N<=7)
Nagaland,Northeast,Annual_Mean_Tmin_C,Fat_perlakh,7,0.483,0.273,0.571,0.18,OK,within-state temporal association; low power (N<=7)
Odisha,East,Annual_Rainfall_mm,Accidents,7,-0.778,0.0393,-0.75,0.0522,OK,within-state temporal association; low power (N<=7)
Odisha,East,Annual_Rainfall_mm,Fatalities,7,-0.767,0.0443,-0.821,0.0234,OK,within-state temporal association; low power (N<=7)
Odisha,East,Annual_Mean_Tmax_C,Accidents,7,0.848,0.0158,0.857,0.0137,OK,within-state temporal association; low power (N<=7)
Odisha,East,Annual_Mean_Tmax_C,Fatalities,7,0.781,0.0381,0.821,0.0234,OK,within-state temporal association; low power (N<=7)
Odisha,East,Annual_Mean_Tmin_C,Accidents,7,0.771,0.0424,0.643,0.119,OK,within-state temporal association; low power (N<=7)
Odisha,East,Annual_Mean_Tmin_C,Fatalities,7,0.77,0.043,0.714,0.0713,OK,within-state temporal association; low power (N<=7)
Odisha,East,Annual_Rainfall_mm,Acc_perlakh,7,-0.654,0.111,-0.75,0.0522,OK,within-state temporal association; low power (N<=7)
Odisha,East,Annual_Rainfall_mm,Fat_perlakh,7,-0.665,0.103,-0.607,0.148,OK,within-state temporal association; low power (N<=7)
Odisha,East,Annual_Mean_Tmax_C,Acc_perlakh,7,0.876,0.00978,0.857,0.0137,OK,within-state temporal association; low power (N<=7)
Odisha,East,Annual_Mean_Tmax_C,Fat_perlakh,7,0.806,0.0284,0.929,0.00252,OK,within-state temporal association; low power (N<=7)
Odisha,East,Annual_Mean_Tmin_C,Acc_perlakh,7,0.654,0.111,0.643,0.119,OK,within-state temporal association; low power (N<=7)
Odisha,East,Annual_Mean_Tmin_C,Fat_perlakh,7,0.675,0.096,0.536,0.215,OK,within-state temporal association; low power (N<=7)
Puducherry,South,Annual_Rainfall_mm,Accidents,7,-0.553,0.198,-0.536,0.215,OK,within-state temporal association; low power (N<=7)
Puducherry,South,Annual_Rainfall_mm,Fatalities,7,-0.324,0.478,-0.536,0.215,OK,within-state temporal association; low power (N<=7)
Puducherry,South,Annual_Mean_Tmax_C,Accidents,7,0.418,0.35,0.342,0.452,OK,within-state temporal association; low power (N<=7)
Puducherry,South,Annual_Mean_Tmax_C,Fatalities,7,-0.154,0.742,0.036,0.939,OK,within-state temporal association; low power (N<=7)
Puducherry,South,Annual_Mean_Tmin_C,Accidents,7,0.223,0.63,0.321,0.482,OK,within-state temporal association; low power (N<=7)
Puducherry,South,Annual_Mean_Tmin_C,Fatalities,7,0.078,0.867,-0.036,0.939,OK,within-state temporal association; low power (N<=7)
Puducherry,South,Annual_Rainfall_mm,Acc_perlakh,7,-0.612,0.144,-0.679,0.0938,OK,within-state temporal association; low power (N<=7)
Puducherry,South,Annual_Rainfall_mm,Fat_perlakh,7,-0.419,0.349,-0.571,0.18,OK,within-state temporal association; low power (N<=7)
Puducherry,South,Annual_Mean_Tmax_C,Acc_perlakh,7,0.401,0.373,0.414,0.355,OK,within-state temporal association; low power (N<=7)
Puducherry,South,Annual_Mean_Tmax_C,Fat_perlakh,7,-0.132,0.777,0.0,1,OK,within-state temporal association; low power (N<=7)
Puducherry,South,Annual_Mean_Tmin_C,Acc_perlakh,7,0.209,0.653,0.357,0.432,OK,within-state temporal association; low power (N<=7)
Puducherry,South,Annual_Mean_Tmin_C,Fat_perlakh,7,0.061,0.896,0.25,0.589,OK,within-state temporal association; low power (N<=7)
Punjab,North,Annual_Rainfall_mm,Accidents,7,0.298,0.517,0.571,0.18,OK,within-state temporal association; low power (N<=7)
Punjab,North,Annual_Rainfall_mm,Fatalities,7,0.079,0.866,0.357,0.432,OK,within-state temporal association; low power (N<=7)
Punjab,North,Annual_Mean_Tmax_C,Accidents,7,0.309,0.501,0.321,0.482,OK,within-state temporal association; low power (N<=7)
Punjab,North,Annual_Mean_Tmax_C,Fatalities,7,0.324,0.478,0.071,0.879,OK,within-state temporal association; low power (N<=7)
Punjab,North,Annual_Mean_Tmin_C,Accidents,7,0.484,0.271,-0.107,0.819,OK,within-state temporal association; low power (N<=7)
Punjab,North,Annual_Mean_Tmin_C,Fatalities,7,0.741,0.0566,0.571,0.18,OK,within-state temporal association; low power (N<=7)
Punjab,North,Annual_Rainfall_mm,Acc_perlakh,7,0.363,0.423,0.571,0.18,OK,within-state temporal association; low power (N<=7)
Punjab,North,Annual_Rainfall_mm,Fat_perlakh,7,0.172,0.711,0.536,0.215,OK,within-state temporal association; low power (N<=7)
Punjab,North,Annual_Mean_Tmax_C,Acc_perlakh,7,0.371,0.413,0.321,0.482,OK,within-state temporal association; low power (N<=7)
Punjab,North,Annual_Mean_Tmax_C,Fat_perlakh,7,0.426,0.34,0.5,0.253,OK,within-state temporal association; low power (N<=7)
Punjab,North,Annual_Mean_Tmin_C,Acc_perlakh,7,0.37,0.414,-0.107,0.819,OK,within-state temporal association; low power (N<=7)
Punjab,North,Annual_Mean_Tmin_C,Fat_perlakh,7,0.681,0.092,0.25,0.589,OK,within-state temporal association; low power (N<=7)
Rajasthan,North,Annual_Rainfall_mm,Accidents,7,0.693,0.0841,0.75,0.0522,OK,within-state temporal association; low power (N<=7)
Rajasthan,North,Annual_Rainfall_mm,Fatalities,7,0.648,0.116,0.75,0.0522,OK,within-state temporal association; low power (N<=7)
Rajasthan,North,Annual_Mean_Tmax_C,Accidents,7,-0.24,0.605,-0.143,0.76,OK,within-state temporal association; low power (N<=7)
Rajasthan,North,Annual_Mean_Tmax_C,Fatalities,7,-0.177,0.704,-0.143,0.76,OK,within-state temporal association; low power (N<=7)
Rajasthan,North,Annual_Mean_Tmin_C,Accidents,7,0.703,0.078,0.775,0.0408,OK,within-state temporal association; low power (N<=7)
Rajasthan,North,Annual_Mean_Tmin_C,Fatalities,7,0.672,0.098,0.775,0.0408,OK,within-state temporal association; low power (N<=7)
Rajasthan,North,Annual_Rainfall_mm,Acc_perlakh,7,0.564,0.188,0.643,0.119,OK,within-state temporal association; low power (N<=7)
Rajasthan,North,Annual_Rainfall_mm,Fat_perlakh,7,0.525,0.227,0.643,0.119,OK,within-state temporal association; low power (N<=7)
Rajasthan,North,Annual_Mean_Tmax_C,Acc_perlakh,7,-0.164,0.725,-0.5,0.253,OK,within-state temporal association; low power (N<=7)
Rajasthan,North,Annual_Mean_Tmax_C,Fat_perlakh,7,-0.086,0.854,-0.214,0.645,OK,within-state temporal association; low power (N<=7)
Rajasthan,North,Annual_Mean_Tmin_C,Acc_perlakh,7,0.646,0.117,0.577,0.175,OK,within-state temporal association; low power (N<=7)
Rajasthan,North,Annual_Mean_Tmin_C,Fat_perlakh,7,0.638,0.123,0.631,0.129,OK,within-state temporal association; low power (N<=7)
Sikkim,Northeast,Annual_Rainfall_mm,Accidents,7,0.243,0.6,0.071,0.879,OK,within-state temporal association; low power (N<=7)
Sikkim,Northeast,Annual_Rainfall_mm,Fatalities,7,0.325,0.478,0.429,0.337,OK,within-state temporal association; low power (N<=7)
Sikkim,Northeast,Annual_Mean_Tmax_C,Accidents,7,0.415,0.354,0.429,0.337,OK,within-state temporal association; low power (N<=7)
Sikkim,Northeast,Annual_Mean_Tmax_C,Fatalities,7,0.093,0.843,0.143,0.76,OK,within-state temporal association; low power (N<=7)
Sikkim,Northeast,Annual_Mean_Tmin_C,Accidents,7,0.115,0.806,0.143,0.76,OK,within-state temporal association; low power (N<=7)
Sikkim,Northeast,Annual_Mean_Tmin_C,Fatalities,7,-0.128,0.785,0.0,1,OK,within-state temporal association; low power (N<=7)
Sikkim,Northeast,Annual_Rainfall_mm,Acc_perlakh,7,0.254,0.583,0.214,0.645,OK,within-state temporal association; low power (N<=7)
Sikkim,Northeast,Annual_Rainfall_mm,Fat_perlakh,7,0.317,0.489,0.464,0.294,OK,within-state temporal association; low power (N<=7)
Sikkim,Northeast,Annual_Mean_Tmax_C,Acc_perlakh,7,0.318,0.487,0.25,0.589,OK,within-state temporal association; low power (N<=7)
Sikkim,Northeast,Annual_Mean_Tmax_C,Fat_perlakh,7,0.034,0.942,0.036,0.939,OK,within-state temporal association; low power (N<=7)
Sikkim,Northeast,Annual_Mean_Tmin_C,Acc_perlakh,7,-0.018,0.97,-0.036,0.939,OK,within-state temporal association; low power (N<=7)
Sikkim,Northeast,Annual_Mean_Tmin_C,Fat_perlakh,7,-0.21,0.652,-0.071,0.879,OK,within-state temporal association; low power (N<=7)
Tamil Nadu,South,Annual_Rainfall_mm,Accidents,7,-0.338,0.459,-0.036,0.939,OK,within-state temporal association; low power (N<=7)
Tamil Nadu,South,Annual_Rainfall_mm,Fatalities,7,-0.435,0.329,-0.143,0.76,OK,within-state temporal association; low power (N<=7)
Tamil Nadu,South,Annual_Mean_Tmax_C,Accidents,7,0.074,0.875,-0.036,0.939,OK,within-state temporal association; low power (N<=7)
Tamil Nadu,South,Annual_Mean_Tmax_C,Fatalities,7,0.211,0.65,0.143,0.76,OK,within-state temporal association; low power (N<=7)
Tamil Nadu,South,Annual_Mean_Tmin_C,Accidents,7,-0.247,0.593,-0.286,0.535,OK,within-state temporal association; low power (N<=7)
Tamil Nadu,South,Annual_Mean_Tmin_C,Fatalities,7,-0.114,0.807,-0.071,0.879,OK,within-state temporal association; low power (N<=7)
Tamil Nadu,South,Annual_Rainfall_mm,Acc_perlakh,7,-0.39,0.387,-0.214,0.645,OK,within-state temporal association; low power (N<=7)
Tamil Nadu,South,Annual_Rainfall_mm,Fat_perlakh,7,-0.493,0.261,-0.536,0.215,OK,within-state temporal association; low power (N<=7)
Tamil Nadu,South,Annual_Mean_Tmax_C,Acc_perlakh,7,0.099,0.833,0.0,1,OK,within-state temporal association; low power (N<=7)
Tamil Nadu,South,Annual_Mean_Tmax_C,Fat_perlakh,7,0.241,0.603,0.357,0.432,OK,within-state temporal association; low power (N<=7)
Tamil Nadu,South,Annual_Mean_Tmin_C,Acc_perlakh,7,-0.239,0.606,-0.393,0.383,OK,within-state temporal association; low power (N<=7)
Tamil Nadu,South,Annual_Mean_Tmin_C,Fat_perlakh,7,-0.101,0.829,0.0,1,OK,within-state temporal association; low power (N<=7)
Telangana,South,Annual_Rainfall_mm,Accidents,7,-0.355,0.435,-0.5,0.253,OK,within-state temporal association; low power (N<=7)
Telangana,South,Annual_Rainfall_mm,Fatalities,7,0.33,0.469,0.179,0.702,OK,within-state temporal association; low power (N<=7)
Telangana,South,Annual_Mean_Tmax_C,Accidents,7,0.418,0.351,0.393,0.383,OK,within-state temporal association; low power (N<=7)
Telangana,South,Annual_Mean_Tmax_C,Fatalities,7,-0.357,0.432,-0.214,0.645,OK,within-state temporal association; low power (N<=7)
Telangana,South,Annual_Mean_Tmin_C,Accidents,7,0.645,0.118,0.179,0.702,OK,within-state temporal association; low power (N<=7)
Telangana,South,Annual_Mean_Tmin_C,Fatalities,7,0.399,0.375,0.464,0.294,OK,within-state temporal association; low power (N<=7)
Telangana,South,Annual_Rainfall_mm,Acc_perlakh,7,-0.45,0.31,-0.643,0.119,OK,within-state temporal association; low power (N<=7)
Telangana,South,Annual_Rainfall_mm,Fat_perlakh,7,0.306,0.505,0.143,0.76,OK,within-state temporal association; low power (N<=7)
Telangana,South,Annual_Mean_Tmax_C,Acc_perlakh,7,0.507,0.246,0.571,0.18,OK,within-state temporal association; low power (N<=7)
Telangana,South,Annual_Mean_Tmax_C,Fat_perlakh,7,-0.349,0.443,-0.25,0.589,OK,within-state temporal association; low power (N<=7)
Telangana,South,Annual_Mean_Tmin_C,Acc_perlakh,7,0.632,0.128,0.286,0.535,OK,within-state temporal association; low power (N<=7)
Telangana,South,Annual_Mean_Tmin_C,Fat_perlakh,7,0.395,0.38,0.429,0.337,OK,within-state temporal association; low power (N<=7)
Tripura,Northeast,Annual_Rainfall_mm,Accidents,7,0.45,0.311,0.536,0.215,OK,within-state temporal association; low power (N<=7)
Tripura,Northeast,Annual_Rainfall_mm,Fatalities,7,0.021,0.965,-0.036,0.939,OK,within-state temporal association; low power (N<=7)
Tripura,Northeast,Annual_Mean_Tmax_C,Accidents,7,-0.191,0.682,-0.179,0.702,OK,within-state temporal association; low power (N<=7)
Tripura,Northeast,Annual_Mean_Tmax_C,Fatalities,7,0.193,0.679,0.25,0.589,OK,within-state temporal association; low power (N<=7)
Tripura,Northeast,Annual_Mean_Tmin_C,Accidents,7,0.103,0.826,0.25,0.589,OK,within-state temporal association; low power (N<=7)
Tripura,Northeast,Annual_Mean_Tmin_C,Fatalities,7,0.558,0.193,0.536,0.215,OK,within-state temporal association; low power (N<=7)
Tripura,Northeast,Annual_Rainfall_mm,Acc_perlakh,7,0.47,0.287,0.286,0.535,OK,within-state temporal association; low power (N<=7)
Tripura,Northeast,Annual_Rainfall_mm,Fat_perlakh,7,0.056,0.904,0.071,0.879,OK,within-state temporal association; low power (N<=7)
Tripura,Northeast,Annual_Mean_Tmax_C,Acc_perlakh,7,-0.216,0.642,0.0,1,OK,within-state temporal association; low power (N<=7)
Tripura,Northeast,Annual_Mean_Tmax_C,Fat_perlakh,7,0.168,0.719,0.214,0.645,OK,within-state temporal association; low power (N<=7)
Tripura,Northeast,Annual_Mean_Tmin_C,Acc_perlakh,7,-0.066,0.889,-0.214,0.645,OK,within-state temporal association; low power (N<=7)
Tripura,Northeast,Annual_Mean_Tmin_C,Fat_perlakh,7,0.408,0.363,0.429,0.337,OK,within-state temporal association; low power (N<=7)
Uttar Pradesh,North,Annual_Rainfall_mm,Accidents,7,-0.505,0.248,-0.571,0.18,OK,within-state temporal association; low power (N<=7)
Uttar Pradesh,North,Annual_Rainfall_mm,Fatalities,7,-0.405,0.368,-0.5,0.253,OK,within-state temporal association; low power (N<=7)
Uttar Pradesh,North,Annual_Mean_Tmax_C,Accidents,7,0.67,0.0998,0.5,0.253,OK,within-state temporal association; low power (N<=7)
Uttar Pradesh,North,Annual_Mean_Tmax_C,Fatalities,7,0.627,0.131,0.429,0.337,OK,within-state temporal association; low power (N<=7)
Uttar Pradesh,North,Annual_Mean_Tmin_C,Accidents,7,0.629,0.13,0.607,0.148,OK,within-state temporal association; low power (N<=7)
Uttar Pradesh,North,Annual_Mean_Tmin_C,Fatalities,7,0.7,0.0798,0.786,0.0362,OK,within-state temporal association; low power (N<=7)
Uttar Pradesh,North,Annual_Rainfall_mm,Acc_perlakh,7,-0.492,0.262,-0.5,0.253,OK,within-state temporal association; low power (N<=7)
Uttar Pradesh,North,Annual_Rainfall_mm,Fat_perlakh,7,-0.391,0.386,-0.393,0.383,OK,within-state temporal association; low power (N<=7)
Uttar Pradesh,North,Annual_Mean_Tmax_C,Acc_perlakh,7,0.702,0.0786,0.714,0.0713,OK,within-state temporal association; low power (N<=7)
Uttar Pradesh,North,Annual_Mean_Tmax_C,Fat_perlakh,7,0.683,0.0906,0.429,0.337,OK,within-state temporal association; low power (N<=7)
Uttar Pradesh,North,Annual_Mean_Tmin_C,Acc_perlakh,7,0.439,0.324,0.321,0.482,OK,within-state temporal association; low power (N<=7)
Uttar Pradesh,North,Annual_Mean_Tmin_C,Fat_perlakh,7,0.469,0.288,0.571,0.18,OK,within-state temporal association; low power (N<=7)
Uttarakhand,North,Annual_Rainfall_mm,Accidents,7,0.404,0.369,0.607,0.148,OK,within-state temporal association; low power (N<=7)
Uttarakhand,North,Annual_Rainfall_mm,Fatalities,7,0.196,0.674,0.357,0.432,OK,within-state temporal association; low power (N<=7)
Uttarakhand,North,Annual_Mean_Tmax_C,Accidents,7,0.629,0.13,0.714,0.0713,OK,within-state temporal association; low power (N<=7)
Uttarakhand,North,Annual_Mean_Tmax_C,Fatalities,7,0.654,0.111,0.643,0.119,OK,within-state temporal association; low power (N<=7)
Uttarakhand,North,Annual_Mean_Tmin_C,Accidents,7,0.731,0.062,0.75,0.0522,OK,within-state temporal association; low power (N<=7)
Uttarakhand,North,Annual_Mean_Tmin_C,Fatalities,7,0.592,0.161,0.536,0.215,OK,within-state temporal association; low power (N<=7)
Uttarakhand,North,Annual_Rainfall_mm,Acc_perlakh,7,0.38,0.401,0.643,0.119,OK,within-state temporal association; low power (N<=7)
Uttarakhand,North,Annual_Rainfall_mm,Fat_perlakh,7,0.144,0.758,0.214,0.645,OK,within-state temporal association; low power (N<=7)
Uttarakhand,North,Annual_Mean_Tmax_C,Acc_perlakh,7,0.615,0.141,0.786,0.0362,OK,within-state temporal association; low power (N<=7)
Uttarakhand,North,Annual_Mean_Tmax_C,Fat_perlakh,7,0.617,0.14,0.714,0.0713,OK,within-state temporal association; low power (N<=7)
Uttarakhand,North,Annual_Mean_Tmin_C,Acc_perlakh,7,0.673,0.0975,0.821,0.0234,OK,within-state temporal association; low power (N<=7)
Uttarakhand,North,Annual_Mean_Tmin_C,Fat_perlakh,7,0.496,0.258,0.286,0.535,OK,within-state temporal association; low power (N<=7)
West Bengal,East,Annual_Rainfall_mm,Accidents,7,-0.63,0.13,-0.536,0.215,OK,within-state temporal association; low power (N<=7)
West Bengal,East,Annual_Rainfall_mm,Fatalities,7,-0.179,0.701,-0.036,0.939,OK,within-state temporal association; low power (N<=7)
West Bengal,East,Annual_Mean_Tmax_C,Accidents,7,0.694,0.0838,0.536,0.215,OK,within-state temporal association; low power (N<=7)
West Bengal,East,Annual_Mean_Tmax_C,Fatalities,7,0.471,0.286,0.536,0.215,OK,within-state temporal association; low power (N<=7)
West Bengal,East,Annual_Mean_Tmin_C,Accidents,7,0.629,0.13,0.714,0.0713,OK,within-state temporal association; low power (N<=7)
West Bengal,East,Annual_Mean_Tmin_C,Fatalities,7,0.827,0.0218,0.964,0.000454,OK,within-state temporal association; low power (N<=7)
West Bengal,East,Annual_Rainfall_mm,Acc_perlakh,7,-0.71,0.0741,-0.643,0.119,OK,within-state temporal association; low power (N<=7)
West Bengal,East,Annual_Rainfall_mm,Fat_perlakh,7,-0.238,0.607,-0.393,0.383,OK,within-state temporal association; low power (N<=7)
West Bengal,East,Annual_Mean_Tmax_C,Acc_perlakh,7,0.681,0.0922,0.607,0.148,OK,within-state temporal association; low power (N<=7)
West Bengal,East,Annual_Mean_Tmax_C,Fat_perlakh,7,0.455,0.305,0.25,0.589,OK,within-state temporal association; low power (N<=7)
West Bengal,East,Annual_Mean_Tmin_C,Acc_perlakh,7,0.529,0.222,0.643,0.119,OK,within-state temporal association; low power (N<=7)
West Bengal,East,Annual_Mean_Tmin_C,Fat_perlakh,7,0.755,0.05,0.786,0.0362,OK,within-state temporal association; low power (N<=7)
