State_UT,Year,Zone,Accidents,Fatalities,Injured,Source_Accident,Road_Source_Entity,Total_Road_Length_km,Surfaced_Road_Length_km,Road_Join_Type,Road_Geography_Transformation,Road_Join_Confidence,Road_Join_Status,Source_Road,Notes,Acc_per_1000km,Fat_per_1000km,Acc_per_1000km_Surfaced,Fat_per_1000km_Surfaced
Andhra Pradesh,2021,South,21556,8186,21040,MoRTH_Primary_Dataset_3.xlsx,Andhra Pradesh,191704,131966,DIRECT,NONE,HIGH,JOINED,BRSI Annexure 1.1.2 PDF p.128,,112.44418478487668,42.701247756958644,163.3451040419502,62.031129230256276
Arunachal Pradesh,2021,Northeast,283,157,347,MoRTH_Primary_Dataset_3.xlsx,Arunachal Pradesh,53073,37745,DIRECT,NONE,HIGH,JOINED,BRSI Annexure 1.1.2 PDF p.128,,5.332278182880184,2.9581896632939535,7.497681812160551,4.159491323354087
Assam,2021,Northeast,7411,3036,5763,MoRTH_Primary_Dataset_3.xlsx,Assam,475238,119162,DIRECT,NONE,HIGH,JOINED,BRSI Annexure 1.1.2 PDF p.128,,15.594291702262865,6.388378033743092,62.19264530638962,25.477920813682214
Bihar,2021,East,9553,7660,7946,MoRTH_Primary_Dataset_3.xlsx,Bihar,301556,235553,DIRECT,NONE,HIGH,JOINED,BRSI Annexure 1.1.2 PDF p.128,,31.67902479141519,25.401583785432887,40.55562866955632,32.51922072739468
Chhattisgarh,2021,Central,12375,5371,10683,MoRTH_Primary_Dataset_3.xlsx,Chhattisgarh,112335,85835,DIRECT,NONE,HIGH,JOINED,BRSI Annexure 1.1.2 PDF p.128,,110.16157030311123,47.81234699781902,144.17195782606163,62.57354226131531
Goa,2021,West,2849,226,843,MoRTH_Primary_Dataset_3.xlsx,Goa,19081,14100,DIRECT,NONE,HIGH,JOINED,BRSI Annexure 1.1.2 PDF p.128,,149.31083276557834,11.84424296420523,202.05673758865248,16.02836879432624
Gujarat,2021,West,15186,7452,13690,MoRTH_Primary_Dataset_3.xlsx,Gujarat,266775,235949,DIRECT,NONE,HIGH,JOINED,BRSI Annexure 1.1.2 PDF p.128,,56.9243744728704,27.933651953893733,64.36136622744745,31.583096347091956
Haryana,2021,North,9933,4706,8121,MoRTH_Primary_Dataset_3.xlsx,Haryana,57749,48007,DIRECT,NONE,HIGH,JOINED,BRSI Annexure 1.1.2 PDF p.128,,172.0029784065525,81.49058858162046,206.90732601495614,98.02737100839461
Himachal Pradesh,2021,North,2404,1052,3454,MoRTH_Primary_Dataset_3.xlsx,Himachal Pradesh,65539,46525,DIRECT,NONE,HIGH,JOINED,BRSI Annexure 1.1.2 PDF p.128,,36.680449808510964,16.05151131387418,51.671144545943044,22.61149919398173
Jharkhand,2021,East,4728,3513,3227,MoRTH_Primary_Dataset_3.xlsx,Jharkhand,84703,69185,DIRECT,NONE,HIGH,JOINED,BRSI Annexure 1.1.2 PDF p.128,,55.81856604842804,41.47432794588149,68.33851268338513,50.77690250776903
Karnataka,2021,South,34647,10038,40754,MoRTH_Primary_Dataset_3.xlsx,Karnataka,385553,235351,DIRECT,NONE,HIGH,JOINED,BRSI Annexure 1.1.2 PDF p.128,,89.863131657645,26.035331069917753,147.2141609765839,42.65118907504111
Kerala,2021,South,33296,3429,36775,MoRTH_Primary_Dataset_3.xlsx,Kerala,258918,180328,DIRECT,NONE,HIGH,JOINED,BRSI Annexure 1.1.2 PDF p.128,,128.5966985686588,13.243575185966213,184.641320260858,19.01534980701832
Madhya Pradesh,2021,Central,48877,12057,48956,MoRTH_Primary_Dataset_3.xlsx,Madhya Pradesh,372704,327130,DIRECT,NONE,HIGH,JOINED,BRSI Annexure 1.1.2 PDF p.128,,131.14160298789386,32.35006868721559,149.4115489255036,36.856907040014676
Maharashtra,2021,West,29477,13528,23071,MoRTH_Primary_Dataset_3.xlsx,Maharashtra,611669,458573,DIRECT,NONE,HIGH,JOINED,BRSI Annexure 1.1.2 PDF p.128,,48.19109681870423,22.116536885145397,64.27984203169397,29.50021043541595
Manipur,2021,Northeast,366,110,504,MoRTH_Primary_Dataset_3.xlsx,Manipur,32783,19339,DIRECT,NONE,HIGH,JOINED,BRSI Annexure 1.1.2 PDF p.128,,11.164322972272215,3.355397614617332,18.925487357153937,5.68798800351621
Meghalaya,2021,Northeast,245,187,263,MoRTH_Primary_Dataset_3.xlsx,Meghalaya,48406,23848,DIRECT,NONE,HIGH,JOINED,BRSI Annexure 1.1.2 PDF p.128,,5.061356030244184,3.863157459819031,10.27339818852734,7.841328413284132
Mizoram,2021,Northeast,69,56,65,MoRTH_Primary_Dataset_3.xlsx,Mizoram,19518,11656,DIRECT,NONE,HIGH,JOINED,BRSI Annexure 1.1.2 PDF p.128,,3.535198278512143,2.869146428937391,5.919698009608785,4.80439258750858
Nagaland,2021,Northeast,746,55,380,MoRTH_Primary_Dataset_3.xlsx,Nagaland,37959,19160,DIRECT,NONE,HIGH,JOINED,BRSI Annexure 1.1.2 PDF p.128,,19.652783266155588,1.4489317421428385,38.93528183716075,2.8705636743215033
Odisha,2021,East,10983,5081,9782,MoRTH_Primary_Dataset_3.xlsx,Odisha,305126,214503,DIRECT,NONE,HIGH,JOINED,BRSI Annexure 1.1.2 PDF p.128,,35.9949660140401,16.65213714989873,51.20208108977497,23.687314396535246
Punjab,2021,North,5871,4589,3072,MoRTH_Primary_Dataset_3.xlsx,Punjab,151937,139678,DIRECT,NONE,HIGH,JOINED,BRSI Annexure 1.1.2 PDF p.128,,38.641015684132235,30.203307950005595,42.032388779908075,32.85413594123627
Rajasthan,2021,North,20951,10043,19344,MoRTH_Primary_Dataset_3.xlsx,Rajasthan,277582,245892,DIRECT,NONE,HIGH,JOINED,BRSI Annexure 1.1.2 PDF p.128,,75.4767960458531,36.18029987535215,85.20407333300798,40.84313438420119
Sikkim,2021,Northeast,155,56,244,MoRTH_Primary_Dataset_3.xlsx,Sikkim,12626,9897,DIRECT,NONE,HIGH,JOINED,BRSI Annexure 1.1.2 PDF p.128,,12.2762553461112,4.4352922540788855,15.661311508537942,5.658280286955643
Tamil Nadu,2021,South,55682,15384,55996,MoRTH_Primary_Dataset_3.xlsx,Tamilnadu,282903,236774,DIRECT,RENAME_Tamilnadu,HIGH,JOINED,BRSI Annexure 1.1.2 PDF p.128,,196.82364626744857,54.37906278830553,235.16940204583273,64.97335011445514
Telangana,2021,South,21315,7557,20107,MoRTH_Primary_Dataset_3.xlsx,Telangana,141985,107163,DIRECT,NONE,HIGH,JOINED,BRSI Annexure 1.1.2 PDF p.128,,150.12149170687044,53.2239321055041,198.9026063100137,70.51874247641443
Tripura,2021,Northeast,479,194,547,MoRTH_Primary_Dataset_3.xlsx,Tripura,28218,21924,DIRECT,NONE,HIGH,JOINED,BRSI Annexure 1.1.2 PDF p.128,,16.97498050889503,6.875044297965837,21.84820288268564,8.848750228060572
Uttarakhand,2021,North,1405,820,1091,MoRTH_Primary_Dataset_3.xlsx,Uttarakhand,65181,47878,DIRECT,NONE,HIGH,JOINED,BRSI Annexure 1.1.2 PDF p.128,,21.555361224896824,12.580353170402418,29.34541960817077,17.126864112953758
Uttar Pradesh,2021,North,37729,21227,24897,MoRTH_Primary_Dataset_3.xlsx,Uttar Pradesh,497755,427773,DIRECT,NONE,HIGH,JOINED,BRSI Annexure 1.1.2 PDF p.128,,75.7983345220038,42.645478197105,88.19864741346461,49.622112662557015
West Bengal,2021,East,11937,5800,10454,MoRTH_Primary_Dataset_3.xlsx,West Bengal,286368,202597,DIRECT,NONE,HIGH,JOINED,BRSI Annexure 1.1.2 PDF p.128,,41.68412671806906,20.253659626773942,58.9199247767736,28.628262017700163
Andaman & Nicobar Islands,2021,South,115,20,97,MoRTH_Primary_Dataset_3.xlsx,A & N Islands,1906,1790,DIRECT,RENAME_A & N Islands,HIGH,JOINED,BRSI Annexure 1.1.2 PDF p.128,,60.335781741867784,10.49317943336831,64.24581005586592,11.1731843575419
Chandigarh,2021,North,208,96,172,MoRTH_Primary_Dataset_3.xlsx,Chandigarh,2592,2592,DIRECT,NONE,HIGH,JOINED,BRSI Annexure 1.1.2 PDF p.128,,80.24691358024691,37.03703703703704,80.24691358024691,37.03703703703704
Dadra & Nagar Haveli and Daman & Diu,2021,West,140,76,171,MoRTH_Primary_Dataset_3.xlsx,Dadra & Nagar Haveli + Daman & Diu,1459,1459,SUM,DNH_PLUS_DAMAN_DIU,MEDIUM,JOINED_WITH_TRANSFORMATION,BRSI Annexure 1.1.2 + Annexure 1.1.2,Arithmetic sum; not source-published,95.95613433858807,52.0904729266621,95.95613433858807,52.0904729266621
Delhi,2021,North,4720,1239,4273,MoRTH_Primary_Dataset_3.xlsx,Delhi,17786,17726,DIRECT,NONE,HIGH,JOINED,BRSI Annexure 1.1.2 PDF p.128,,265.3772630158552,69.66153154166197,266.2755274737674,69.89732596186393
Lakshadweep,2021,South,4,1,6,MoRTH_Primary_Dataset_3.xlsx,Lakshadweep,223,223,DIRECT,NONE,HIGH,JOINED,BRSI Annexure 1.1.2 PDF p.128,,17.937219730941703,4.484304932735426,17.937219730941703,4.484304932735426
Puducherry,2021,South,1049,140,1099,MoRTH_Primary_Dataset_3.xlsx,Puducherry,5602,5120,DIRECT,NONE,HIGH,JOINED,BRSI Annexure 1.1.2 PDF p.128,,187.25455194573368,24.991074616208497,204.8828125,27.34375
Andhra Pradesh,2022,South,21249,8293,21340,MoRTH_Primary_Dataset_3.xlsx,Andhra Pradesh,193441,133180,DIRECT,NONE,HIGH,JOINED,BRSI Annexure 2.1.2 PDF p.160,,109.84744702519114,42.870952900367556,159.55098363117585,62.26910947589728
Arunachal Pradesh,2022,Northeast,227,148,186,MoRTH_Primary_Dataset_3.xlsx,Arunachal Pradesh,53073,37745,DIRECT,NONE,HIGH,JOINED,BRSI Annexure 2.1.2 PDF p.160,,4.277127729730749,2.788611911894937,6.014041594913234,3.9210491455821965
Assam,2022,Northeast,7023,2994,5637,MoRTH_Primary_Dataset_3.xlsx,Assam,501203,131501,DIRECT,NONE,HIGH,JOINED,BRSI Annexure 2.1.2 PDF p.160,,14.012286438828179,5.973627452349647,53.40643797385571,22.767887696671508
Bihar,2022,East,10801,8898,7068,MoRTH_Primary_Dataset_3.xlsx,Bihar,302138,236143,DIRECT,NONE,HIGH,JOINED,BRSI Annexure 2.1.2 PDF p.160,,35.74856522516201,29.450118819877012,45.73923427753522,37.68055796699458
Chhattisgarh,2022,Central,13279,5834,11695,MoRTH_Primary_Dataset_3.xlsx,Chhattisgarh,113307,87000,DIRECT,NONE,HIGH,JOINED,BRSI Annexure 2.1.2 PDF p.160,,117.19487763333244,51.488434077329735,152.632183908046,67.05747126436782
Goa,2022,West,3011,271,1091,MoRTH_Primary_Dataset_3.xlsx,Goa,19625,14205,DIRECT,NONE,HIGH,JOINED,BRSI Annexure 2.1.2 PDF p.160,,153.42675159235668,13.808917197452228,211.96761703625484,19.077789510735656
Gujarat,2022,West,15751,7618,15089,MoRTH_Primary_Dataset_3.xlsx,Gujarat,267685,236867,DIRECT,NONE,HIGH,JOINED,BRSI Annexure 2.1.2 PDF p.160,,58.84154883538487,28.45882287016456,66.49723262421529,32.161508357010476
Haryana,2022,North,10429,4915,8519,MoRTH_Primary_Dataset_3.xlsx,Haryana,61675,52249,DIRECT,NONE,HIGH,JOINED,BRSI Annexure 2.1.2 PDF p.160,,169.09606809890556,79.69193352249695,199.6019062565791,94.06878600547378
Himachal Pradesh,2022,North,2597,1032,4063,MoRTH_Primary_Dataset_3.xlsx,Himachal Pradesh,67828,48269,DIRECT,NONE,HIGH,JOINED,BRSI Annexure 2.1.2 PDF p.160,,38.28802264551513,15.214955475614792,53.80264766206054,21.380181897283972
Jharkhand,2022,East,5175,3898,3747,MoRTH_Primary_Dataset_3.xlsx,Jharkhand,85456,69938,DIRECT,NONE,HIGH,JOINED,BRSI Annexure 2.1.2 PDF p.160,,60.55747987268302,45.61411720651564,73.99410906803168,55.7350796419686
Karnataka,2022,South,39762,11702,48154,MoRTH_Primary_Dataset_3.xlsx,Karnataka,390772,236272,DIRECT,NONE,HIGH,JOINED,BRSI Annexure 2.1.2 PDF p.160,,101.75242852609706,29.945850777435435,168.28909053971694,49.52766303243719
Kerala,2022,South,43910,4317,49307,MoRTH_Primary_Dataset_3.xlsx,Kerala,260037,181236,DIRECT,NONE,HIGH,JOINED,BRSI Annexure 2.1.2 PDF p.160,,168.86058522441036,16.60148363502117,242.28078306738178,23.81977090644243
Madhya Pradesh,2022,Central,54432,13427,55168,MoRTH_Primary_Dataset_3.xlsx,Madhya Pradesh,375863,329567,DIRECT,NONE,HIGH,JOINED,BRSI Annexure 2.1.2 PDF p.160,,144.8187238435281,35.72312252070568,165.16216732864638,40.74133635952629
Maharashtra,2022,West,33383,15224,27239,MoRTH_Primary_Dataset_3.xlsx,Maharashtra,625023,469655,DIRECT,NONE,HIGH,JOINED,BRSI Annexure 2.1.2 PDF p.160,,53.41083448129109,24.357503643865904,71.07983519817739,32.415283559208355
Manipur,2022,Northeast,508,127,817,MoRTH_Primary_Dataset_3.xlsx,Manipur,32783,19339,DIRECT,NONE,HIGH,JOINED,BRSI Annexure 2.1.2 PDF p.160,,15.495836256596407,3.8739590641491017,26.268162779874864,6.567040694968716
Meghalaya,2022,Northeast,246,162,310,MoRTH_Primary_Dataset_3.xlsx,Meghalaya,54495,27860,DIRECT,NONE,HIGH,JOINED,BRSI Annexure 2.1.2 PDF p.160,,4.514175612441509,2.972749793559042,8.829863603732951,5.8147882268485285
Mizoram,2022,Northeast,133,113,107,MoRTH_Primary_Dataset_3.xlsx,Mizoram,19904,12036,DIRECT,NONE,HIGH,JOINED,BRSI Annexure 2.1.2 PDF p.160,,6.682073954983923,5.677250803858521,11.050182784978398,9.388501163177136
Nagaland,2022,Northeast,489,73,291,MoRTH_Primary_Dataset_3.xlsx,Nagaland,38081,19282,DIRECT,NONE,HIGH,JOINED,BRSI Annexure 2.1.2 PDF p.160,,12.841049342191644,1.9169664662167485,25.360439788403692,3.785914324240224
Odisha,2022,East,11663,5467,10302,MoRTH_Primary_Dataset_3.xlsx,Odisha,310038,221030,DIRECT,NONE,HIGH,JOINED,BRSI Annexure 2.1.2 PDF p.160,,37.61796941020133,17.633322366935666,52.766592770212185,24.734198977514364
Punjab,2022,North,6138,4756,3324,MoRTH_Primary_Dataset_3.xlsx,Punjab,152079,139820,DIRECT,NONE,HIGH,JOINED,BRSI Annexure 2.1.2 PDF p.160,,40.36060205551062,31.27321983968858,43.89929909884137,34.01516235159491
Rajasthan,2022,North,23614,11104,22293,MoRTH_Primary_Dataset_3.xlsx,Rajasthan,286292,252561,DIRECT,NONE,HIGH,JOINED,BRSI Annexure 2.1.2 PDF p.160,,82.48222094924064,38.78557556620513,93.49820439418596,43.96561622736685
Sikkim,2022,Northeast,211,92,354,MoRTH_Primary_Dataset_3.xlsx,Sikkim,12633,9893,DIRECT,NONE,HIGH,JOINED,BRSI Annexure 2.1.2 PDF p.160,,16.702287659304996,7.282514050502652,21.32821186697665,9.299504700293136
Tamil Nadu,2022,South,64105,17884,67703,MoRTH_Primary_Dataset_3.xlsx,Tamilnadu,282925,236792,DIRECT,RENAME_Tamilnadu,HIGH,JOINED,BRSI Annexure 2.1.2 PDF p.160,,226.57948219492798,63.21109834761862,270.7228284739349,75.52620020946652
Telangana,2022,South,21619,7559,20209,MoRTH_Primary_Dataset_3.xlsx,Telangana,142714,107823,DIRECT,NONE,HIGH,JOINED,BRSI Annexure 2.1.2 PDF p.160,,151.48478775733284,52.96607200414816,200.50453057325433,70.10563608877513
Tripura,2022,Northeast,575,241,541,MoRTH_Primary_Dataset_3.xlsx,Tripura,28579,22294,DIRECT,NONE,HIGH,JOINED,BRSI Annexure 2.1.2 PDF p.160,,20.119668287903703,8.432765317190944,25.791692832152147,10.810083430519422
Uttarakhand,2022,North,1674,1042,1613,MoRTH_Primary_Dataset_3.xlsx,Uttarakhand,66004,48597,DIRECT,NONE,HIGH,JOINED,BRSI Annexure 2.1.2 PDF p.160,,25.362099266711105,15.786922004726984,34.446570775973825,21.44165277692039
Uttar Pradesh,2022,North,41746,22595,28541,MoRTH_Primary_Dataset_3.xlsx,Uttar Pradesh,504468,434202,DIRECT,NONE,HIGH,JOINED,BRSI Annexure 2.1.2 PDF p.160,,82.75252345044682,44.789758716112814,96.14419095259811,52.03799153389436
West Bengal,2022,East,13686,6002,12843,MoRTH_Primary_Dataset_3.xlsx,West Bengal,286395,202658,DIRECT,NONE,HIGH,JOINED,BRSI Annexure 2.1.2 PDF p.160,,47.78714712198188,20.95706978124618,67.53249316582617,29.616398069654295
Andaman & Nicobar Islands,2022,South,141,19,136,MoRTH_Primary_Dataset_3.xlsx,A & N Islands,1909,1801,DIRECT,RENAME_A & N Islands,HIGH,JOINED,BRSI Annexure 2.1.2 PDF p.160,,73.86066003143006,9.95285489785228,78.28983897834536,10.549694614103275
Chandigarh,2022,North,237,83,203,MoRTH_Primary_Dataset_3.xlsx,Chandigarh,2994,2994,DIRECT,NONE,HIGH,JOINED,BRSI Annexure 2.1.2 PDF p.160,,79.15831663326652,27.722110888443552,79.15831663326652,27.722110888443552
Dadra & Nagar Haveli and Daman & Diu,2022,West,196,90,273,MoRTH_Primary_Dataset_3.xlsx,Dadra & Nagar Haveli + Daman & Diu,1459,1459,SUM,DNH_PLUS_DAMAN_DIU,MEDIUM,JOINED_WITH_TRANSFORMATION,BRSI Annexure 2.1.2 + Annexure 2.1.2,Arithmetic sum; not source-published,134.3385880740233,61.6860863605209,134.3385880740233,61.6860863605209
Delhi,2022,North,5652,1461,5201,MoRTH_Primary_Dataset_3.xlsx,Delhi,17845,17748,DIRECT,NONE,HIGH,JOINED,BRSI Annexure 2.1.2 PDF p.160,,316.72737461473804,81.87167273746147,318.4584178498986,82.31913455037187
Lakshadweep,2022,South,3,2,2,MoRTH_Primary_Dataset_3.xlsx,Lakshadweep,223,223,DIRECT,NONE,HIGH,JOINED,BRSI Annexure 2.1.2 PDF p.160,,13.45291479820628,8.968609865470851,13.45291479820628,8.968609865470851
Puducherry,2022,South,1181,181,1282,MoRTH_Primary_Dataset_3.xlsx,Puducherry,5601,5120,DIRECT,NONE,HIGH,JOINED,BRSI Annexure 2.1.2 PDF p.160,,210.85520442778073,32.31565791822889,230.6640625,35.3515625
