State_UT,Year,Zone,Accidents,Fatalities,Injured,Source_Accident,Population_Source_Entity,Population_Source_Thousands,Population_Persons,Population_Unit,Population_Is_Projection,Population_Join_Type,Population_Geography_Transformation,Population_Join_Confidence,Population_Join_Status,Source_Population,Notes,Sev100,Sev1,AccLakh,FatLakh,Injury_Data_Status,Data_Quality_Flag
Andhra Pradesh,2018,South,24475,7556,23456.0,MoRTH_Primary_Dataset_3.xlsx,ANDHRA PRADESH,52032,52032000,persons,True,DIRECT,NONE,HIGH,JOINED,"RGI Table 11 (1 July), PDF p.94",,30.87231869254341,0.3087231869254341,47.03836100861009,14.521832718327184,VERIFIED,OK
Arunachal Pradesh,2018,Northeast,277,175,323.0,MoRTH_Primary_Dataset_3.xlsx,ARUNACHAL PRADESH,1493,1493000,persons,True,DIRECT,NONE,HIGH,JOINED,"RGI Table 11 (1 July), PDF p.97",,63.1768953068592,0.631768953068592,18.55324849296718,11.721366376423308,VERIFIED,OK
Assam,2018,Northeast,8248,2966,7375.0,MoRTH_Primary_Dataset_3.xlsx,ASSAM,34043,34043000,persons,True,DIRECT,NONE,HIGH,JOINED,"RGI Table 11 (1 July), PDF p.92",,35.960232783705145,0.3596023278370514,24.228182005111183,8.71251064829774,VERIFIED,OK
Bihar,2018,East,9600,6729,6679.0,MoRTH_Primary_Dataset_3.xlsx,BIHAR,118333,118333000,persons,True,DIRECT,NONE,HIGH,JOINED,"RGI Table 11 (1 July), PDF p.91",,70.09375,0.7009375,8.112698909011012,5.686494891534906,VERIFIED,OK
Chhattisgarh,2018,Central,13864,4592,12715.0,MoRTH_Primary_Dataset_3.xlsx,CHHATTISGARH,28468,28468000,persons,True,DIRECT,NONE,HIGH,JOINED,"RGI Table 11 (1 July), PDF p.93",,33.121754183496826,0.33121754183496827,48.700295068146694,16.130392019109177,VERIFIED,OK
Goa,2018,West,3709,262,1549.0,MoRTH_Primary_Dataset_3.xlsx,GOA,1534,1534000,persons,True,DIRECT,NONE,HIGH,JOINED,"RGI Table 11 (1 July), PDF p.99",,7.063898624966298,0.07063898624966299,241.78617992177314,17.079530638852674,VERIFIED,OK
Gujarat,2018,West,18769,7996,17467.0,MoRTH_Primary_Dataset_3.xlsx,GUJARAT,67319,67319000,persons,True,DIRECT,NONE,HIGH,JOINED,"RGI Table 11 (1 July), PDF p.94",,42.6021631413501,0.42602163141350097,27.880687473075948,11.877775962209776,VERIFIED,OK
Haryana,2018,North,11238,5118,10020.0,MoRTH_Primary_Dataset_3.xlsx,HARYANA,28401,28401000,persons,True,DIRECT,NONE,HIGH,JOINED,"RGI Table 11 (1 July), PDF p.90",,45.54191137213027,0.4554191137213027,39.56902925953311,18.020492236188865,VERIFIED,OK
Himachal Pradesh,2018,North,3110,1208,5551.0,MoRTH_Primary_Dataset_3.xlsx,HIMACHAL PRADESH,7268,7268000,persons,True,DIRECT,NONE,HIGH,JOINED,"RGI Table 11 (1 July), PDF p.89",,38.842443729903536,0.38842443729903536,42.790313703907536,16.62080352228949,VERIFIED,OK
Jharkhand,2018,East,5394,3542,3975.0,MoRTH_Primary_Dataset_3.xlsx,JHARKHAND,37047,37047000,persons,True,DIRECT,NONE,HIGH,JOINED,"RGI Table 11 (1 July), PDF p.92",,65.66555431961439,0.6566555431961438,14.559883391367721,9.560828137231086,VERIFIED,OK
Karnataka,2018,South,41707,10990,51562.0,MoRTH_Primary_Dataset_3.xlsx,KARNATAKA,65450,65450000,persons,True,DIRECT,NONE,HIGH,JOINED,"RGI Table 11 (1 July), PDF p.95",,26.350492723044095,0.26350492723044094,63.72345301757067,16.79144385026738,VERIFIED,OK
Kerala,2018,South,40181,4303,45458.0,MoRTH_Primary_Dataset_3.xlsx,KERALA,35003,35003000,persons,True,DIRECT,NONE,HIGH,JOINED,"RGI Table 11 (1 July), PDF p.95",,10.709041586819641,0.10709041586819641,114.79301774133646,12.29323200868497,VERIFIED,OK
Madhya Pradesh,2018,Central,51397,10706,54662.0,MoRTH_Primary_Dataset_3.xlsx,MADHYA PRADESH,81471,81471000,persons,True,DIRECT,NONE,HIGH,JOINED,"RGI Table 11 (1 July), PDF p.93",,20.830009533630367,0.20830009533630367,63.08625154963116,13.140872212198204,VERIFIED,OK
Maharashtra,2018,West,35717,13261,31365.0,MoRTH_Primary_Dataset_3.xlsx,MAHARASHTRA,121391,121391000,persons,True,DIRECT,NONE,HIGH,JOINED,"RGI Table 11 (1 July), PDF p.94",,37.1279782736512,0.371279782736512,29.423103854486744,10.924203606527668,VERIFIED,OK
Manipur,2018,Northeast,601,134,1042.0,MoRTH_Primary_Dataset_3.xlsx,MANIPUR,3080,3080000,persons,True,DIRECT,NONE,HIGH,JOINED,"RGI Table 11 (1 July), PDF p.97",,22.296173044925123,0.22296173044925124,19.512987012987015,4.35064935064935,VERIFIED,OK
Meghalaya,2018,Northeast,399,182,205.0,MoRTH_Primary_Dataset_3.xlsx,MEGHALAYA,3200,3200000,persons,True,DIRECT,NONE,HIGH,JOINED,"RGI Table 11 (1 July), PDF p.98",,45.614035087719294,0.45614035087719296,12.468749999999998,5.6875,VERIFIED,OK
Mizoram,2018,Northeast,53,45,80.0,MoRTH_Primary_Dataset_3.xlsx,MIZORAM,1184,1184000,persons,True,DIRECT,NONE,HIGH,JOINED,"RGI Table 11 (1 July), PDF p.98",,84.90566037735849,0.8490566037735849,4.476351351351352,3.8006756756756754,VERIFIED,OK
Nagaland,2018,Northeast,430,39,335.0,MoRTH_Primary_Dataset_3.xlsx,NAGALAND,2134,2134000,persons,True,DIRECT,NONE,HIGH,JOINED,"RGI Table 11 (1 July), PDF p.97",,9.069767441860465,0.09069767441860466,20.14995313964386,1.8275538894095593,VERIFIED,OK
Odisha,2018,East,11262,5315,11794.0,MoRTH_Primary_Dataset_3.xlsx,ODISHA,44774,44774000,persons,True,DIRECT,NONE,HIGH,JOINED,"RGI Table 11 (1 July), PDF p.93",,47.19410406677322,0.4719410406677322,25.152990574887212,11.870728547817931,VERIFIED,OK
Punjab,2018,North,6428,4740,3384.0,MoRTH_Primary_Dataset_3.xlsx,PUNJAB,29699,29699000,persons,True,DIRECT,NONE,HIGH,JOINED,"RGI Table 11 (1 July), PDF p.90",,73.73988799004356,0.7373988799004356,21.643826391460994,15.960133337822823,VERIFIED,OK
Rajasthan,2018,North,21743,10320,21547.0,MoRTH_Primary_Dataset_3.xlsx,RAJASTHAN,76592,76592000,persons,True,DIRECT,NONE,HIGH,JOINED,"RGI Table 11 (1 July), PDF p.91",,47.46355148783516,0.47463551487835165,28.388082306246083,13.473992061834133,VERIFIED,OK
Sikkim,2018,Northeast,180,85,370.0,MoRTH_Primary_Dataset_3.xlsx,SIKKIM,659,659000,persons,True,DIRECT,NONE,HIGH,JOINED,"RGI Table 11 (1 July), PDF p.96",,47.22222222222222,0.4722222222222222,27.31411229135053,12.898330804248863,VERIFIED,OK
Tamil Nadu,2018,South,67279,18392,69834.0,MoRTH_Primary_Dataset_3.xlsx,TAMIL NADU,75460,75460000,persons,True,DIRECT,NONE,HIGH,JOINED,"RGI Table 11 (1 July), PDF p.95",,27.336910477266308,0.2733691047726631,89.15849456665784,24.3731778425656,VERIFIED,OK
Telangana,2018,South,22230,6603,23613.0,MoRTH_Primary_Dataset_3.xlsx,TELANGANA,37030,37030000,persons,True,DIRECT,NONE,HIGH,JOINED,"RGI Table 11 (1 July), PDF p.101",,29.70310391363023,0.2970310391363023,60.032406157169866,17.831487982716716,VERIFIED,OK
Tripura,2018,Northeast,552,213,741.0,MoRTH_Primary_Dataset_3.xlsx,TRIPURA,3963,3963000,persons,True,DIRECT,NONE,HIGH,JOINED,"RGI Table 11 (1 July), PDF p.98",,38.58695652173913,0.3858695652173913,13.92884178652536,5.374716124148373,VERIFIED,OK
Uttarakhand,2018,North,1468,1047,1571.0,MoRTH_Primary_Dataset_3.xlsx,UTTARAKHAND,11055,11055000,persons,True,DIRECT,NONE,HIGH,JOINED,"RGI Table 11 (1 July), PDF p.96",,71.32152588555857,0.7132152588555858,13.279059249208503,9.470827679782904,VERIFIED,OK
Uttar Pradesh,2018,North,42568,22256,29664.0,MoRTH_Primary_Dataset_3.xlsx,UTTAR PRADESH,223003,223003000,persons,True,DIRECT,NONE,HIGH,JOINED,"RGI Table 11 (1 July), PDF p.91",,52.28340537492953,0.5228340537492953,19.088532441267606,9.980134796392873,VERIFIED,OK
West Bengal,2018,East,12705,5711,11997.0,MoRTH_Primary_Dataset_3.xlsx,WEST BENGAL,96500,96500000,persons,True,DIRECT,NONE,HIGH,JOINED,"RGI Table 11 (1 July), PDF p.92",,44.950806768988585,0.4495080676898859,13.165803108808289,5.918134715025907,VERIFIED,OK
Andaman & Nicobar Islands,2018,South,254,19,260.0,MoRTH_Primary_Dataset_3.xlsx,ANDAMAN & NICOBAR ISLANDS,396,396000,persons,True,DIRECT,NONE,HIGH,JOINED,"RGI Table 11 (1 July), PDF p.100",,7.480314960629922,0.07480314960629922,64.14141414141415,4.797979797979798,VERIFIED,OK
Chandigarh,2018,North,316,98,300.0,MoRTH_Primary_Dataset_3.xlsx,CHANDIGARH,1170,1170000,persons,True,DIRECT,NONE,HIGH,JOINED,"RGI Table 11 (1 July), PDF p.96",,31.0126582278481,0.310126582278481,27.00854700854701,8.376068376068377,VERIFIED,OK
Dadra & Nagar Haveli,2018,West,80,54,66.0,MoRTH_Primary_Dataset_3.xlsx,DADRA & NAGAR HAVELI,525,525000,persons,True,DIRECT,NONE,HIGH,JOINED,"RGI Table 11 (1 July), PDF p.99",,67.5,0.675,15.238095238095237,10.285714285714286,VERIFIED,OK
Daman & Diu,2018,West,76,35,94.0,MoRTH_Primary_Dataset_3.xlsx,DAMAN & DIU,395,395000,persons,True,DIRECT,NONE,HIGH,JOINED,"RGI Table 11 (1 July), PDF p.99",,46.05263157894737,0.4605263157894737,19.240506329113924,8.860759493670887,VERIFIED,OK
Delhi,2018,North,6515,1690,6086.0,MoRTH_Primary_Dataset_3.xlsx,NCT OF DELHI,19561,19561000,persons,True,DIRECT,RENAME_NCT OF DELHI,HIGH,JOINED,"RGI Table 11 (1 July), PDF p.90",,25.940138142747504,0.25940138142747504,33.306068196922446,8.639640100199376,VERIFIED,OK
Jammu & Kashmir,2018,North,5978,984,7845.0,MoRTH_Primary_Dataset_3.xlsx,JAMMU & KASHMIR (UT),13135,13135000,persons,True,DIRECT,JAMMU_KASHMIR_DIRECT,HIGH,JOINED,"RGI Table 11 (1 July), PDF p.89",,16.460354633656742,0.1646035463365674,45.51199086410354,7.4914350970689005,VERIFIED,OK
Ladakh,2018,North,0,0,,MoRTH_Primary_Dataset_3.xlsx,LADAKH,292,292000,persons,True,DIRECT,LADAKH_DIRECT,HIGH,JOINED,"RGI Table 11 (1 July), PDF p.101",,,,0.0,0.0,NOT_AVAILABLE,OK
Lakshadweep,2018,South,3,1,3.0,MoRTH_Primary_Dataset_3.xlsx,LAKSHADWEEP,67,67000,persons,True,DIRECT,NONE,HIGH,JOINED,"RGI Table 11 (1 July), PDF p.100",,33.33333333333333,0.3333333333333333,4.477611940298508,1.492537313432836,VERIFIED,OK
Puducherry,2018,South,1597,226,1727.0,MoRTH_Primary_Dataset_3.xlsx,PUDUCHERRY,1481,1481000,persons,True,DIRECT,NONE,HIGH,JOINED,"RGI Table 11 (1 July), PDF p.100",,14.151534126487164,0.14151534126487164,107.83254557731263,15.25995948683322,VERIFIED,OK
Andhra Pradesh,2019,South,21992,7984,24619.0,MoRTH_Primary_Dataset_3.xlsx,ANDHRA PRADESH,52315,52315000,persons,True,DIRECT,NONE,HIGH,JOINED,"RGI Table 11 (1 July), PDF p.94",,36.304110585667516,0.36304110585667515,42.037656503870785,15.261397304788304,VERIFIED,OK
Arunachal Pradesh,2019,Northeast,237,127,309.0,MoRTH_Primary_Dataset_3.xlsx,ARUNACHAL PRADESH,1507,1507000,persons,True,DIRECT,NONE,HIGH,JOINED,"RGI Table 11 (1 July), PDF p.97",,53.58649789029536,0.5358649789029536,15.726609157266092,8.42733908427339,VERIFIED,OK
Assam,2019,Northeast,8350,3208,7473.0,MoRTH_Primary_Dataset_3.xlsx,ASSAM,34418,34418000,persons,True,DIRECT,NONE,HIGH,JOINED,"RGI Table 11 (1 July), PDF p.92",,38.41916167664671,0.38419161676646707,24.2605613341856,9.320704282642804,VERIFIED,OK
Bihar,2019,East,10007,7205,7206.0,MoRTH_Primary_Dataset_3.xlsx,BIHAR,120114,120114000,persons,True,DIRECT,NONE,HIGH,JOINED,"RGI Table 11 (1 July), PDF p.91",,71.99960027980413,0.7199960027980413,8.331251977288243,5.998468121950813,VERIFIED,OK
Chhattisgarh,2019,Central,13899,5003,13090.0,MoRTH_Primary_Dataset_3.xlsx,CHHATTISGARH,28852,28852000,persons,True,DIRECT,NONE,HIGH,JOINED,"RGI Table 11 (1 July), PDF p.93",,35.995395352183614,0.3599539535218361,48.17343685013171,17.340219048939417,VERIFIED,OK
Goa,2019,West,3440,297,1448.0,MoRTH_Primary_Dataset_3.xlsx,GOA,1543,1543000,persons,True,DIRECT,NONE,HIGH,JOINED,"RGI Table 11 (1 July), PDF p.99",,8.633720930232558,0.08633720930232558,222.94232015554115,19.248217757615034,VERIFIED,OK
Gujarat,2019,West,17046,7390,16258.0,MoRTH_Primary_Dataset_3.xlsx,GUJARAT,68245,68245000,persons,True,DIRECT,NONE,HIGH,JOINED,"RGI Table 11 (1 July), PDF p.94",,43.35327936172709,0.43353279361727093,24.977654040589055,10.828632134222287,VERIFIED,OK
Haryana,2019,North,10944,5057,9362.0,MoRTH_Primary_Dataset_3.xlsx,HARYANA,28807,28807000,persons,True,DIRECT,NONE,HIGH,JOINED,"RGI Table 11 (1 July), PDF p.90",,46.20796783625731,0.4620796783625731,37.9907661332315,17.554760995591348,VERIFIED,OK
Himachal Pradesh,2019,North,2873,1146,4904.0,MoRTH_Primary_Dataset_3.xlsx,HIMACHAL PRADESH,7315,7315000,persons,True,DIRECT,NONE,HIGH,JOINED,"RGI Table 11 (1 July), PDF p.89",,39.888618169161155,0.39888618169161155,39.275461380724536,15.66643882433356,VERIFIED,OK
Jharkhand,2019,East,5217,3801,3818.0,MoRTH_Primary_Dataset_3.xlsx,JHARKHAND,37581,37581000,persons,True,DIRECT,NONE,HIGH,JOINED,"RGI Table 11 (1 July), PDF p.92",,72.85796434732606,0.7285796434732605,13.882014847928476,10.114153428594237,VERIFIED,OK
Karnataka,2019,South,40658,10958,50447.0,MoRTH_Primary_Dataset_3.xlsx,KARNATAKA,65973,65973000,persons,True,DIRECT,NONE,HIGH,JOINED,"RGI Table 11 (1 July), PDF p.95",,26.951645432633185,0.26951645432633187,61.62824185651706,16.60982523153411,VERIFIED,OK
Kerala,2019,South,41111,4440,46055.0,MoRTH_Primary_Dataset_3.xlsx,KERALA,35186,35186000,persons,True,DIRECT,NONE,HIGH,JOINED,"RGI Table 11 (1 July), PDF p.95",,10.800029189268079,0.10800029189268079,116.83908372648213,12.61865514693344,VERIFIED,OK
Madhya Pradesh,2019,Central,50669,11249,52816.0,MoRTH_Primary_Dataset_3.xlsx,MADHYA PRADESH,82613,82613000,persons,True,DIRECT,NONE,HIGH,JOINED,"RGI Table 11 (1 July), PDF p.93",,22.200951271980895,0.22200951271980895,61.33296212460508,13.616501034946072,VERIFIED,OK
Maharashtra,2019,West,32925,12788,28628.0,MoRTH_Primary_Dataset_3.xlsx,MAHARASHTRA,122533,122533000,persons,True,DIRECT,NONE,HIGH,JOINED,"RGI Table 11 (1 July), PDF p.94",,38.839787395596055,0.38839787395596054,26.870312487248334,10.43637224257955,VERIFIED,OK
Manipur,2019,Northeast,672,156,1055.0,MoRTH_Primary_Dataset_3.xlsx,MANIPUR,3111,3111000,persons,True,DIRECT,NONE,HIGH,JOINED,"RGI Table 11 (1 July), PDF p.97",,23.214285714285715,0.23214285714285715,21.600771456123436,5.014464802314368,VERIFIED,OK
Meghalaya,2019,Northeast,482,179,222.0,MoRTH_Primary_Dataset_3.xlsx,MEGHALAYA,3232,3232000,persons,True,DIRECT,NONE,HIGH,JOINED,"RGI Table 11 (1 July), PDF p.98",,37.136929460580916,0.37136929460580914,14.913366336633663,5.538366336633664,VERIFIED,OK
Mizoram,2019,Northeast,62,48,56.0,MoRTH_Primary_Dataset_3.xlsx,MIZORAM,1195,1195000,persons,True,DIRECT,NONE,HIGH,JOINED,"RGI Table 11 (1 July), PDF p.98",,77.41935483870968,0.7741935483870968,5.1882845188284525,4.01673640167364,VERIFIED,OK
Nagaland,2019,Northeast,358,26,246.0,MoRTH_Primary_Dataset_3.xlsx,NAGALAND,2155,2155000,persons,True,DIRECT,NONE,HIGH,JOINED,"RGI Table 11 (1 July), PDF p.97",,7.262569832402235,0.07262569832402235,16.612529002320187,1.2064965197215778,VERIFIED,OK
Odisha,2019,East,11064,5333,11177.0,MoRTH_Primary_Dataset_3.xlsx,ODISHA,45119,45119000,persons,True,DIRECT,NONE,HIGH,JOINED,"RGI Table 11 (1 July), PDF p.93",,48.20137382501808,0.4820137382501808,24.521820075799553,11.819854163434474,VERIFIED,OK
Punjab,2019,North,6348,4525,3812.0,MoRTH_Primary_Dataset_3.xlsx,PUNJAB,29939,29939000,persons,True,DIRECT,NONE,HIGH,JOINED,"RGI Table 11 (1 July), PDF p.90",,71.28229363579081,0.712822936357908,21.203112996426064,15.11406526604095,VERIFIED,OK
Rajasthan,2019,North,23480,10563,22979.0,MoRTH_Primary_Dataset_3.xlsx,RAJASTHAN,77601,77601000,persons,True,DIRECT,NONE,HIGH,JOINED,"RGI Table 11 (1 July), PDF p.91",,44.987223168654175,0.4498722316865417,30.257342044561284,13.611937990489812,VERIFIED,OK
Sikkim,2019,Northeast,162,73,318.0,MoRTH_Primary_Dataset_3.xlsx,SIKKIM,665,665000,persons,True,DIRECT,NONE,HIGH,JOINED,"RGI Table 11 (1 July), PDF p.96",,45.06172839506173,0.4506172839506173,24.360902255639097,10.977443609022556,VERIFIED,OK
Tamil Nadu,2019,South,62685,18129,63132.0,MoRTH_Primary_Dataset_3.xlsx,TAMIL NADU,75813,75813000,persons,True,DIRECT,NONE,HIGH,JOINED,"RGI Table 11 (1 July), PDF p.95",,28.92079444843264,0.2892079444843264,82.68370859878912,23.912785406196825,VERIFIED,OK
Telangana,2019,South,21570,6964,21999.0,MoRTH_Primary_Dataset_3.xlsx,TELANGANA,37283,37283000,persons,True,DIRECT,NONE,HIGH,JOINED,"RGI Table 11 (1 July), PDF p.101",,32.28558182661103,0.3228558182661103,57.85478636375828,18.678754392082183,VERIFIED,OK
Tripura,2019,Northeast,655,239,816.0,MoRTH_Primary_Dataset_3.xlsx,TRIPURA,4002,4002000,persons,True,DIRECT,NONE,HIGH,JOINED,"RGI Table 11 (1 July), PDF p.98",,36.48854961832061,0.3648854961832061,16.366816591704147,5.9720139930034986,VERIFIED,OK
Uttarakhand,2019,North,1352,867,1457.0,MoRTH_Primary_Dataset_3.xlsx,UTTARAKHAND,11184,11184000,persons,True,DIRECT,NONE,HIGH,JOINED,"RGI Table 11 (1 July), PDF p.96",,64.12721893491124,0.6412721893491125,12.088698140200286,7.752145922746781,VERIFIED,OK
Uttar Pradesh,2019,North,42572,22655,28932.0,MoRTH_Primary_Dataset_3.xlsx,UTTAR PRADESH,225967,225967000,persons,True,DIRECT,NONE,HIGH,JOINED,"RGI Table 11 (1 July), PDF p.91",,53.21572864793761,0.5321572864793761,18.83991910323189,10.025800227466842,VERIFIED,OK
West Bengal,2019,East,12658,5767,11761.0,MoRTH_Primary_Dataset_3.xlsx,WEST BENGAL,97109,97109000,persons,True,DIRECT,NONE,HIGH,JOINED,"RGI Table 11 (1 July), PDF p.92",,45.56012008216148,0.4556012008216148,13.034837141768529,5.938687454303927,VERIFIED,OK
Andaman & Nicobar Islands,2019,South,230,20,207.0,MoRTH_Primary_Dataset_3.xlsx,ANDAMAN & NICOBAR ISLANDS,398,398000,persons,True,DIRECT,NONE,HIGH,JOINED,"RGI Table 11 (1 July), PDF p.100",,8.695652173913043,0.08695652173913043,57.78894472361809,5.025125628140704,VERIFIED,OK
Chandigarh,2019,North,305,104,275.0,MoRTH_Primary_Dataset_3.xlsx,CHANDIGARH,1184,1184000,persons,True,DIRECT,NONE,HIGH,JOINED,"RGI Table 11 (1 July), PDF p.96",,34.0983606557377,0.34098360655737703,25.760135135135137,8.783783783783784,VERIFIED,OK
Dadra & Nagar Haveli,2019,West,68,49,105.0,MoRTH_Primary_Dataset_3.xlsx,DADRA & NAGAR HAVELI,556,556000,persons,True,DIRECT,NONE,HIGH,JOINED,"RGI Table 11 (1 July), PDF p.99",,72.05882352941177,0.7205882352941176,12.23021582733813,8.812949640287771,VERIFIED,OK
Daman & Diu,2019,West,69,28,74.0,MoRTH_Primary_Dataset_3.xlsx,DAMAN & DIU,423,423000,persons,True,DIRECT,NONE,HIGH,JOINED,"RGI Table 11 (1 July), PDF p.99",,40.57971014492754,0.4057971014492754,16.31205673758865,6.619385342789599,VERIFIED,OK
Delhi,2019,North,5610,1463,5152.0,MoRTH_Primary_Dataset_3.xlsx,NCT OF DELHI,19940,19940000,persons,True,DIRECT,RENAME_NCT OF DELHI,HIGH,JOINED,"RGI Table 11 (1 July), PDF p.90",,26.078431372549023,0.2607843137254902,28.13440320962889,7.337011033099298,VERIFIED,OK
Jammu & Kashmir,2019,North,5796,996,7532.0,MoRTH_Primary_Dataset_3.xlsx,JAMMU & KASHMIR (UT),13237,13237000,persons,True,DIRECT,JAMMU_KASHMIR_DIRECT,HIGH,JOINED,"RGI Table 11 (1 July), PDF p.89",,17.184265010351968,0.17184265010351968,43.78635642517187,7.524363526478809,VERIFIED,OK
Ladakh,2019,North,0,0,,MoRTH_Primary_Dataset_3.xlsx,LADAKH,294,294000,persons,True,DIRECT,LADAKH_DIRECT,HIGH,JOINED,"RGI Table 11 (1 July), PDF p.101",,,,0.0,0.0,NOT_AVAILABLE,OK
Lakshadweep,2019,South,1,0,1.0,MoRTH_Primary_Dataset_3.xlsx,LAKSHADWEEP,68,68000,persons,True,DIRECT,NONE,HIGH,JOINED,"RGI Table 11 (1 July), PDF p.100",,0.0,0.0,1.4705882352941178,0.0,VERIFIED,OK
Puducherry,2019,South,1392,147,1619.0,MoRTH_Primary_Dataset_3.xlsx,PUDUCHERRY,1515,1515000,persons,True,DIRECT,NONE,HIGH,JOINED,"RGI Table 11 (1 July), PDF p.100",,10.560344827586206,0.10560344827586207,91.88118811881189,9.702970297029703,VERIFIED,OK
Andhra Pradesh,2020,South,19509,7039,19675.0,MoRTH_Primary_Dataset_3.xlsx,ANDHRA PRADESH,52599,52599000,persons,True,DIRECT,NONE,HIGH,JOINED,"RGI Table 11 (1 July), PDF p.94",,36.08078322825363,0.36080783228253627,37.090058746364,13.382383695507519,VERIFIED,OK
Arunachal Pradesh,2020,Northeast,134,73,185.0,MoRTH_Primary_Dataset_3.xlsx,ARUNACHAL PRADESH,1522,1522000,persons,True,DIRECT,NONE,HIGH,JOINED,"RGI Table 11 (1 July), PDF p.97",,54.47761194029851,0.5447761194029851,8.804204993429698,4.7963206307490145,VERIFIED,OK
Assam,2020,Northeast,6595,2629,5269.0,MoRTH_Primary_Dataset_3.xlsx,ASSAM,34793,34793000,persons,True,DIRECT,NONE,HIGH,JOINED,"RGI Table 11 (1 July), PDF p.92",,39.86353297952995,0.3986353297952995,18.954962205041245,7.556117609864053,VERIFIED,OK
Bihar,2020,East,8639,6699,7016.0,MoRTH_Primary_Dataset_3.xlsx,BIHAR,121895,121895000,persons,True,DIRECT,NONE,HIGH,JOINED,"RGI Table 11 (1 July), PDF p.91",,77.54369718717444,0.7754369718717444,7.087247220968866,5.495713523934534,VERIFIED,OK
Chhattisgarh,2020,Central,11656,4606,10505.0,MoRTH_Primary_Dataset_3.xlsx,CHHATTISGARH,29237,29237000,persons,True,DIRECT,NONE,HIGH,JOINED,"RGI Table 11 (1 July), PDF p.93",,39.516129032258064,0.3951612903225806,39.867291445770775,15.754010329377158,VERIFIED,OK
Goa,2020,West,2375,223,880.0,MoRTH_Primary_Dataset_3.xlsx,GOA,1553,1553000,persons,True,DIRECT,NONE,HIGH,JOINED,"RGI Table 11 (1 July), PDF p.99",,9.389473684210527,0.09389473684210527,152.92981326464906,14.359304571796525,VERIFIED,OK
Gujarat,2020,West,13398,6170,12002.0,MoRTH_Primary_Dataset_3.xlsx,GUJARAT,69171,69171000,persons,True,DIRECT,NONE,HIGH,JOINED,"RGI Table 11 (1 July), PDF p.94",,46.05164949992536,0.4605164949992536,19.3693889057553,8.91992308915586,VERIFIED,OK
Haryana,2020,North,9431,4507,7659.0,MoRTH_Primary_Dataset_3.xlsx,HARYANA,29213,29213000,persons,True,DIRECT,NONE,HIGH,JOINED,"RGI Table 11 (1 July), PDF p.90",,47.78920581062454,0.47789205810624535,32.283572382158624,15.428062848731727,VERIFIED,OK
Himachal Pradesh,2020,North,2239,893,3223.0,MoRTH_Primary_Dataset_3.xlsx,HIMACHAL PRADESH,7362,7362000,persons,True,DIRECT,NONE,HIGH,JOINED,"RGI Table 11 (1 July), PDF p.89",,39.88387673068334,0.39883876730683343,30.412931268676992,12.12985601738658,VERIFIED,OK
Jharkhand,2020,East,4405,3044,3295.0,MoRTH_Primary_Dataset_3.xlsx,JHARKHAND,38115,38115000,persons,True,DIRECT,NONE,HIGH,JOINED,"RGI Table 11 (1 July), PDF p.92",,69.10329171396141,0.6910329171396141,11.557129738947921,7.9863570772661685,VERIFIED,OK
Karnataka,2020,South,34178,9760,39492.0,MoRTH_Primary_Dataset_3.xlsx,KARNATAKA,66496,66496000,persons,True,DIRECT,NONE,HIGH,JOINED,"RGI Table 11 (1 July), PDF p.95",,28.55638129791094,0.2855638129791094,51.39858036573629,14.67757459095284,VERIFIED,OK
Kerala,2020,South,27877,2979,30510.0,MoRTH_Primary_Dataset_3.xlsx,KERALA,35368,35368000,persons,True,DIRECT,NONE,HIGH,JOINED,"RGI Table 11 (1 July), PDF p.95",,10.686228790759406,0.10686228790759407,78.81983714091834,8.422868129382492,VERIFIED,OK
Madhya Pradesh,2020,Central,45266,11141,46456.0,MoRTH_Primary_Dataset_3.xlsx,MADHYA PRADESH,83755,83755000,persons,True,DIRECT,NONE,HIGH,JOINED,"RGI Table 11 (1 July), PDF p.93",,24.612291786329695,0.24612291786329696,54.045728613217115,13.301892424332875,VERIFIED,OK
Maharashtra,2020,West,24971,11569,19914.0,MoRTH_Primary_Dataset_3.xlsx,MAHARASHTRA,123676,123676000,persons,True,DIRECT,NONE,HIGH,JOINED,"RGI Table 11 (1 July), PDF p.94",,46.32974250130151,0.4632974250130151,20.19065946505385,9.354280539474109,VERIFIED,OK
Manipur,2020,Northeast,432,127,663.0,MoRTH_Primary_Dataset_3.xlsx,MANIPUR,3142,3142000,persons,True,DIRECT,NONE,HIGH,JOINED,"RGI Table 11 (1 July), PDF p.97",,29.398148148148145,0.29398148148148145,13.749204328453214,4.042011457670274,VERIFIED,OK
Meghalaya,2020,Northeast,214,144,220.0,MoRTH_Primary_Dataset_3.xlsx,MEGHALAYA,3264,3264000,persons,True,DIRECT,NONE,HIGH,JOINED,"RGI Table 11 (1 July), PDF p.98",,67.28971962616822,0.6728971962616822,6.556372549019608,4.411764705882353,VERIFIED,OK
Mizoram,2020,Northeast,53,42,68.0,MoRTH_Primary_Dataset_3.xlsx,MIZORAM,1207,1207000,persons,True,DIRECT,NONE,HIGH,JOINED,"RGI Table 11 (1 July), PDF p.98",,79.24528301886792,0.7924528301886793,4.391052195526098,3.47970173985087,VERIFIED,OK
Nagaland,2020,Northeast,500,53,286.0,MoRTH_Primary_Dataset_3.xlsx,NAGALAND,2177,2177000,persons,True,DIRECT,NONE,HIGH,JOINED,"RGI Table 11 (1 July), PDF p.97",,10.6,0.106,22.967386311437757,2.4345429490124024,VERIFIED,OK
Odisha,2020,East,9817,4738,8822.0,MoRTH_Primary_Dataset_3.xlsx,ODISHA,45465,45465000,persons,True,DIRECT,NONE,HIGH,JOINED,"RGI Table 11 (1 July), PDF p.93",,48.26321686869716,0.48263216868697156,21.592433740239745,10.421203123281645,VERIFIED,OK
Punjab,2020,North,5203,3898,2904.0,MoRTH_Primary_Dataset_3.xlsx,PUNJAB,30179,30179000,persons,True,DIRECT,NONE,HIGH,JOINED,"RGI Table 11 (1 July), PDF p.90",,74.91831635594849,0.7491831635594849,17.240465224162495,12.916266277875344,VERIFIED,OK
Rajasthan,2020,North,19114,9250,16769.0,MoRTH_Primary_Dataset_3.xlsx,RAJASTHAN,78609,78609000,persons,True,DIRECT,NONE,HIGH,JOINED,"RGI Table 11 (1 July), PDF p.91",,48.39384744166579,0.48393847441665794,24.315281965169383,11.767100459234948,VERIFIED,OK
Sikkim,2020,Northeast,138,47,218.0,MoRTH_Primary_Dataset_3.xlsx,SIKKIM,672,672000,persons,True,DIRECT,NONE,HIGH,JOINED,"RGI Table 11 (1 July), PDF p.96",,34.05797101449276,0.34057971014492755,20.53571428571429,6.9940476190476195,VERIFIED,OK
Tamil Nadu,2020,South,49844,14527,47618.0,MoRTH_Primary_Dataset_3.xlsx,TAMIL NADU,76167,76167000,persons,True,DIRECT,NONE,HIGH,JOINED,"RGI Table 11 (1 July), PDF p.95",,29.144932188427898,0.29144932188427897,65.4404138275106,19.072564233854557,VERIFIED,OK
Telangana,2020,South,19172,6882,18661.0,MoRTH_Primary_Dataset_3.xlsx,TELANGANA,37536,37536000,persons,True,DIRECT,NONE,HIGH,JOINED,"RGI Table 11 (1 July), PDF p.101",,35.89609847694555,0.3589609847694555,51.07630008525149,18.334398976982097,VERIFIED,OK
Tripura,2020,Northeast,466,192,470.0,MoRTH_Primary_Dataset_3.xlsx,TRIPURA,4042,4042000,persons,True,DIRECT,NONE,HIGH,JOINED,"RGI Table 11 (1 July), PDF p.98",,41.201716738197426,0.41201716738197425,11.52894606630381,4.75012370113805,VERIFIED,OK
Uttarakhand,2020,North,1041,674,854.0,MoRTH_Primary_Dataset_3.xlsx,UTTARAKHAND,11313,11313000,persons,True,DIRECT,NONE,HIGH,JOINED,"RGI Table 11 (1 July), PDF p.96",,64.74543707973103,0.6474543707973103,9.201803235216124,5.957747723857509,VERIFIED,OK
Uttar Pradesh,2020,North,34243,19149,22410.0,MoRTH_Primary_Dataset_3.xlsx,UTTAR PRADESH,228931,228931000,persons,True,DIRECT,NONE,HIGH,JOINED,"RGI Table 11 (1 July), PDF p.91",,55.920918143854216,0.5592091814385421,14.957782039129693,8.364529050237845,VERIFIED,OK
West Bengal,2020,East,10863,5128,9715.0,MoRTH_Primary_Dataset_3.xlsx,WEST BENGAL,97719,97719000,persons,True,DIRECT,NONE,HIGH,JOINED,"RGI Table 11 (1 July), PDF p.92",,47.206112491945134,0.47206112491945135,11.116568937463542,5.2477000378636705,VERIFIED,OK
Andaman & Nicobar Islands,2020,South,141,14,145.0,MoRTH_Primary_Dataset_3.xlsx,ANDAMAN & NICOBAR ISLANDS,399,399000,persons,True,DIRECT,NONE,HIGH,JOINED,"RGI Table 11 (1 July), PDF p.100",,9.929078014184398,0.09929078014184398,35.338345864661655,3.508771929824561,VERIFIED,OK
Chandigarh,2020,North,159,53,148.0,MoRTH_Primary_Dataset_3.xlsx,CHANDIGARH,1198,1198000,persons,True,DIRECT,NONE,HIGH,JOINED,"RGI Table 11 (1 July), PDF p.96",,33.33333333333333,0.3333333333333333,13.27212020033389,4.424040066777963,VERIFIED,OK
Dadra & Nagar Haveli and Daman & Diu,2020,West,100,64,119.0,MoRTH_Primary_Dataset_3.xlsx,DADRA & NAGAR HAVELI + DAMAN & DIU,1038,1038000,persons,True,SUM,DNH_PLUS_DAMAN_DIU,MEDIUM,JOINED_WITH_TRANSFORMATION,"RGI Table 11 (1 July), Table-11 pp.93-94",Arithmetic sum of two published projections; not source-published,64.0,0.64,9.633911368015415,6.165703275529864,VERIFIED,TRANSFORMED
Delhi,2020,North,4178,1196,3662.0,MoRTH_Primary_Dataset_3.xlsx,NCT OF DELHI,20319,20319000,persons,True,DIRECT,RENAME_NCT OF DELHI,HIGH,JOINED,"RGI Table 11 (1 July), PDF p.90",,28.6261369076113,0.286261369076113,20.562035533244746,5.886116442738324,VERIFIED,OK
Jammu & Kashmir,2020,North,4860,728,5894.0,MoRTH_Primary_Dataset_3.xlsx,JAMMU & KASHMIR (UT),13340,13340000,persons,True,DIRECT,JAMMU_KASHMIR_DIRECT,HIGH,JOINED,"RGI Table 11 (1 July), PDF p.89",,14.979423868312757,0.14979423868312758,36.43178410794603,5.457271364317841,VERIFIED,OK
Ladakh,2020,North,0,0,,MoRTH_Primary_Dataset_3.xlsx,LADAKH,296,296000,persons,True,DIRECT,LADAKH_DIRECT,HIGH,JOINED,"RGI Table 11 (1 July), PDF p.101",,,,0.0,0.0,NOT_AVAILABLE,OK
Lakshadweep,2020,South,1,0,1.0,MoRTH_Primary_Dataset_3.xlsx,LAKSHADWEEP,68,68000,persons,True,DIRECT,NONE,HIGH,JOINED,"RGI Table 11 (1 July), PDF p.100",,0.0,0.0,1.4705882352941178,0.0,VERIFIED,OK
Puducherry,2020,South,969,145,1019.0,MoRTH_Primary_Dataset_3.xlsx,PUDUCHERRY,1549,1549000,persons,True,DIRECT,NONE,HIGH,JOINED,"RGI Table 11 (1 July), PDF p.100",,14.963880288957688,0.14963880288957687,62.55648805681084,9.360877985797288,VERIFIED,OK
Andhra Pradesh,2021,South,21556,8186,21040.0,MoRTH_Primary_Dataset_3.xlsx,ANDHRA PRADESH,52849,52849000,persons,True,DIRECT,NONE,HIGH,JOINED,"RGI Table 11 (1 July), PDF p.94",,37.975505659677125,0.3797550565967712,40.78790516376847,15.489413233930632,VERIFIED,OK
Arunachal Pradesh,2021,Northeast,283,157,347.0,MoRTH_Primary_Dataset_3.xlsx,ARUNACHAL PRADESH,1537,1537000,persons,True,DIRECT,NONE,HIGH,JOINED,"RGI Table 11 (1 July), PDF p.97",,55.47703180212014,0.5547703180212014,18.41249186727391,10.214703968770332,VERIFIED,OK
Assam,2021,Northeast,7411,3036,5763.0,MoRTH_Primary_Dataset_3.xlsx,ASSAM,35155,35155000,persons,True,DIRECT,NONE,HIGH,JOINED,"RGI Table 11 (1 July), PDF p.92",,40.966131426258265,0.4096613142625826,21.080927321860333,8.63604039254729,VERIFIED,OK
Bihar,2021,East,9553,7660,7946.0,MoRTH_Primary_Dataset_3.xlsx,BIHAR,123695,123695000,persons,True,DIRECT,NONE,HIGH,JOINED,"RGI Table 11 (1 July), PDF p.91",,80.18423531874804,0.8018423531874804,7.723028416670035,6.192651279356482,VERIFIED,OK
Chhattisgarh,2021,Central,12375,5371,10683.0,MoRTH_Primary_Dataset_3.xlsx,CHHATTISGARH,29607,29607000,persons,True,DIRECT,NONE,HIGH,JOINED,"RGI Table 11 (1 July), PDF p.93",,43.4020202020202,0.43402020202020203,41.79754787719121,18.140980173607595,VERIFIED,OK
Goa,2021,West,2849,226,843.0,MoRTH_Primary_Dataset_3.xlsx,GOA,1561,1561000,persons,True,DIRECT,NONE,HIGH,JOINED,"RGI Table 11 (1 July), PDF p.99",,7.932607932607932,0.07932607932607932,182.51121076233184,14.477898782831518,VERIFIED,OK
Gujarat,2021,West,15186,7452,13690.0,MoRTH_Primary_Dataset_3.xlsx,GUJARAT,70075,70075000,persons,True,DIRECT,NONE,HIGH,JOINED,"RGI Table 11 (1 July), PDF p.94",,49.071513235875145,0.49071513235875147,21.671066714234748,10.63432037103104,VERIFIED,OK
Haryana,2021,North,9933,4706,8121.0,MoRTH_Primary_Dataset_3.xlsx,HARYANA,29604,29604000,persons,True,DIRECT,NONE,HIGH,JOINED,"RGI Table 11 (1 July), PDF p.90",,47.377428772777606,0.4737742877277761,33.5528982569923,15.896500472909066,VERIFIED,OK
Himachal Pradesh,2021,North,2404,1052,3454.0,MoRTH_Primary_Dataset_3.xlsx,HIMACHAL PRADESH,7406,7406000,persons,True,DIRECT,NONE,HIGH,JOINED,"RGI Table 11 (1 July), PDF p.89",,43.760399334442596,0.43760399334442596,32.460167431812046,14.204698892789631,VERIFIED,OK
Jharkhand,2021,East,4728,3513,3227.0,MoRTH_Primary_Dataset_3.xlsx,JHARKHAND,38637,38637000,persons,True,DIRECT,NONE,HIGH,JOINED,"RGI Table 11 (1 July), PDF p.92",,74.30203045685279,0.743020304568528,12.236974920413076,9.092320832362761,VERIFIED,OK
Karnataka,2021,South,34647,10038,40754.0,MoRTH_Primary_Dataset_3.xlsx,KARNATAKA,66986,66986000,persons,True,DIRECT,NONE,HIGH,JOINED,"RGI Table 11 (1 July), PDF p.95",,28.972205385747685,0.28972205385747685,51.722748036903226,14.985220792404382,VERIFIED,OK
Kerala,2021,South,33296,3429,36775.0,MoRTH_Primary_Dataset_3.xlsx,KERALA,35537,35537000,persons,True,DIRECT,NONE,HIGH,JOINED,"RGI Table 11 (1 July), PDF p.95",,10.298534358481499,0.102985343584815,93.69389650223711,9.649098123082984,VERIFIED,OK
Madhya Pradesh,2021,Central,48877,12057,48956.0,MoRTH_Primary_Dataset_3.xlsx,MADHYA PRADESH,84860,84860000,persons,True,DIRECT,NONE,HIGH,JOINED,"RGI Table 11 (1 July), PDF p.93",,24.668044274403094,0.24668044274403095,57.597218948856934,14.208107471128919,VERIFIED,OK
Maharashtra,2021,West,29477,13528,23071.0,MoRTH_Primary_Dataset_3.xlsx,MAHARASHTRA,124762,124762000,persons,True,DIRECT,NONE,HIGH,JOINED,"RGI Table 11 (1 July), PDF p.94",,45.89340842012417,0.45893408420124165,23.62658501787403,10.843045157980795,VERIFIED,OK
Manipur,2021,Northeast,366,110,504.0,MoRTH_Primary_Dataset_3.xlsx,MANIPUR,3172,3172000,persons,True,DIRECT,NONE,HIGH,JOINED,"RGI Table 11 (1 July), PDF p.97",,30.05464480874317,0.3005464480874317,11.538461538461538,3.467843631778058,VERIFIED,OK
Meghalaya,2021,Northeast,245,187,263.0,MoRTH_Primary_Dataset_3.xlsx,MEGHALAYA,3295,3295000,persons,True,DIRECT,NONE,HIGH,JOINED,"RGI Table 11 (1 July), PDF p.98",,76.32653061224491,0.763265306122449,7.435508345978755,5.675265553869499,VERIFIED,OK
Mizoram,2021,Northeast,69,56,65.0,MoRTH_Primary_Dataset_3.xlsx,MIZORAM,1219,1219000,persons,True,DIRECT,NONE,HIGH,JOINED,"RGI Table 11 (1 July), PDF p.98",,81.15942028985508,0.8115942028985508,5.660377358490566,4.593929450369155,VERIFIED,OK
Nagaland,2021,Northeast,746,55,380.0,MoRTH_Primary_Dataset_3.xlsx,NAGALAND,2198,2198000,persons,True,DIRECT,NONE,HIGH,JOINED,"RGI Table 11 (1 July), PDF p.97",,7.372654155495978,0.07372654155495978,33.93994540491356,2.502274795268426,VERIFIED,OK
Odisha,2021,East,10983,5081,9782.0,MoRTH_Primary_Dataset_3.xlsx,ODISHA,45793,45793000,persons,True,DIRECT,NONE,HIGH,JOINED,"RGI Table 11 (1 July), PDF p.93",,46.2624055358281,0.462624055358281,23.984015024130326,11.095582294237111,VERIFIED,OK
Punjab,2021,North,5871,4589,3072.0,MoRTH_Primary_Dataset_3.xlsx,PUNJAB,30404,30404000,persons,True,DIRECT,NONE,HIGH,JOINED,"RGI Table 11 (1 July), PDF p.90",,78.1638562425481,0.7816385624254811,19.309959215892647,15.093408762005,VERIFIED,OK
Rajasthan,2021,North,20951,10043,19344.0,MoRTH_Primary_Dataset_3.xlsx,RAJASTHAN,79572,79572000,persons,True,DIRECT,NONE,HIGH,JOINED,"RGI Table 11 (1 July), PDF p.91",,47.9356593957329,0.479356593957329,26.32961343186045,12.621273814909767,VERIFIED,OK
Sikkim,2021,Northeast,155,56,244.0,MoRTH_Primary_Dataset_3.xlsx,SIKKIM,678,678000,persons,True,DIRECT,NONE,HIGH,JOINED,"RGI Table 11 (1 July), PDF p.96",,36.12903225806451,0.36129032258064514,22.86135693215339,8.259587020648967,VERIFIED,OK
Tamil Nadu,2021,South,55682,15384,55996.0,MoRTH_Primary_Dataset_3.xlsx,TAMIL NADU,76479,76479000,persons,True,DIRECT,NONE,HIGH,JOINED,"RGI Table 11 (1 July), PDF p.95",,27.628317948349558,0.27628317948349557,72.80691431634828,20.115325775703134,VERIFIED,OK
Telangana,2021,South,21315,7557,20107.0,MoRTH_Primary_Dataset_3.xlsx,TELANGANA,37771,37771000,persons,True,DIRECT,NONE,HIGH,JOINED,"RGI Table 11 (1 July), PDF p.101",,35.453905700211116,0.3545390570021112,56.4321834211432,20.007413094702283,VERIFIED,OK
Tripura,2021,Northeast,479,194,547.0,MoRTH_Primary_Dataset_3.xlsx,TRIPURA,4081,4081000,persons,True,DIRECT,NONE,HIGH,JOINED,"RGI Table 11 (1 July), PDF p.98",,40.50104384133611,0.40501043841336115,11.737319284489097,4.753736829208528,VERIFIED,OK
Uttarakhand,2021,North,1405,820,1091.0,MoRTH_Primary_Dataset_3.xlsx,UTTARAKHAND,11439,11439000,persons,True,DIRECT,NONE,HIGH,JOINED,"RGI Table 11 (1 July), PDF p.96",,58.362989323843415,0.5836298932384342,12.282542180260512,7.168458781362007,VERIFIED,OK
Uttar Pradesh,2021,North,37729,21227,24897.0,MoRTH_Primary_Dataset_3.xlsx,UTTAR PRADESH,231704,231704000,persons,True,DIRECT,NONE,HIGH,JOINED,"RGI Table 11 (1 July), PDF p.91",,56.26176150971401,0.5626176150971401,16.28327521320305,9.161257466422677,VERIFIED,OK
West Bengal,2021,East,11937,5800,10454.0,MoRTH_Primary_Dataset_3.xlsx,WEST BENGAL,98285,98285000,persons,True,DIRECT,NONE,HIGH,JOINED,"RGI Table 11 (1 July), PDF p.92",,48.58842255172991,0.48588422551729915,12.14529175357379,5.901205677366841,VERIFIED,OK
Andaman & Nicobar Islands,2021,South,115,20,97.0,MoRTH_Primary_Dataset_3.xlsx,ANDAMAN & NICOBAR ISLANDS,401,401000,persons,True,DIRECT,NONE,HIGH,JOINED,"RGI Table 11 (1 July), PDF p.100",,17.391304347826086,0.17391304347826086,28.6783042394015,4.987531172069826,VERIFIED,OK
Chandigarh,2021,North,208,96,172.0,MoRTH_Primary_Dataset_3.xlsx,CHANDIGARH,1212,1212000,persons,True,DIRECT,NONE,HIGH,JOINED,"RGI Table 11 (1 July), PDF p.96",,46.15384615384615,0.46153846153846156,17.16171617161716,7.920792079207921,VERIFIED,OK
Dadra & Nagar Haveli and Daman & Diu,2021,West,140,76,171.0,MoRTH_Primary_Dataset_3.xlsx,DADRA & NAGAR HAVELI + DAMAN & DIU,1108,1108000,persons,True,SUM,DNH_PLUS_DAMAN_DIU,MEDIUM,JOINED_WITH_TRANSFORMATION,"RGI Table 11 (1 July), Table-11 pp.93-94",Arithmetic sum of two published projections; not source-published,54.285714285714285,0.5428571428571428,12.63537906137184,6.859205776173285,VERIFIED,TRANSFORMED
Delhi,2021,North,4720,1239,4273.0,MoRTH_Primary_Dataset_3.xlsx,NCT OF DELHI,20703,20703000,persons,True,DIRECT,RENAME_NCT OF DELHI,HIGH,JOINED,"RGI Table 11 (1 July), PDF p.90",,26.25,0.2625,22.798628218132638,5.984639907259817,VERIFIED,OK
Jammu & Kashmir,2021,North,5452,774,6972.0,MoRTH_Primary_Dataset_3.xlsx,JAMMU & KASHMIR (UT),13440,13440000,persons,True,DIRECT,JAMMU_KASHMIR_DIRECT,HIGH,JOINED,"RGI Table 11 (1 July), PDF p.89",,14.196625091709464,0.14196625091709464,40.56547619047619,5.758928571428571,VERIFIED,OK
Ladakh,2021,North,236,56,242.0,MoRTH_Primary_Dataset_3.xlsx,LADAKH,298,298000,persons,True,DIRECT,LADAKH_DIRECT,HIGH,JOINED,"RGI Table 11 (1 July), PDF p.101",,23.728813559322035,0.23728813559322035,79.19463087248322,18.79194630872483,VERIFIED,OK
Lakshadweep,2021,South,4,1,6.0,MoRTH_Primary_Dataset_3.xlsx,LAKSHADWEEP,68,68000,persons,True,DIRECT,NONE,HIGH,JOINED,"RGI Table 11 (1 July), PDF p.100",,25.0,0.25,5.882352941176471,1.4705882352941178,VERIFIED,OK
Puducherry,2021,South,1049,140,1099.0,MoRTH_Primary_Dataset_3.xlsx,PUDUCHERRY,1584,1584000,persons,True,DIRECT,NONE,HIGH,JOINED,"RGI Table 11 (1 July), PDF p.100",,13.34604385128694,0.1334604385128694,66.22474747474747,8.83838383838384,VERIFIED,OK
Andhra Pradesh,2022,South,21249,8293,21340.0,MoRTH_Primary_Dataset_3.xlsx,ANDHRA PRADESH,53033,53033000,persons,True,DIRECT,NONE,HIGH,JOINED,"RGI Table 11 (1 July), PDF p.94",,39.02771895148007,0.39027718951480067,40.06750513831011,15.637433296249506,VERIFIED,OK
Arunachal Pradesh,2022,Northeast,227,148,186.0,MoRTH_Primary_Dataset_3.xlsx,ARUNACHAL PRADESH,1551,1551000,persons,True,DIRECT,NONE,HIGH,JOINED,"RGI Table 11 (1 July), PDF p.97",,65.19823788546255,0.6519823788546255,14.63571889103804,9.542230818826564,VERIFIED,OK
Assam,2022,Northeast,7023,2994,5637.0,MoRTH_Primary_Dataset_3.xlsx,ASSAM,35490,35490000,persons,True,DIRECT,NONE,HIGH,JOINED,"RGI Table 11 (1 July), PDF p.92",,42.63135412217001,0.4263135412217001,19.78867286559594,8.436179205409974,VERIFIED,OK
Bihar,2022,East,10801,8898,7068.0,MoRTH_Primary_Dataset_3.xlsx,BIHAR,125532,125532000,persons,True,DIRECT,NONE,HIGH,JOINED,"RGI Table 11 (1 July), PDF p.91",,82.38126099435237,0.8238126099435238,8.60418060733518,7.0882324825542495,VERIFIED,OK
Chhattisgarh,2022,Central,13279,5834,11695.0,MoRTH_Primary_Dataset_3.xlsx,CHHATTISGARH,29951,29951000,persons,True,DIRECT,NONE,HIGH,JOINED,"RGI Table 11 (1 July), PDF p.93",,43.934031177046464,0.4393403117704646,44.33574838903542,19.4784815198157,VERIFIED,OK
Goa,2022,West,3011,271,1091.0,MoRTH_Primary_Dataset_3.xlsx,GOA,1569,1569000,persons,True,DIRECT,NONE,HIGH,JOINED,"RGI Table 11 (1 July), PDF p.99",,9.00033211557622,0.0900033211557622,191.90567240280433,17.27214786488209,VERIFIED,OK
Gujarat,2022,West,15751,7618,15089.0,MoRTH_Primary_Dataset_3.xlsx,GUJARAT,70934,70934000,persons,True,DIRECT,NONE,HIGH,JOINED,"RGI Table 11 (1 July), PDF p.94",,48.36518316297378,0.4836518316297378,22.205148447852935,10.739560718414301,VERIFIED,OK
Haryana,2022,North,10429,4915,8519.0,MoRTH_Primary_Dataset_3.xlsx,HARYANA,29967,29967000,persons,True,DIRECT,NONE,HIGH,JOINED,"RGI Table 11 (1 July), PDF p.90",,47.12820021095023,0.47128200210950233,34.801615109954284,16.401374845663565,VERIFIED,OK
Himachal Pradesh,2022,North,2597,1032,4063.0,MoRTH_Primary_Dataset_3.xlsx,HIMACHAL PRADESH,7443,7443000,persons,True,DIRECT,NONE,HIGH,JOINED,"RGI Table 11 (1 July), PDF p.89",,39.73815941470928,0.3973815941470928,34.89184468628241,13.865376864167674,VERIFIED,OK
Jharkhand,2022,East,5175,3898,3747.0,MoRTH_Primary_Dataset_3.xlsx,JHARKHAND,39135,39135000,persons,True,DIRECT,NONE,HIGH,JOINED,"RGI Table 11 (1 July), PDF p.92",,75.32367149758454,0.7532367149758454,13.223457263319279,9.960393509646098,VERIFIED,OK
Karnataka,2022,South,39762,11702,48154.0,MoRTH_Primary_Dataset_3.xlsx,KARNATAKA,67409,67409000,persons,True,DIRECT,NONE,HIGH,JOINED,"RGI Table 11 (1 July), PDF p.95",,29.430109149439165,0.29430109149439165,58.986188787847325,17.359699743357712,VERIFIED,OK
Kerala,2022,South,43910,4317,49307.0,MoRTH_Primary_Dataset_3.xlsx,KERALA,35680,35680000,persons,True,DIRECT,NONE,HIGH,JOINED,"RGI Table 11 (1 July), PDF p.95",,9.83147346845821,0.0983147346845821,123.06614349775785,12.09921524663677,VERIFIED,OK
Madhya Pradesh,2022,Central,54432,13427,55168.0,MoRTH_Primary_Dataset_3.xlsx,MADHYA PRADESH,85891,85891000,persons,True,DIRECT,NONE,HIGH,JOINED,"RGI Table 11 (1 July), PDF p.93",,24.66747501469724,0.24667475014697238,63.37334528646773,15.632604114517237,VERIFIED,OK
Maharashtra,2022,West,33383,15224,27239.0,MoRTH_Primary_Dataset_3.xlsx,MAHARASHTRA,125736,125736000,persons,True,DIRECT,NONE,HIGH,JOINED,"RGI Table 11 (1 July), PDF p.94",,45.60404996555133,0.4560404996555133,26.550073169179868,12.107908633963225,VERIFIED,OK
Manipur,2022,Northeast,508,127,817.0,MoRTH_Primary_Dataset_3.xlsx,MANIPUR,3201,3201000,persons,True,DIRECT,NONE,HIGH,JOINED,"RGI Table 11 (1 July), PDF p.97",,25.0,0.25,15.870040612308653,3.9675101530771633,VERIFIED,OK
Meghalaya,2022,Northeast,246,162,310.0,MoRTH_Primary_Dataset_3.xlsx,MEGHALAYA,3326,3326000,persons,True,DIRECT,NONE,HIGH,JOINED,"RGI Table 11 (1 July), PDF p.98",,65.85365853658537,0.6585365853658537,7.396271797955502,4.87071557426338,VERIFIED,OK
Mizoram,2022,Northeast,133,113,107.0,MoRTH_Primary_Dataset_3.xlsx,MIZORAM,1230,1230000,persons,True,DIRECT,NONE,HIGH,JOINED,"RGI Table 11 (1 July), PDF p.98",,84.9624060150376,0.849624060150376,10.8130081300813,9.1869918699187,VERIFIED,OK
Nagaland,2022,Northeast,489,73,291.0,MoRTH_Primary_Dataset_3.xlsx,NAGALAND,2218,2218000,persons,True,DIRECT,NONE,HIGH,JOINED,"RGI Table 11 (1 July), PDF p.97",,14.92842535787321,0.1492842535787321,22.046889089269612,3.291253381424707,VERIFIED,OK
Odisha,2022,East,11663,5467,10302.0,MoRTH_Primary_Dataset_3.xlsx,ODISHA,46083,46083000,persons,True,DIRECT,NONE,HIGH,JOINED,"RGI Table 11 (1 July), PDF p.93",,46.874732058647,0.46874732058647,25.30868216044962,11.863376950285355,VERIFIED,OK
Punjab,2022,North,6138,4756,3324.0,MoRTH_Primary_Dataset_3.xlsx,PUNJAB,30600,30600000,persons,True,DIRECT,NONE,HIGH,JOINED,"RGI Table 11 (1 July), PDF p.90",,77.48452264581297,0.7748452264581297,20.058823529411764,15.54248366013072,VERIFIED,OK
Rajasthan,2022,North,23614,11104,22293.0,MoRTH_Primary_Dataset_3.xlsx,RAJASTHAN,80444,80444000,persons,True,DIRECT,NONE,HIGH,JOINED,"RGI Table 11 (1 July), PDF p.91",,47.022952485813505,0.470229524858135,29.354582069514198,13.803391178956788,VERIFIED,OK
Sikkim,2022,Northeast,211,92,354.0,MoRTH_Primary_Dataset_3.xlsx,SIKKIM,684,684000,persons,True,DIRECT,NONE,HIGH,JOINED,"RGI Table 11 (1 July), PDF p.96",,43.60189573459716,0.43601895734597157,30.847953216374265,13.450292397660819,VERIFIED,OK
Tamil Nadu,2022,South,64105,17884,67703.0,MoRTH_Primary_Dataset_3.xlsx,TAMIL NADU,76707,76707000,persons,True,DIRECT,NONE,HIGH,JOINED,"RGI Table 11 (1 July), PDF p.95",,27.897979876764683,0.27897979876764684,83.57125164587326,23.314690966926094,VERIFIED,OK
Telangana,2022,South,21619,7559,20209.0,MoRTH_Primary_Dataset_3.xlsx,TELANGANA,37953,37953000,persons,True,DIRECT,NONE,HIGH,JOINED,"RGI Table 11 (1 July), PDF p.101",,34.96461445950321,0.3496461445950321,56.96255895449636,19.916739124706876,VERIFIED,OK
Tripura,2022,Northeast,575,241,541.0,MoRTH_Primary_Dataset_3.xlsx,TRIPURA,4118,4118000,persons,True,DIRECT,NONE,HIGH,JOINED,"RGI Table 11 (1 July), PDF p.98",,41.91304347826087,0.4191304347826087,13.963088878096164,5.852355512384653,VERIFIED,OK
Uttarakhand,2022,North,1674,1042,1613.0,MoRTH_Primary_Dataset_3.xlsx,UTTARAKHAND,11557,11557000,persons,True,DIRECT,NONE,HIGH,JOINED,"RGI Table 11 (1 July), PDF p.96",,62.24611708482676,0.6224611708482676,14.484727870554641,9.016180669723976,VERIFIED,OK
Uttar Pradesh,2022,North,41746,22595,28541.0,MoRTH_Primary_Dataset_3.xlsx,UTTAR PRADESH,234094,234094000,persons,True,DIRECT,NONE,HIGH,JOINED,"RGI Table 11 (1 July), PDF p.91",,54.124946102620605,0.5412494610262061,17.833007253496458,9.652105564431382,VERIFIED,OK
West Bengal,2022,East,13686,6002,12843.0,MoRTH_Primary_Dataset_3.xlsx,WEST BENGAL,98764,98764000,persons,True,DIRECT,NONE,HIGH,JOINED,"RGI Table 11 (1 July), PDF p.92",,43.855034341663014,0.43855034341663013,13.857275930500993,6.077113118140213,VERIFIED,OK
Andaman & Nicobar Islands,2022,South,141,19,136.0,MoRTH_Primary_Dataset_3.xlsx,ANDAMAN & NICOBAR ISLANDS,402,402000,persons,True,DIRECT,NONE,HIGH,JOINED,"RGI Table 11 (1 July), PDF p.100",,13.47517730496454,0.1347517730496454,35.07462686567164,4.72636815920398,VERIFIED,OK
Chandigarh,2022,North,237,83,203.0,MoRTH_Primary_Dataset_3.xlsx,CHANDIGARH,1223,1223000,persons,True,DIRECT,NONE,HIGH,JOINED,"RGI Table 11 (1 July), PDF p.96",,35.0210970464135,0.350210970464135,19.37857726901063,6.786590351594439,VERIFIED,OK
Dadra & Nagar Haveli and Daman & Diu,2022,West,196,90,273.0,MoRTH_Primary_Dataset_3.xlsx,DADRA & NAGAR HAVELI + DAMAN & DIU,1201,1201000,persons,True,SUM,DNH_PLUS_DAMAN_DIU,MEDIUM,JOINED_WITH_TRANSFORMATION,"RGI Table 11 (1 July), Table-11 pp.93-94",Arithmetic sum of two published projections; not source-published,45.91836734693878,0.45918367346938777,16.319733555370526,7.4937552039966695,VERIFIED,TRANSFORMED
Delhi,2022,North,5652,1461,5201.0,MoRTH_Primary_Dataset_3.xlsx,NCT OF DELHI,21096,21096000,persons,True,DIRECT,RENAME_NCT OF DELHI,HIGH,JOINED,"RGI Table 11 (1 July), PDF p.90",,25.849256900212314,0.25849256900212314,26.791808873720136,6.9254835039817975,VERIFIED,OK
Jammu & Kashmir,2022,North,6092,805,8372.0,MoRTH_Primary_Dataset_3.xlsx,JAMMU & KASHMIR (UT),13538,13538000,persons,True,DIRECT,JAMMU_KASHMIR_DIRECT,HIGH,JOINED,"RGI Table 11 (1 July), PDF p.89",,13.214051214707814,0.13214051214707814,44.99926133845472,5.946225439503619,VERIFIED,OK
Ladakh,2022,North,374,62,346.0,MoRTH_Primary_Dataset_3.xlsx,LADAKH,299,299000,persons,True,DIRECT,LADAKH_DIRECT,HIGH,JOINED,"RGI Table 11 (1 July), PDF p.101",,16.577540106951872,0.1657754010695187,125.08361204013377,20.73578595317726,VERIFIED,OK
Lakshadweep,2022,South,3,2,2.0,MoRTH_Primary_Dataset_3.xlsx,LAKSHADWEEP,69,69000,persons,True,DIRECT,NONE,HIGH,JOINED,"RGI Table 11 (1 July), PDF p.100",,66.66666666666666,0.6666666666666666,4.347826086956522,2.898550724637681,VERIFIED,OK
Puducherry,2022,South,1181,181,1282.0,MoRTH_Primary_Dataset_3.xlsx,PUDUCHERRY,1621,1621000,persons,True,DIRECT,NONE,HIGH,JOINED,"RGI Table 11 (1 July), PDF p.100",,15.325994919559696,0.15325994919559696,72.856261566934,11.165946946329425,VERIFIED,OK
Andhra Pradesh,2023,South,19949,8137,,MoRTH_Primary_Dataset_3.xlsx,ANDHRA PRADESH,53217,53217000,persons,True,DIRECT,NONE,HIGH,JOINED,"RGI Table 11 (1 July), PDF p.94",,40.789011980550406,0.40789011980550405,37.48614164646635,15.290226807223256,NOT_AVAILABLE,OK
Arunachal Pradesh,2023,Northeast,287,145,,MoRTH_Primary_Dataset_3.xlsx,ARUNACHAL PRADESH,1565,1565000,persons,True,DIRECT,NONE,HIGH,JOINED,"RGI Table 11 (1 July), PDF p.97",,50.522648083623686,0.5052264808362369,18.338658146964857,9.26517571884984,NOT_AVAILABLE,OK
Assam,2023,Northeast,7421,3296,,MoRTH_Primary_Dataset_3.xlsx,ASSAM,35824,35824000,persons,True,DIRECT,NONE,HIGH,JOINED,"RGI Table 11 (1 July), PDF p.92",,44.41449939361272,0.4441449939361272,20.715163019205004,9.200535953550693,NOT_AVAILABLE,OK
Bihar,2023,East,11014,8873,,MoRTH_Primary_Dataset_3.xlsx,BIHAR,127368,127368000,persons,True,DIRECT,NONE,HIGH,JOINED,"RGI Table 11 (1 July), PDF p.91",,80.56110404939169,0.8056110404939169,8.647383958294077,6.966427988191696,NOT_AVAILABLE,OK
Chhattisgarh,2023,Central,13468,6166,,MoRTH_Primary_Dataset_3.xlsx,CHHATTISGARH,30294,30294000,persons,True,DIRECT,NONE,HIGH,JOINED,"RGI Table 11 (1 July), PDF p.93",,45.78259578259578,0.4578259578259578,44.457648379217005,20.353865451904667,NOT_AVAILABLE,OK
Goa,2023,West,2846,290,,MoRTH_Primary_Dataset_3.xlsx,GOA,1577,1577000,persons,True,DIRECT,NONE,HIGH,JOINED,"RGI Table 11 (1 July), PDF p.99",,10.189739985945186,0.10189739985945186,180.4692454026633,18.389346861128725,NOT_AVAILABLE,OK
Gujarat,2023,West,16349,7854,,MoRTH_Primary_Dataset_3.xlsx,GUJARAT,71794,71794000,persons,True,DIRECT,NONE,HIGH,JOINED,"RGI Table 11 (1 July), PDF p.94",,48.039635451709586,0.48039635451709584,22.772097946903642,10.939632838398751,NOT_AVAILABLE,OK
Haryana,2023,North,10463,4968,,MoRTH_Primary_Dataset_3.xlsx,HARYANA,30331,30331000,persons,True,DIRECT,NONE,HIGH,JOINED,"RGI Table 11 (1 July), PDF p.90",,47.48160183503775,0.4748160183503775,34.496060136494016,16.379281922785268,NOT_AVAILABLE,OK
Himachal Pradesh,2023,North,2253,889,,MoRTH_Primary_Dataset_3.xlsx,HIMACHAL PRADESH,7480,7480000,persons,True,DIRECT,NONE,HIGH,JOINED,"RGI Table 11 (1 July), PDF p.89",,39.45849977807368,0.3945849977807368,30.120320855614974,11.885026737967914,NOT_AVAILABLE,OK
Jharkhand,2023,East,5315,4173,,MoRTH_Primary_Dataset_3.xlsx,JHARKHAND,39632,39632000,persons,True,DIRECT,NONE,HIGH,JOINED,"RGI Table 11 (1 July), PDF p.92",,78.51364063969896,0.7851364063969897,13.410880096891402,10.529370205894226,NOT_AVAILABLE,OK
Karnataka,2023,South,43440,12321,,MoRTH_Primary_Dataset_3.xlsx,KARNATAKA,67833,67833000,persons,True,DIRECT,NONE,HIGH,JOINED,"RGI Table 11 (1 July), PDF p.95",,28.363259668508288,0.2836325966850829,64.03962673035248,18.16372562027332,NOT_AVAILABLE,OK
Kerala,2023,South,48091,4080,,MoRTH_Primary_Dataset_3.xlsx,KERALA,35824,35824000,persons,True,DIRECT,NONE,HIGH,JOINED,"RGI Table 11 (1 July), PDF p.95",,8.483915909421722,0.08483915909421721,134.24240732469855,11.389012952210809,NOT_AVAILABLE,OK
Madhya Pradesh,2023,Central,55327,13798,,MoRTH_Primary_Dataset_3.xlsx,MADHYA PRADESH,86923,86923000,persons,True,DIRECT,NONE,HIGH,JOINED,"RGI Table 11 (1 July), PDF p.93",,24.93899904205903,0.24938999042059032,63.65058730140469,15.873819357362263,NOT_AVAILABLE,OK
Maharashtra,2023,West,35243,15366,,MoRTH_Primary_Dataset_3.xlsx,MAHARASHTRA,126710,126710000,persons,True,DIRECT,NONE,HIGH,JOINED,"RGI Table 11 (1 July), PDF p.94",,43.600147547030616,0.43600147547030615,27.813905769078996,12.126903953910505,NOT_AVAILABLE,OK
Manipur,2023,Northeast,398,73,,MoRTH_Primary_Dataset_3.xlsx,MANIPUR,3231,3231000,persons,True,DIRECT,NONE,HIGH,JOINED,"RGI Table 11 (1 July), PDF p.97",,18.341708542713565,0.18341708542713567,12.318167749922624,2.259362426493346,NOT_AVAILABLE,OK
Meghalaya,2023,Northeast,223,168,,MoRTH_Primary_Dataset_3.xlsx,MEGHALAYA,3356,3356000,persons,True,DIRECT,NONE,HIGH,JOINED,"RGI Table 11 (1 July), PDF p.98",,75.33632286995515,0.7533632286995515,6.644815256257449,5.00595947556615,NOT_AVAILABLE,OK
Mizoram,2023,Northeast,106,96,,MoRTH_Primary_Dataset_3.xlsx,MIZORAM,1241,1241000,persons,True,DIRECT,NONE,HIGH,JOINED,"RGI Table 11 (1 July), PDF p.98",,90.56603773584906,0.9056603773584906,8.541498791297341,7.735697018533441,NOT_AVAILABLE,OK
Nagaland,2023,Northeast,303,86,,MoRTH_Primary_Dataset_3.xlsx,NAGALAND,2238,2238000,persons,True,DIRECT,NONE,HIGH,JOINED,"RGI Table 11 (1 July), PDF p.97",,28.38283828382838,0.2838283828382838,13.53887399463807,3.8427167113494187,NOT_AVAILABLE,OK
Odisha,2023,East,11992,5739,,MoRTH_Primary_Dataset_3.xlsx,ODISHA,46373,46373000,persons,True,DIRECT,NONE,HIGH,JOINED,"RGI Table 11 (1 July), PDF p.93",,47.85690460306871,0.4785690460306871,25.859875358506027,12.375735880792703,NOT_AVAILABLE,OK
Punjab,2023,North,6269,4829,,MoRTH_Primary_Dataset_3.xlsx,PUNJAB,30796,30796000,persons,True,DIRECT,NONE,HIGH,JOINED,"RGI Table 11 (1 July), PDF p.90",,77.02982931887064,0.7702982931887064,20.356539810364982,15.680607871152098,NOT_AVAILABLE,OK
Rajasthan,2023,North,24694,11762,,MoRTH_Primary_Dataset_3.xlsx,RAJASTHAN,81316,81316000,persons,True,DIRECT,NONE,HIGH,JOINED,"RGI Table 11 (1 July), PDF p.91",,47.63100348262736,0.4763100348262736,30.36794726745044,14.464558020561759,NOT_AVAILABLE,OK
Sikkim,2023,Northeast,182,57,,MoRTH_Primary_Dataset_3.xlsx,SIKKIM,691,691000,persons,True,DIRECT,NONE,HIGH,JOINED,"RGI Table 11 (1 July), PDF p.96",,31.318681318681318,0.3131868131868132,26.33863965267728,8.24891461649783,NOT_AVAILABLE,OK
Tamil Nadu,2023,South,67213,18347,,MoRTH_Primary_Dataset_3.xlsx,TAMIL NADU,76936,76936000,persons,True,DIRECT,NONE,HIGH,JOINED,"RGI Table 11 (1 July), PDF p.95",,27.29680270185827,0.2729680270185827,87.3622231465114,23.847093688260372,NOT_AVAILABLE,OK
Telangana,2023,South,22903,7660,,MoRTH_Primary_Dataset_3.xlsx,TELANGANA,38135,38135000,persons,True,DIRECT,NONE,HIGH,JOINED,"RGI Table 11 (1 July), PDF p.101",,33.44540016591713,0.3344540016591713,60.05768978628557,20.086534679428347,NOT_AVAILABLE,OK
Tripura,2023,Northeast,577,261,,MoRTH_Primary_Dataset_3.xlsx,TRIPURA,4156,4156000,persons,True,DIRECT,NONE,HIGH,JOINED,"RGI Table 11 (1 July), PDF p.98",,45.233968804159446,0.45233968804159447,13.88354186717998,6.280076997112608,NOT_AVAILABLE,OK
Uttarakhand,2023,North,1691,1054,,MoRTH_Primary_Dataset_3.xlsx,UTTARAKHAND,11676,11676000,persons,True,DIRECT,NONE,HIGH,JOINED,"RGI Table 11 (1 July), PDF p.96",,62.32998225901834,0.6232998225901834,14.482699554642002,9.027064063035287,NOT_AVAILABLE,OK
Uttar Pradesh,2023,North,44534,23652,,MoRTH_Primary_Dataset_3.xlsx,UTTAR PRADESH,236484,236484000,persons,True,DIRECT,NONE,HIGH,JOINED,"RGI Table 11 (1 July), PDF p.91",,53.10998338348229,0.5310998338348228,18.831718002063564,10.0015223017202,NOT_AVAILABLE,OK
West Bengal,2023,East,13795,6027,,MoRTH_Primary_Dataset_3.xlsx,WEST BENGAL,99243,99243000,persons,True,DIRECT,NONE,HIGH,JOINED,"RGI Table 11 (1 July), PDF p.92",,43.6897426603842,0.43689742660384195,13.900224700986469,6.0729724010761466,NOT_AVAILABLE,OK
Andaman & Nicobar Islands,2023,South,143,24,,MoRTH_Primary_Dataset_3.xlsx,ANDAMAN & NICOBAR ISLANDS,403,403000,persons,True,DIRECT,NONE,HIGH,JOINED,"RGI Table 11 (1 July), PDF p.100",,16.783216783216783,0.16783216783216784,35.483870967741936,5.9553349875930515,NOT_AVAILABLE,OK
Chandigarh,2023,North,182,67,,MoRTH_Primary_Dataset_3.xlsx,CHANDIGARH,1235,1235000,persons,True,DIRECT,NONE,HIGH,JOINED,"RGI Table 11 (1 July), PDF p.96",,36.81318681318682,0.36813186813186816,14.736842105263158,5.425101214574899,NOT_AVAILABLE,OK
Dadra & Nagar Haveli and Daman & Diu,2023,West,182,74,,MoRTH_Primary_Dataset_3.xlsx,DADRA & NAGAR HAVELI + DAMAN & DIU,1293,1293000,persons,True,SUM,DNH_PLUS_DAMAN_DIU,MEDIUM,JOINED_WITH_TRANSFORMATION,"RGI Table 11 (1 July), Table-11 pp.93-94",Arithmetic sum of two published projections; not source-published,40.65934065934066,0.4065934065934066,14.075792730085073,5.723124516627998,NOT_AVAILABLE,TRANSFORMED
Delhi,2023,North,5834,1457,,MoRTH_Primary_Dataset_3.xlsx,NCT OF DELHI,21490,21490000,persons,True,DIRECT,RENAME_NCT OF DELHI,HIGH,JOINED,"RGI Table 11 (1 July), PDF p.90",,24.974288652725402,0.24974288652725402,27.14751046998604,6.779897626803164,NOT_AVAILABLE,OK
Jammu & Kashmir,2023,North,6298,893,,MoRTH_Primary_Dataset_3.xlsx,JAMMU & KASHMIR (UT),13636,13636000,persons,True,DIRECT,JAMMU_KASHMIR_DIRECT,HIGH,JOINED,"RGI Table 11 (1 July), PDF p.89",,14.17910447761194,0.1417910447761194,46.186564975066,6.548841302434732,NOT_AVAILABLE,OK
Ladakh,2023,North,289,59,,MoRTH_Primary_Dataset_3.xlsx,LADAKH,301,301000,persons,True,DIRECT,LADAKH_DIRECT,HIGH,JOINED,"RGI Table 11 (1 July), PDF p.101",,20.415224913494807,0.2041522491349481,96.01328903654485,19.601328903654483,NOT_AVAILABLE,OK
Lakshadweep,2023,South,1,0,,MoRTH_Primary_Dataset_3.xlsx,LAKSHADWEEP,69,69000,persons,True,DIRECT,NONE,HIGH,JOINED,"RGI Table 11 (1 July), PDF p.100",,0.0,0.0,1.4492753623188406,0.0,NOT_AVAILABLE,OK
Puducherry,2023,South,1308,149,,MoRTH_Primary_Dataset_3.xlsx,PUDUCHERRY,1658,1658000,persons,True,DIRECT,NONE,HIGH,JOINED,"RGI Table 11 (1 July), PDF p.100",,11.391437308868502,0.11391437308868502,78.89022919179735,8.986731001206273,NOT_AVAILABLE,OK
Andhra Pradesh,2024,South,19557,8346,,MoRTH_Primary_Dataset_3.xlsx,ANDHRA PRADESH,53402,53402000,persons,True,DIRECT,NONE,HIGH,JOINED,"RGI Table 11 (1 July), PDF p.94",,42.675256941248655,0.42675256941248657,36.622223886745815,15.628628141268116,NOT_AVAILABLE,OK
Arunachal Pradesh,2024,Northeast,277,168,,MoRTH_Primary_Dataset_3.xlsx,ARUNACHAL PRADESH,1580,1580000,persons,True,DIRECT,NONE,HIGH,JOINED,"RGI Table 11 (1 July), PDF p.97",,60.64981949458483,0.6064981949458483,17.531645569620252,10.632911392405063,NOT_AVAILABLE,OK
Assam,2024,Northeast,7848,3351,,MoRTH_Primary_Dataset_3.xlsx,ASSAM,36159,36159000,persons,True,DIRECT,NONE,HIGH,JOINED,"RGI Table 11 (1 July), PDF p.92",,42.698776758409785,0.42698776758409784,21.7041400481208,9.267402306479715,NOT_AVAILABLE,OK
Bihar,2024,East,11610,9347,,MoRTH_Primary_Dataset_3.xlsx,BIHAR,129205,129205000,persons,True,DIRECT,NONE,HIGH,JOINED,"RGI Table 11 (1 July), PDF p.91",,80.50818260120586,0.8050818260120586,8.985720366858867,7.2342401609844815,NOT_AVAILABLE,OK
Chhattisgarh,2024,Central,14857,6945,,MoRTH_Primary_Dataset_3.xlsx,CHHATTISGARH,30638,30638000,persons,True,DIRECT,NONE,HIGH,JOINED,"RGI Table 11 (1 July), PDF p.93",,46.74564178501716,0.4674564178501716,48.49206867288987,22.667928715973627,NOT_AVAILABLE,OK
Goa,2024,West,2682,286,,MoRTH_Primary_Dataset_3.xlsx,GOA,1585,1585000,persons,True,DIRECT,NONE,HIGH,JOINED,"RGI Table 11 (1 July), PDF p.99",,10.663683818046234,0.10663683818046234,169.21135646687696,18.04416403785489,NOT_AVAILABLE,OK
Gujarat,2024,West,15588,7717,,MoRTH_Primary_Dataset_3.xlsx,GUJARAT,72653,72653000,persons,True,DIRECT,NONE,HIGH,JOINED,"RGI Table 11 (1 July), PDF p.94",,49.50603027970234,0.49506030279702334,21.45541133882978,10.621722434035759,NOT_AVAILABLE,OK
Haryana,2024,North,9806,4689,,MoRTH_Primary_Dataset_3.xlsx,HARYANA,30694,30694000,persons,True,DIRECT,NONE,HIGH,JOINED,"RGI Table 11 (1 July), PDF p.90",,47.817662655517026,0.4781766265551703,31.947611911122696,15.27660129015443,NOT_AVAILABLE,OK
Himachal Pradesh,2024,North,2156,869,,MoRTH_Primary_Dataset_3.xlsx,HIMACHAL PRADESH,7518,7518000,persons,True,DIRECT,NONE,HIGH,JOINED,"RGI Table 11 (1 July), PDF p.89",,40.30612244897959,0.4030612244897959,28.677839851024206,11.558925246076084,NOT_AVAILABLE,OK
Jharkhand,2024,East,5196,4114,,MoRTH_Primary_Dataset_3.xlsx,JHARKHAND,40129,40129000,persons,True,DIRECT,NONE,HIGH,JOINED,"RGI Table 11 (1 July), PDF p.92",,79.17628945342571,0.7917628945342571,12.948241919808618,10.251937501557478,NOT_AVAILABLE,OK
Karnataka,2024,South,43062,12390,,MoRTH_Primary_Dataset_3.xlsx,KARNATAKA,68256,68256000,persons,True,DIRECT,NONE,HIGH,JOINED,"RGI Table 11 (1 July), PDF p.95",,28.772467604848824,0.2877246760484882,63.088959212376935,18.15225035161744,NOT_AVAILABLE,OK
Kerala,2024,South,48834,3880,,MoRTH_Primary_Dataset_3.xlsx,KERALA,35967,35967000,persons,True,DIRECT,NONE,HIGH,JOINED,"RGI Table 11 (1 July), PDF p.95",,7.945284023426301,0.07945284023426301,135.7744599215948,10.787666472043817,NOT_AVAILABLE,OK
Madhya Pradesh,2024,Central,56669,14791,,MoRTH_Primary_Dataset_3.xlsx,MADHYA PRADESH,87954,87954000,persons,True,DIRECT,NONE,HIGH,JOINED,"RGI Table 11 (1 July), PDF p.93",,26.100689971589404,0.261006899715894,64.43027036860177,16.81674511676558,NOT_AVAILABLE,OK
Maharashtra,2024,West,36118,15715,,MoRTH_Primary_Dataset_3.xlsx,MAHARASHTRA,127684,127684000,persons,True,DIRECT,NONE,HIGH,JOINED,"RGI Table 11 (1 July), PDF p.94",,43.5101611384905,0.43510161138490505,28.287021083299397,12.30772845462235,NOT_AVAILABLE,OK
Manipur,2024,Northeast,299,72,,MoRTH_Primary_Dataset_3.xlsx,MANIPUR,3260,3260000,persons,True,DIRECT,NONE,HIGH,JOINED,"RGI Table 11 (1 July), PDF p.97",,24.08026755852843,0.2408026755852843,9.171779141104295,2.208588957055215,NOT_AVAILABLE,OK
Meghalaya,2024,Northeast,269,197,,MoRTH_Primary_Dataset_3.xlsx,MEGHALAYA,3387,3387000,persons,True,DIRECT,NONE,HIGH,JOINED,"RGI Table 11 (1 July), PDF p.98",,73.23420074349443,0.7323420074349443,7.942131679952761,5.816356657809271,NOT_AVAILABLE,OK
Mizoram,2024,Northeast,118,110,,MoRTH_Primary_Dataset_3.xlsx,MIZORAM,1252,1252000,persons,True,DIRECT,NONE,HIGH,JOINED,"RGI Table 11 (1 July), PDF p.98",,93.22033898305084,0.9322033898305084,9.424920127795527,8.78594249201278,NOT_AVAILABLE,OK
Nagaland,2024,Northeast,129,62,,MoRTH_Primary_Dataset_3.xlsx,NAGALAND,2258,2258000,persons,True,DIRECT,NONE,HIGH,JOINED,"RGI Table 11 (1 July), PDF p.97",,48.06201550387597,0.4806201550387597,5.713020372010629,2.745792736935341,NOT_AVAILABLE,OK
Odisha,2024,East,12375,6142,,MoRTH_Primary_Dataset_3.xlsx,ODISHA,46663,46663000,persons,True,DIRECT,NONE,HIGH,JOINED,"RGI Table 11 (1 July), PDF p.93",,49.63232323232323,0.49632323232323233,26.519940852495555,13.162462764931531,NOT_AVAILABLE,OK
Punjab,2024,North,6063,4759,,MoRTH_Primary_Dataset_3.xlsx,PUNJAB,30992,30992000,persons,True,DIRECT,NONE,HIGH,JOINED,"RGI Table 11 (1 July), PDF p.90",,78.49249546429161,0.784924954642916,19.563113061435207,15.355575632421269,NOT_AVAILABLE,OK
Rajasthan,2024,North,24838,11790,,MoRTH_Primary_Dataset_3.xlsx,RAJASTHAN,82188,82188000,persons,True,DIRECT,NONE,HIGH,JOINED,"RGI Table 11 (1 July), PDF p.91",,47.46758998309043,0.47467589983090425,30.22095683068088,14.345159877354359,NOT_AVAILABLE,OK
Sikkim,2024,Northeast,149,67,,MoRTH_Primary_Dataset_3.xlsx,SIKKIM,697,697000,persons,True,DIRECT,NONE,HIGH,JOINED,"RGI Table 11 (1 July), PDF p.96",,44.966442953020135,0.44966442953020136,21.37733142037303,9.612625538020087,NOT_AVAILABLE,OK
Tamil Nadu,2024,South,67526,18449,,MoRTH_Primary_Dataset_3.xlsx,TAMIL NADU,77165,77165000,persons,True,DIRECT,NONE,HIGH,JOINED,"RGI Table 11 (1 July), PDF p.95",,27.32132808103545,0.2732132808103545,87.50858549860688,23.9085077431478,NOT_AVAILABLE,OK
Telangana,2024,South,25986,7949,,MoRTH_Primary_Dataset_3.xlsx,TELANGANA,38317,38317000,persons,True,DIRECT,NONE,HIGH,JOINED,"RGI Table 11 (1 July), PDF p.101",,30.58954821827138,0.3058954821827138,67.81846177936686,20.74536106688937,NOT_AVAILABLE,OK
Tripura,2024,Northeast,578,226,,MoRTH_Primary_Dataset_3.xlsx,TRIPURA,4194,4194000,persons,True,DIRECT,NONE,HIGH,JOINED,"RGI Table 11 (1 July), PDF p.98",,39.10034602076124,0.39100346020761245,13.781592751549834,5.388650453028135,NOT_AVAILABLE,OK
Uttarakhand,2024,North,1747,1090,,MoRTH_Primary_Dataset_3.xlsx,UTTARAKHAND,11795,11795000,persons,True,DIRECT,NONE,HIGH,JOINED,"RGI Table 11 (1 July), PDF p.96",,62.39267315397825,0.6239267315397825,14.811360746078847,9.24120389995761,NOT_AVAILABLE,OK
Uttar Pradesh,2024,North,46052,24118,,MoRTH_Primary_Dataset_3.xlsx,UTTAR PRADESH,238875,238875000,persons,True,DIRECT,NONE,HIGH,JOINED,"RGI Table 11 (1 July), PDF p.91",,52.37123251976027,0.5237123251976027,19.278702250130824,10.096493982208269,NOT_AVAILABLE,OK
West Bengal,2024,East,13702,6676,,MoRTH_Primary_Dataset_3.xlsx,WEST BENGAL,99723,99723000,persons,True,DIRECT,NONE,HIGH,JOINED,"RGI Table 11 (1 July), PDF p.92",,48.72281418770982,0.48722814187709823,13.740059966106113,6.694543886565787,NOT_AVAILABLE,OK
Andaman & Nicobar Islands,2024,South,135,29,,MoRTH_Primary_Dataset_3.xlsx,ANDAMAN & NICOBAR ISLANDS,404,404000,persons,True,DIRECT,NONE,HIGH,JOINED,"RGI Table 11 (1 July), PDF p.100",,21.48148148148148,0.21481481481481482,33.41584158415842,7.1782178217821775,NOT_AVAILABLE,OK
Chandigarh,2024,North,169,75,,MoRTH_Primary_Dataset_3.xlsx,CHANDIGARH,1247,1247000,persons,True,DIRECT,NONE,HIGH,JOINED,"RGI Table 11 (1 July), PDF p.96",,44.37869822485207,0.4437869822485207,13.552526062550122,6.014434643143544,NOT_AVAILABLE,OK
Dadra & Nagar Haveli and Daman & Diu,2024,West,152,95,,MoRTH_Primary_Dataset_3.xlsx,DADRA & NAGAR HAVELI + DAMAN & DIU,1387,1387000,persons,True,SUM,DNH_PLUS_DAMAN_DIU,MEDIUM,JOINED_WITH_TRANSFORMATION,"RGI Table 11 (1 July), Table-11 pp.93-94",Arithmetic sum of two published projections; not source-published,62.5,0.625,10.958904109589042,6.8493150684931505,NOT_AVAILABLE,TRANSFORMED
Delhi,2024,North,5657,1551,,MoRTH_Primary_Dataset_3.xlsx,NCT OF DELHI,21884,21884000,persons,True,DIRECT,RENAME_NCT OF DELHI,HIGH,JOINED,"RGI Table 11 (1 July), PDF p.90",,27.417359024217784,0.27417359024217786,25.849936026320602,7.087369767866935,NOT_AVAILABLE,OK
Jammu & Kashmir,2024,North,5808,831,,MoRTH_Primary_Dataset_3.xlsx,JAMMU & KASHMIR (UT),13733,13733000,persons,True,DIRECT,JAMMU_KASHMIR_DIRECT,HIGH,JOINED,"RGI Table 11 (1 July), PDF p.89",,14.307851239669422,0.14307851239669422,42.29228864778271,6.051117745576349,NOT_AVAILABLE,OK
Ladakh,2024,North,264,61,,MoRTH_Primary_Dataset_3.xlsx,LADAKH,302,302000,persons,True,DIRECT,LADAKH_DIRECT,HIGH,JOINED,"RGI Table 11 (1 July), PDF p.101",,23.106060606060606,0.23106060606060605,87.41721854304636,20.198675496688743,NOT_AVAILABLE,OK
Lakshadweep,2024,South,0,0,,MoRTH_Primary_Dataset_3.xlsx,LAKSHADWEEP,69,69000,persons,True,DIRECT,NONE,HIGH,JOINED,"RGI Table 11 (1 July), PDF p.100",,,,0.0,0.0,NOT_AVAILABLE,OK
Puducherry,2024,South,1431,218,,MoRTH_Primary_Dataset_3.xlsx,PUDUCHERRY,1695,1695000,persons,True,DIRECT,NONE,HIGH,JOINED,"RGI Table 11 (1 July), PDF p.100",,15.234102026554858,0.15234102026554858,84.42477876106194,12.861356932153392,NOT_AVAILABLE,OK
