State_UT_Source,Year,Population_000,Male_000,Female_000,Source_Table,Reference_Date,Source_Page,Source_Note
INDIA,2018,1324609,681174,643435,Table 11,1 July,PDF p.89,RGI projection ('000); M+F=1324609
JAMMU & KASHMIR (UT),2018,13135,6901,6234,Table 11,1 July,PDF p.89,RGI projection ('000); M+F=13135
HIMACHAL PRADESH,2018,7268,3686,3582,Table 11,1 July,PDF p.89,RGI projection ('000); M+F=7268
INDIA,2019,1338995,688460,650535,Table 11,1 July,PDF p.89,RGI projection ('000); M+F=1338995
JAMMU & KASHMIR (UT),2019,13237,6949,6288,Table 11,1 July,PDF p.89,RGI projection ('000); M+F=13237
HIMACHAL PRADESH,2019,7315,3710,3605,Table 11,1 July,PDF p.89,RGI projection ('000); M+F=7315
INDIA,2020,1353378,695745,657633,Table 11,1 July,PDF p.89,RGI projection ('000); M+F=1353378
JAMMU & KASHMIR (UT),2020,13340,6998,6342,Table 11,1 July,PDF p.89,RGI projection ('000); M+F=13340
HIMACHAL PRADESH,2020,7362,3734,3629,Table 11,1 July,PDF p.89,RGI projection ('000); M+F=7363
INDIA,2021,1367173,702708,664465,Table 11,1 July,PDF p.89,RGI projection ('000); M+F=1367173
JAMMU & KASHMIR (UT),2021,13440,7045,6395,Table 11,1 July,PDF p.89,RGI projection ('000); M+F=13440
HIMACHAL PRADESH,2021,7406,3756,3650,Table 11,1 July,PDF p.89,RGI projection ('000); M+F=7406
INDIA,2022,1379750,708995,670755,Table 11,1 July,PDF p.89,RGI projection ('000); M+F=1379750
JAMMU & KASHMIR (UT),2022,13538,7090,6448,Table 11,1 July,PDF p.89,RGI projection ('000); M+F=13538
HIMACHAL PRADESH,2022,7443,3774,3669,Table 11,1 July,PDF p.89,RGI projection ('000); M+F=7443
INDIA,2023,1392329,715285,677044,Table 11,1 July,PDF p.89,RGI projection ('000); M+F=1392329
JAMMU & KASHMIR (UT),2023,13636,7136,6500,Table 11,1 July,PDF p.89,RGI projection ('000); M+F=13636
HIMACHAL PRADESH,2023,7480,3793,3687,Table 11,1 July,PDF p.89,RGI projection ('000); M+F=7480
INDIA,2024,1404910,721575,683335,Table 11,1 July,PDF p.89,RGI projection ('000); M+F=1404910
JAMMU & KASHMIR (UT),2024,13733,7181,6552,Table 11,1 July,PDF p.89,RGI projection ('000); M+F=13733
HIMACHAL PRADESH,2024,7518,3812,3706,Table 11,1 July,PDF p.89,RGI projection ('000); M+F=7518
PUNJAB,2018,29699,15626,14074,Table 11,1 July,PDF p.90,RGI projection ('000); M+F=29700
HARYANA,2018,28401,15069,13332,Table 11,1 July,PDF p.90,RGI projection ('000); M+F=28401
NCT OF DELHI,2018,19561,10439,9122,Table 11,1 July,PDF p.90,RGI projection ('000); M+F=19561
PUNJAB,2019,29939,15745,14194,Table 11,1 July,PDF p.90,RGI projection ('000); M+F=29939
HARYANA,2019,28807,15277,13530,Table 11,1 July,PDF p.90,RGI projection ('000); M+F=28807
NCT OF DELHI,2019,19940,10635,9305,Table 11,1 July,PDF p.90,RGI projection ('000); M+F=19940
PUNJAB,2020,30179,15864,14315,Table 11,1 July,PDF p.90,RGI projection ('000); M+F=30179
HARYANA,2020,29213,15484,13728,Table 11,1 July,PDF p.90,RGI projection ('000); M+F=29212
NCT OF DELHI,2020,20319,10832,9487,Table 11,1 July,PDF p.90,RGI projection ('000); M+F=20319
PUNJAB,2021,30404,15975,14429,Table 11,1 July,PDF p.90,RGI projection ('000); M+F=30404
HARYANA,2021,29604,15683,13921,Table 11,1 July,PDF p.90,RGI projection ('000); M+F=29604
NCT OF DELHI,2021,20703,11030,9673,Table 11,1 July,PDF p.90,RGI projection ('000); M+F=20703
PUNJAB,2022,30600,16071,14529,Table 11,1 July,PDF p.90,RGI projection ('000); M+F=30600
HARYANA,2022,29967,15864,14103,Table 11,1 July,PDF p.90,RGI projection ('000); M+F=29967
NCT OF DELHI,2022,21096,11231,9865,Table 11,1 July,PDF p.90,RGI projection ('000); M+F=21096
PUNJAB,2023,30796,16167,14629,Table 11,1 July,PDF p.90,RGI projection ('000); M+F=30796
HARYANA,2023,30331,16046,14285,Table 11,1 July,PDF p.90,RGI projection ('000); M+F=30331
NCT OF DELHI,2023,21490,11433,10057,Table 11,1 July,PDF p.90,RGI projection ('000); M+F=21490
PUNJAB,2024,30992,16263,14729,Table 11,1 July,PDF p.90,RGI projection ('000); M+F=30992
HARYANA,2024,30694,16227,14467,Table 11,1 July,PDF p.90,RGI projection ('000); M+F=30694
NCT OF DELHI,2024,21884,11634,10250,Table 11,1 July,PDF p.90,RGI projection ('000); M+F=21884
RAJASTHAN,2018,76592,39480,37112,Table 11,1 July,PDF p.91,RGI projection ('000); M+F=76592
UTTAR PRADESH,2018,223003,116325,106678,Table 11,1 July,PDF p.91,RGI projection ('000); M+F=223003
BIHAR,2018,118333,61591,56741,Table 11,1 July,PDF p.91,RGI projection ('000); M+F=118332
RAJASTHAN,2019,77601,39964,37636,Table 11,1 July,PDF p.91,RGI projection ('000); M+F=77600
UTTAR PRADESH,2019,225967,117832,108135,Table 11,1 July,PDF p.91,RGI projection ('000); M+F=225967
BIHAR,2019,120114,62499,57615,Table 11,1 July,PDF p.91,RGI projection ('000); M+F=120114
RAJASTHAN,2020,78609,40449,38160,Table 11,1 July,PDF p.91,RGI projection ('000); M+F=78609
UTTAR PRADESH,2020,228931,119339,109592,Table 11,1 July,PDF p.91,RGI projection ('000); M+F=228931
BIHAR,2020,121895,63407,58489,Table 11,1 July,PDF p.91,RGI projection ('000); M+F=121896
RAJASTHAN,2021,79572,40907,38665,Table 11,1 July,PDF p.91,RGI projection ('000); M+F=79572
UTTAR PRADESH,2021,231704,120743,110961,Table 11,1 July,PDF p.91,RGI projection ('000); M+F=231704
BIHAR,2021,123695,64321,59374,Table 11,1 July,PDF p.91,RGI projection ('000); M+F=123695
RAJASTHAN,2022,80444,41313,39130,Table 11,1 July,PDF p.91,RGI projection ('000); M+F=80443
UTTAR PRADESH,2022,234094,121939,112155,Table 11,1 July,PDF p.91,RGI projection ('000); M+F=234094
BIHAR,2022,125532,65247,60284,Table 11,1 July,PDF p.91,RGI projection ('000); M+F=125531
RAJASTHAN,2023,81316,41720,39596,Table 11,1 July,PDF p.91,RGI projection ('000); M+F=81316
UTTAR PRADESH,2023,236484,123136,113348,Table 11,1 July,PDF p.91,RGI projection ('000); M+F=236484
BIHAR,2023,127368,66174,61194,Table 11,1 July,PDF p.91,RGI projection ('000); M+F=127368
RAJASTHAN,2024,82188,42126,40062,Table 11,1 July,PDF p.91,RGI projection ('000); M+F=82188
UTTAR PRADESH,2024,238875,124332,114542,Table 11,1 July,PDF p.91,RGI projection ('000); M+F=238874
BIHAR,2024,129205,67101,62104,Table 11,1 July,PDF p.91,RGI projection ('000); M+F=129205
ASSAM,2018,34043,17348,16695,Table 11,1 July,PDF p.92,RGI projection ('000); M+F=34043
WEST BENGAL,2018,96500,49328,47173,Table 11,1 July,PDF p.92,RGI projection ('000); M+F=96501
JHARKHAND,2018,37047,18986,18060,Table 11,1 July,PDF p.92,RGI projection ('000); M+F=37046
ASSAM,2019,34418,17534,16885,Table 11,1 July,PDF p.92,RGI projection ('000); M+F=34419
WEST BENGAL,2019,97109,49616,47494,Table 11,1 July,PDF p.92,RGI projection ('000); M+F=97110
JHARKHAND,2019,37581,19254,18327,Table 11,1 July,PDF p.92,RGI projection ('000); M+F=37581
ASSAM,2020,34793,17719,17074,Table 11,1 July,PDF p.92,RGI projection ('000); M+F=34793
WEST BENGAL,2020,97719,49903,47815,Table 11,1 July,PDF p.92,RGI projection ('000); M+F=97718
JHARKHAND,2020,38115,19523,18593,Table 11,1 July,PDF p.92,RGI projection ('000); M+F=38116
ASSAM,2021,35155,17897,17257,Table 11,1 July,PDF p.92,RGI projection ('000); M+F=35154
WEST BENGAL,2021,98285,50168,48117,Table 11,1 July,PDF p.92,RGI projection ('000); M+F=98285
JHARKHAND,2021,38637,19783,18854,Table 11,1 July,PDF p.92,RGI projection ('000); M+F=38637
ASSAM,2022,35490,18061,17429,Table 11,1 July,PDF p.92,RGI projection ('000); M+F=35490
WEST BENGAL,2022,98764,50385,48379,Table 11,1 July,PDF p.92,RGI projection ('000); M+F=98764
JHARKHAND,2022,39135,20030,19105,Table 11,1 July,PDF p.92,RGI projection ('000); M+F=39135
ASSAM,2023,35824,18225,17600,Table 11,1 July,PDF p.92,RGI projection ('000); M+F=35825
WEST BENGAL,2023,99243,50602,48642,Table 11,1 July,PDF p.92,RGI projection ('000); M+F=99244
JHARKHAND,2023,39632,20276,19355,Table 11,1 July,PDF p.92,RGI projection ('000); M+F=39631
ASSAM,2024,36159,18388,17771,Table 11,1 July,PDF p.92,RGI projection ('000); M+F=36159
WEST BENGAL,2024,99723,50819,48904,Table 11,1 July,PDF p.92,RGI projection ('000); M+F=99723
JHARKHAND,2024,40129,20523,19606,Table 11,1 July,PDF p.92,RGI projection ('000); M+F=40129
ODISHA,2018,44774,22564,22210,Table 11,1 July,PDF p.93,RGI projection ('000); M+F=44774
CHHATTISGARH,2018,28468,14282,14186,Table 11,1 July,PDF p.93,RGI projection ('000); M+F=28468
MADHYA PRADESH,2018,81471,42077,39393,Table 11,1 July,PDF p.93,RGI projection ('000); M+F=81470
ODISHA,2019,45119,22728,22391,Table 11,1 July,PDF p.93,RGI projection ('000); M+F=45119
CHHATTISGARH,2019,28852,14474,14378,Table 11,1 July,PDF p.93,RGI projection ('000); M+F=28852
MADHYA PRADESH,2019,82613,42652,39961,Table 11,1 July,PDF p.93,RGI projection ('000); M+F=82613
ODISHA,2020,45465,22893,22572,Table 11,1 July,PDF p.93,RGI projection ('000); M+F=45465
CHHATTISGARH,2020,29237,14666,14570,Table 11,1 July,PDF p.93,RGI projection ('000); M+F=29236
MADHYA PRADESH,2020,83755,43226,40529,Table 11,1 July,PDF p.93,RGI projection ('000); M+F=83755
ODISHA,2021,45793,23049,22744,Table 11,1 July,PDF p.93,RGI projection ('000); M+F=45793
CHHATTISGARH,2021,29607,14852,14756,Table 11,1 July,PDF p.93,RGI projection ('000); M+F=29608
MADHYA PRADESH,2021,84860,43779,41081,Table 11,1 July,PDF p.93,RGI projection ('000); M+F=84860
ODISHA,2022,46083,23187,22896,Table 11,1 July,PDF p.93,RGI projection ('000); M+F=46083
CHHATTISGARH,2022,29951,15023,14928,Table 11,1 July,PDF p.93,RGI projection ('000); M+F=29951
MADHYA PRADESH,2022,85891,44289,41602,Table 11,1 July,PDF p.93,RGI projection ('000); M+F=85891
ODISHA,2023,46373,23324,23049,Table 11,1 July,PDF p.93,RGI projection ('000); M+F=46373
CHHATTISGARH,2023,30294,15194,15100,Table 11,1 July,PDF p.93,RGI projection ('000); M+F=30294
MADHYA PRADESH,2023,86923,44798,42124,Table 11,1 July,PDF p.93,RGI projection ('000); M+F=86922
ODISHA,2024,46663,23462,23201,Table 11,1 July,PDF p.93,RGI projection ('000); M+F=46663
CHHATTISGARH,2024,30638,15365,15273,Table 11,1 July,PDF p.93,RGI projection ('000); M+F=30638
MADHYA PRADESH,2024,87954,45308,42646,Table 11,1 July,PDF p.93,RGI projection ('000); M+F=87954
GUJARAT,2018,67319,35251,32067,Table 11,1 July,PDF p.94,RGI projection ('000); M+F=67318
MAHARASHTRA,2018,121391,63074,58318,Table 11,1 July,PDF p.94,RGI projection ('000); M+F=121392
ANDHRA PRADESH,2018,52032,26034,25999,Table 11,1 July,PDF p.94,RGI projection ('000); M+F=52033
GUJARAT,2019,68245,35757,32488,Table 11,1 July,PDF p.94,RGI projection ('000); M+F=68245
MAHARASHTRA,2019,122533,63684,58849,Table 11,1 July,PDF p.94,RGI projection ('000); M+F=122533
ANDHRA PRADESH,2019,52315,26172,26143,Table 11,1 July,PDF p.94,RGI projection ('000); M+F=52315
GUJARAT,2020,69171,36263,32908,Table 11,1 July,PDF p.94,RGI projection ('000); M+F=69171
MAHARASHTRA,2020,123676,64295,59381,Table 11,1 July,PDF p.94,RGI projection ('000); M+F=123676
ANDHRA PRADESH,2020,52599,26311,26288,Table 11,1 July,PDF p.94,RGI projection ('000); M+F=52599
GUJARAT,2021,70075,36756,33319,Table 11,1 July,PDF p.94,RGI projection ('000); M+F=70075
MAHARASHTRA,2021,124762,64875,59887,Table 11,1 July,PDF p.94,RGI projection ('000); M+F=124762
ANDHRA PRADESH,2021,52849,26432,26417,Table 11,1 July,PDF p.94,RGI projection ('000); M+F=52849
GUJARAT,2022,70934,37222,33713,Table 11,1 July,PDF p.94,RGI projection ('000); M+F=70935
MAHARASHTRA,2022,125736,65393,60343,Table 11,1 July,PDF p.94,RGI projection ('000); M+F=125736
ANDHRA PRADESH,2022,53033,26518,26515,Table 11,1 July,PDF p.94,RGI projection ('000); M+F=53033
GUJARAT,2023,71794,37688,34106,Table 11,1 July,PDF p.94,RGI projection ('000); M+F=71794
MAHARASHTRA,2023,126710,65911,60799,Table 11,1 July,PDF p.94,RGI projection ('000); M+F=126710
ANDHRA PRADESH,2023,53217,26604,26613,Table 11,1 July,PDF p.94,RGI projection ('000); M+F=53217
GUJARAT,2024,72653,38154,34500,Table 11,1 July,PDF p.94,RGI projection ('000); M+F=72654
MAHARASHTRA,2024,127684,66429,61256,Table 11,1 July,PDF p.94,RGI projection ('000); M+F=127685
ANDHRA PRADESH,2024,53402,26690,26711,Table 11,1 July,PDF p.94,RGI projection ('000); M+F=53401
KARNATAKA,2018,65450,33194,32255,Table 11,1 July,PDF p.95,RGI projection ('000); M+F=65449
KERALA,2018,35003,16804,18200,Table 11,1 July,PDF p.95,RGI projection ('000); M+F=35004
TAMIL NADU,2018,75460,37726,37734,Table 11,1 July,PDF p.95,RGI projection ('000); M+F=75460
KARNATAKA,2019,65973,33463,32510,Table 11,1 July,PDF p.95,RGI projection ('000); M+F=65973
KERALA,2019,35186,16893,18292,Table 11,1 July,PDF p.95,RGI projection ('000); M+F=35185
TAMIL NADU,2019,75813,37891,37923,Table 11,1 July,PDF p.95,RGI projection ('000); M+F=75814
KARNATAKA,2020,66496,33732,32764,Table 11,1 July,PDF p.95,RGI projection ('000); M+F=66496
KERALA,2020,35368,16983,18385,Table 11,1 July,PDF p.95,RGI projection ('000); M+F=35368
TAMIL NADU,2020,76167,38055,38111,Table 11,1 July,PDF p.95,RGI projection ('000); M+F=76166
KARNATAKA,2021,66986,33983,33003,Table 11,1 July,PDF p.95,RGI projection ('000); M+F=66986
KERALA,2021,35537,17066,18471,Table 11,1 July,PDF p.95,RGI projection ('000); M+F=35537
TAMIL NADU,2021,76479,38198,38281,Table 11,1 July,PDF p.95,RGI projection ('000); M+F=76479
KARNATAKA,2022,67409,34198,33211,Table 11,1 July,PDF p.95,RGI projection ('000); M+F=67409
KERALA,2022,35680,17137,18544,Table 11,1 July,PDF p.95,RGI projection ('000); M+F=35681
TAMIL NADU,2022,76707,38295,38412,Table 11,1 July,PDF p.95,RGI projection ('000); M+F=76707
KARNATAKA,2023,67833,34413,33419,Table 11,1 July,PDF p.95,RGI projection ('000); M+F=67832
KERALA,2023,35824,17207,18617,Table 11,1 July,PDF p.95,RGI projection ('000); M+F=35824
TAMIL NADU,2023,76936,38393,38543,Table 11,1 July,PDF p.95,RGI projection ('000); M+F=76936
KARNATAKA,2024,68256,34628,33628,Table 11,1 July,PDF p.95,RGI projection ('000); M+F=68256
KERALA,2024,35967,17277,18690,Table 11,1 July,PDF p.95,RGI projection ('000); M+F=35967
TAMIL NADU,2024,77165,38491,38674,Table 11,1 July,PDF p.95,RGI projection ('000); M+F=77165
CHANDIGARH,2018,1170,636,534,Table 11,1 July,PDF p.96,RGI projection ('000); M+F=1170
UTTARAKHAND,2018,11055,5657,5399,Table 11,1 July,PDF p.96,RGI projection ('000); M+F=11056
SIKKIM,2018,659,348,311,Table 11,1 July,PDF p.96,RGI projection ('000); M+F=659
CHANDIGARH,2019,1184,642,541,Table 11,1 July,PDF p.96,RGI projection ('000); M+F=1183
UTTARAKHAND,2019,11184,5725,5459,Table 11,1 July,PDF p.96,RGI projection ('000); M+F=11184
SIKKIM,2019,665,351,314,Table 11,1 July,PDF p.96,RGI projection ('000); M+F=665
CHANDIGARH,2020,1198,649,549,Table 11,1 July,PDF p.96,RGI projection ('000); M+F=1198
UTTARAKHAND,2020,11313,5794,5519,Table 11,1 July,PDF p.96,RGI projection ('000); M+F=11313
SIKKIM,2020,672,354,317,Table 11,1 July,PDF p.96,RGI projection ('000); M+F=671
CHANDIGARH,2021,1212,656,556,Table 11,1 July,PDF p.96,RGI projection ('000); M+F=1212
UTTARAKHAND,2021,11439,5860,5578,Table 11,1 July,PDF p.96,RGI projection ('000); M+F=11438
SIKKIM,2021,678,358,320,Table 11,1 July,PDF p.96,RGI projection ('000); M+F=678
CHANDIGARH,2022,1223,661,563,Table 11,1 July,PDF p.96,RGI projection ('000); M+F=1224
UTTARAKHAND,2022,11557,5923,5635,Table 11,1 July,PDF p.96,RGI projection ('000); M+F=11558
SIKKIM,2022,684,361,323,Table 11,1 July,PDF p.96,RGI projection ('000); M+F=684
CHANDIGARH,2023,1235,666,569,Table 11,1 July,PDF p.96,RGI projection ('000); M+F=1235
UTTARAKHAND,2023,11676,5985,5691,Table 11,1 July,PDF p.96,RGI projection ('000); M+F=11676
SIKKIM,2023,691,364,327,Table 11,1 July,PDF p.96,RGI projection ('000); M+F=691
CHANDIGARH,2024,1247,672,575,Table 11,1 July,PDF p.96,RGI projection ('000); M+F=1247
UTTARAKHAND,2024,11795,6048,5747,Table 11,1 July,PDF p.96,RGI projection ('000); M+F=11795
SIKKIM,2024,697,367,330,Table 11,1 July,PDF p.96,RGI projection ('000); M+F=697
ARUNACHAL PRADESH,2018,1493,768,724,Table 11,1 July,PDF p.97,RGI projection ('000); M+F=1492
NAGALAND,2018,2134,1103,1031,Table 11,1 July,PDF p.97,RGI projection ('000); M+F=2134
MANIPUR,2018,3080,1549,1532,Table 11,1 July,PDF p.97,RGI projection ('000); M+F=3081
ARUNACHAL PRADESH,2019,1507,776,732,Table 11,1 July,PDF p.97,RGI projection ('000); M+F=1508
NAGALAND,2019,2155,1114,1042,Table 11,1 July,PDF p.97,RGI projection ('000); M+F=2156
MANIPUR,2019,3111,1563,1548,Table 11,1 July,PDF p.97,RGI projection ('000); M+F=3111
ARUNACHAL PRADESH,2020,1522,783,739,Table 11,1 July,PDF p.97,RGI projection ('000); M+F=1522
NAGALAND,2020,2177,1124,1052,Table 11,1 July,PDF p.97,RGI projection ('000); M+F=2176
MANIPUR,2020,3142,1578,1563,Table 11,1 July,PDF p.97,RGI projection ('000); M+F=3141
ARUNACHAL PRADESH,2021,1537,791,746,Table 11,1 July,PDF p.97,RGI projection ('000); M+F=1537
NAGALAND,2021,2198,1135,1063,Table 11,1 July,PDF p.97,RGI projection ('000); M+F=2198
MANIPUR,2021,3172,1593,1579,Table 11,1 July,PDF p.97,RGI projection ('000); M+F=3172
ARUNACHAL PRADESH,2022,1551,797,754,Table 11,1 July,PDF p.97,RGI projection ('000); M+F=1551
NAGALAND,2022,2218,1145,1073,Table 11,1 July,PDF p.97,RGI projection ('000); M+F=2218
MANIPUR,2022,3201,1607,1594,Table 11,1 July,PDF p.97,RGI projection ('000); M+F=3201
ARUNACHAL PRADESH,2023,1565,804,761,Table 11,1 July,PDF p.97,RGI projection ('000); M+F=1565
NAGALAND,2023,2238,1155,1083,Table 11,1 July,PDF p.97,RGI projection ('000); M+F=2238
MANIPUR,2023,3231,1621,1610,Table 11,1 July,PDF p.97,RGI projection ('000); M+F=3231
ARUNACHAL PRADESH,2024,1580,811,768,Table 11,1 July,PDF p.97,RGI projection ('000); M+F=1579
NAGALAND,2024,2258,1165,1094,Table 11,1 July,PDF p.97,RGI projection ('000); M+F=2259
MANIPUR,2024,3260,1635,1625,Table 11,1 July,PDF p.97,RGI projection ('000); M+F=3260
MIZORAM,2018,1184,598,586,Table 11,1 July,PDF p.98,RGI projection ('000); M+F=1184
TRIPURA,2018,3963,2018,1945,Table 11,1 July,PDF p.98,RGI projection ('000); M+F=3963
MEGHALAYA,2018,3200,1606,1595,Table 11,1 July,PDF p.98,RGI projection ('000); M+F=3201
MIZORAM,2019,1195,604,592,Table 11,1 July,PDF p.98,RGI projection ('000); M+F=1196
TRIPURA,2019,4002,2037,1965,Table 11,1 July,PDF p.98,RGI projection ('000); M+F=4002
MEGHALAYA,2019,3232,1621,1611,Table 11,1 July,PDF p.98,RGI projection ('000); M+F=3232
MIZORAM,2020,1207,609,598,Table 11,1 July,PDF p.98,RGI projection ('000); M+F=1207
TRIPURA,2020,4042,2056,1985,Table 11,1 July,PDF p.98,RGI projection ('000); M+F=4041
MEGHALAYA,2020,3264,1637,1627,Table 11,1 July,PDF p.98,RGI projection ('000); M+F=3264
MIZORAM,2021,1219,615,604,Table 11,1 July,PDF p.98,RGI projection ('000); M+F=1219
TRIPURA,2021,4081,2075,2005,Table 11,1 July,PDF p.98,RGI projection ('000); M+F=4080
MEGHALAYA,2021,3295,1652,1644,Table 11,1 July,PDF p.98,RGI projection ('000); M+F=3296
MIZORAM,2022,1230,620,610,Table 11,1 July,PDF p.98,RGI projection ('000); M+F=1230
TRIPURA,2022,4118,2094,2025,Table 11,1 July,PDF p.98,RGI projection ('000); M+F=4119
MEGHALAYA,2022,3326,1666,1659,Table 11,1 July,PDF p.98,RGI projection ('000); M+F=3325
MIZORAM,2023,1241,626,615,Table 11,1 July,PDF p.98,RGI projection ('000); M+F=1241
TRIPURA,2023,4156,2112,2044,Table 11,1 July,PDF p.98,RGI projection ('000); M+F=4156
MEGHALAYA,2023,3356,1681,1675,Table 11,1 July,PDF p.98,RGI projection ('000); M+F=3356
MIZORAM,2024,1252,631,621,Table 11,1 July,PDF p.98,RGI projection ('000); M+F=1252
TRIPURA,2024,4194,2130,2063,Table 11,1 July,PDF p.98,RGI projection ('000); M+F=4193
MEGHALAYA,2024,3387,1696,1691,Table 11,1 July,PDF p.98,RGI projection ('000); M+F=3387
DAMAN & DIU,2018,395,269,125,Table 11,1 July,PDF p.99,RGI projection ('000); M+F=394
DADRA & NAGAR HAVELI,2018,525,309,216,Table 11,1 July,PDF p.99,RGI projection ('000); M+F=525
GOA,2018,1534,775,759,Table 11,1 July,PDF p.99,RGI projection ('000); M+F=1534
DAMAN & DIU,2019,423,292,131,Table 11,1 July,PDF p.99,RGI projection ('000); M+F=423
DADRA & NAGAR HAVELI,2019,556,330,227,Table 11,1 July,PDF p.99,RGI projection ('000); M+F=557
GOA,2019,1543,779,764,Table 11,1 July,PDF p.99,RGI projection ('000); M+F=1543
DAMAN & DIU,2020,451,314,136,Table 11,1 July,PDF p.99,RGI projection ('000); M+F=450
DADRA & NAGAR HAVELI,2020,587,350,238,Table 11,1 July,PDF p.99,RGI projection ('000); M+F=588
GOA,2020,1553,783,769,Table 11,1 July,PDF p.99,RGI projection ('000); M+F=1552
DAMAN & DIU,2021,485,343,142,Table 11,1 July,PDF p.99,RGI projection ('000); M+F=485
DADRA & NAGAR HAVELI,2021,623,373,250,Table 11,1 July,PDF p.99,RGI projection ('000); M+F=623
GOA,2021,1561,787,774,Table 11,1 July,PDF p.99,RGI projection ('000); M+F=1561
DAMAN & DIU,2022,532,383,149,Table 11,1 July,PDF p.99,RGI projection ('000); M+F=532
DADRA & NAGAR HAVELI,2022,669,404,265,Table 11,1 July,PDF p.99,RGI projection ('000); M+F=669
GOA,2022,1569,791,778,Table 11,1 July,PDF p.99,RGI projection ('000); M+F=1569
DAMAN & DIU,2023,579,423,157,Table 11,1 July,PDF p.99,RGI projection ('000); M+F=580
DADRA & NAGAR HAVELI,2023,714,434,280,Table 11,1 July,PDF p.99,RGI projection ('000); M+F=714
GOA,2023,1577,795,783,Table 11,1 July,PDF p.99,RGI projection ('000); M+F=1578
DAMAN & DIU,2024,627,463,164,Table 11,1 July,PDF p.99,RGI projection ('000); M+F=627
DADRA & NAGAR HAVELI,2024,760,465,295,Table 11,1 July,PDF p.99,RGI projection ('000); M+F=760
GOA,2024,1585,798,787,Table 11,1 July,PDF p.99,RGI projection ('000); M+F=1585
LAKSHADWEEP,2018,67,35,33,Table 11,1 July,PDF p.100,RGI projection ('000); M+F=68
PUDUCHERRY,2018,1481,714,767,Table 11,1 July,PDF p.100,RGI projection ('000); M+F=1481
ANDAMAN & NICOBAR ISLANDS,2018,396,209,186,Table 11,1 July,PDF p.100,RGI projection ('000); M+F=395
LAKSHADWEEP,2019,68,35,33,Table 11,1 July,PDF p.100,RGI projection ('000); M+F=68
PUDUCHERRY,2019,1515,729,786,Table 11,1 July,PDF p.100,RGI projection ('000); M+F=1515
ANDAMAN & NICOBAR ISLANDS,2019,398,210,187,Table 11,1 July,PDF p.100,RGI projection ('000); M+F=397
LAKSHADWEEP,2020,68,35,33,Table 11,1 July,PDF p.100,RGI projection ('000); M+F=68
PUDUCHERRY,2020,1549,743,806,Table 11,1 July,PDF p.100,RGI projection ('000); M+F=1549
ANDAMAN & NICOBAR ISLANDS,2020,399,211,188,Table 11,1 July,PDF p.100,RGI projection ('000); M+F=399
LAKSHADWEEP,2021,68,35,33,Table 11,1 July,PDF p.100,RGI projection ('000); M+F=68
PUDUCHERRY,2021,1584,758,826,Table 11,1 July,PDF p.100,RGI projection ('000); M+F=1584
ANDAMAN & NICOBAR ISLANDS,2021,401,212,189,Table 11,1 July,PDF p.100,RGI projection ('000); M+F=401
LAKSHADWEEP,2022,69,35,33,Table 11,1 July,PDF p.100,RGI projection ('000); M+F=68
PUDUCHERRY,2022,1621,773,848,Table 11,1 July,PDF p.100,RGI projection ('000); M+F=1621
ANDAMAN & NICOBAR ISLANDS,2022,402,212,190,Table 11,1 July,PDF p.100,RGI projection ('000); M+F=402
LAKSHADWEEP,2023,69,35,33,Table 11,1 July,PDF p.100,RGI projection ('000); M+F=68
PUDUCHERRY,2023,1658,788,870,Table 11,1 July,PDF p.100,RGI projection ('000); M+F=1658
ANDAMAN & NICOBAR ISLANDS,2023,403,212,191,Table 11,1 July,PDF p.100,RGI projection ('000); M+F=403
LAKSHADWEEP,2024,69,35,34,Table 11,1 July,PDF p.100,RGI projection ('000); M+F=69
PUDUCHERRY,2024,1695,804,891,Table 11,1 July,PDF p.100,RGI projection ('000); M+F=1695
ANDAMAN & NICOBAR ISLANDS,2024,404,213,191,Table 11,1 July,PDF p.100,RGI projection ('000); M+F=404
TELANGANA,2018,37030,18630,18400,Table 11,1 July,PDF p.101,RGI projection ('000); M+F=37030
LADAKH,2018,292,165,127,Table 11,1 July,PDF p.101,RGI projection ('000); M+F=292
TELANGANA,2019,37283,18757,18526,Table 11,1 July,PDF p.101,RGI projection ('000); M+F=37283
LADAKH,2019,294,166,128,Table 11,1 July,PDF p.101,RGI projection ('000); M+F=294
TELANGANA,2020,37536,18883,18653,Table 11,1 July,PDF p.101,RGI projection ('000); M+F=37536
LADAKH,2020,296,166,129,Table 11,1 July,PDF p.101,RGI projection ('000); M+F=295
TELANGANA,2021,37771,19000,18771,Table 11,1 July,PDF p.101,RGI projection ('000); M+F=37771
LADAKH,2021,298,167,130,Table 11,1 July,PDF p.101,RGI projection ('000); M+F=297
TELANGANA,2022,37953,19088,18865,Table 11,1 July,PDF p.101,RGI projection ('000); M+F=37953
LADAKH,2022,299,168,131,Table 11,1 July,PDF p.101,RGI projection ('000); M+F=299
TELANGANA,2023,38135,19175,18960,Table 11,1 July,PDF p.101,RGI projection ('000); M+F=38135
LADAKH,2023,301,169,132,Table 11,1 July,PDF p.101,RGI projection ('000); M+F=301
TELANGANA,2024,38317,19263,19054,Table 11,1 July,PDF p.101,RGI projection ('000); M+F=38317
LADAKH,2024,302,169,133,Table 11,1 July,PDF p.101,RGI projection ('000); M+F=302
