State_UT,N_full,Slope_full,p_full,Slope_no2020,p_no2020,Direction_change
Andaman & Nicobar Islands,7,2.2045,0.0035838673651497916,2.1405,0.009787234830222938,no
Andhra Pradesh,7,1.6902,0.0007145118636460444,1.6944,0.002906937227994731,no
Arunachal Pradesh,7,-0.1067,0.9283229411491463,-0.2464,0.8524550264508285,no
Assam,7,1.2491,0.0019902851627126277,1.2667,0.00598908347424245,no
Bihar,7,1.9001,0.011508904232359233,1.9799,0.019265839042763702,no
Chandigarh,7,1.6863,0.12794935338558938,1.5889,0.19753425766953292,no
Chhattisgarh,7,2.3166,0.0002628730625189154,2.3435,0.0011438706330806829,no
Dadra & Nagar Haveli and Daman & Diu,5,-1.6626,0.6747774480131746,1.9384,0.7389590067862131,yes
Delhi,7,-0.0198,0.9396526861842308,0.0741,0.6789008439799873,yes
Goa,7,0.4829,0.019247639693062885,0.5217,0.016623985342618584,no
Gujarat,7,1.1571,0.006024740515662929,1.1786,0.014354635170820222,no
Haryana,7,0.3112,0.037186426037343866,0.3569,0.003549060485230617,no
Himachal Pradesh,7,0.1209,0.7274174256048601,0.1094,0.7840263052644694,no
Jammu & Kashmir,7,-0.5083,0.03812906504540248,-0.5284,0.058817741136433524,no
Jharkhand,7,2.0737,0.003382314936198899,1.97,0.006273138841846201,no
Karnataka,7,0.3915,0.05071459948674629,0.4241,0.05260862906763465,no
Kerala,7,-0.4921,0.003444763389255576,-0.4759,0.009029389753674939,no
Ladakh,7,,,,,no
Lakshadweep,7,,,,,no
Madhya Pradesh,7,0.7623,0.005021655012507588,0.8219,0.0016838467768357048,no
Maharashtra,7,0.9979,0.15837567467802907,1.1867,0.08018103631648248,no
Manipur,7,-0.314,0.7212873714784792,-0.1202,0.890947848804625,no
Meghalaya,7,5.6365,0.03528372668419179,6.0694,0.03762046997092462,no
Mizoram,7,2.0341,0.048769959392111276,1.8942,0.08419668877121832,no
Nagaland,7,5.8409,0.020577210617163444,5.7751,0.04411586081328067,no
Odisha,7,0.187,0.4193146713521494,0.2173,0.40070463489065866,no
Puducherry,7,0.1883,0.6473820193034515,0.2572,0.5634355513550191,no
Punjab,7,1.0114,0.023854509831015447,1.0139,0.04813311214034584,no
Rajasthan,7,0.1403,0.5475966039421251,0.1952,0.40341387595927825,no
Sikkim,7,-0.8825,0.5114731108471307,-1.1938,0.37815959136459687,no
Tamil Nadu,7,-0.1622,0.31358807957485413,-0.1167,0.3934869429348931,no
Telangana,7,0.1446,0.7835539076834995,0.2684,0.6072309682566676,no
Tripura,7,0.7051,0.20415317420215032,0.7692,0.2194480713053507,no
Uttar Pradesh,7,-0.0623,0.8595253929956617,0.0229,0.9462191514254418,yes
Uttarakhand,7,-1.1743,0.11964620668414876,-1.1776,0.17502506502525703,no
West Bengal,7,0.1509,0.7410983376665043,0.2063,0.6859761168322767,no
