State_UT,Year,Zone,Accidents,Fatalities,Injured,Source_Accident,Road_Source_Entity,Total_Road_Length_km,Surfaced_Road_Length_km,Road_Join_Type,Road_Geography_Transformation,Road_Join_Confidence,Road_Join_Status,Source_Road,Notes,Reason,Population_Available,Population_Join_Status,Population_Join_Type,Population_Confidence,Road_Available,Road_Confidence,Vehicle_Available,Vehicle_Status,Overall_Exposure_Status
Jammu & Kashmir,2021,North,5452,774,6972.0,MoRTH_Primary_Dataset_3.xlsx,Jammu And Kashmir,118299.0,83328.0,DIRECT,NONE,MEDIUM,UNRESOLVED,BRSI Annexure 1.1.2,"BRSI J&K composition note not located — kept UNRESOLVED per Phase 2D rule; values preserved, not usable",UNRESOLVED J&K/Ladakh composition,,,,,,,,,
Ladakh,2021,North,236,56,242.0,MoRTH_Primary_Dataset_3.xlsx,Ladakh,5473.0,4466.0,DIRECT,NONE,MEDIUM,UNRESOLVED,BRSI Annexure 1.1.2,"BRSI J&K composition note not located — kept UNRESOLVED per Phase 2D rule; values preserved, not usable",UNRESOLVED J&K/Ladakh composition,,,,,,,,,
Jammu & Kashmir,2022,North,6092,805,8372.0,MoRTH_Primary_Dataset_3.xlsx,Jammu And Kashmir,122150.0,86351.0,DIRECT,NONE,MEDIUM,UNRESOLVED,BRSI Annexure 2.1.2,"BRSI J&K composition note not located — kept UNRESOLVED per Phase 2D rule; values preserved, not usable",UNRESOLVED J&K/Ladakh composition,,,,,,,,,
Ladakh,2022,North,374,62,346.0,MoRTH_Primary_Dataset_3.xlsx,Ladakh,6104.0,4763.0,DIRECT,NONE,MEDIUM,UNRESOLVED,BRSI Annexure 2.1.2,"BRSI J&K composition note not located — kept UNRESOLVED per Phase 2D rule; values preserved, not usable",UNRESOLVED J&K/Ladakh composition,,,,,,,,,
Andhra Pradesh,2018,,24475,7556,,,,,,,,,NOT_AVAILABLE,,,No BRSI road year (2021-2022 only),True,JOINED,DIRECT,HIGH,False,,False,NOT AVAILABLE FROM VERIFIED DATA,POPULATION_READY
Arunachal Pradesh,2018,,277,175,,,,,,,,,NOT_AVAILABLE,,,No BRSI road year (2021-2022 only),True,JOINED,DIRECT,HIGH,False,,False,NOT AVAILABLE FROM VERIFIED DATA,POPULATION_READY
Assam,2018,,8248,2966,,,,,,,,,NOT_AVAILABLE,,,No BRSI road year (2021-2022 only),True,JOINED,DIRECT,HIGH,False,,False,NOT AVAILABLE FROM VERIFIED DATA,POPULATION_READY
Bihar,2018,,9600,6729,,,,,,,,,NOT_AVAILABLE,,,No BRSI road year (2021-2022 only),True,JOINED,DIRECT,HIGH,False,,False,NOT AVAILABLE FROM VERIFIED DATA,POPULATION_READY
Chhattisgarh,2018,,13864,4592,,,,,,,,,NOT_AVAILABLE,,,No BRSI road year (2021-2022 only),True,JOINED,DIRECT,HIGH,False,,False,NOT AVAILABLE FROM VERIFIED DATA,POPULATION_READY
Goa,2018,,3709,262,,,,,,,,,NOT_AVAILABLE,,,No BRSI road year (2021-2022 only),True,JOINED,DIRECT,HIGH,False,,False,NOT AVAILABLE FROM VERIFIED DATA,POPULATION_READY
Gujarat,2018,,18769,7996,,,,,,,,,NOT_AVAILABLE,,,No BRSI road year (2021-2022 only),True,JOINED,DIRECT,HIGH,False,,False,NOT AVAILABLE FROM VERIFIED DATA,POPULATION_READY
Haryana,2018,,11238,5118,,,,,,,,,NOT_AVAILABLE,,,No BRSI road year (2021-2022 only),True,JOINED,DIRECT,HIGH,False,,False,NOT AVAILABLE FROM VERIFIED DATA,POPULATION_READY
Himachal Pradesh,2018,,3110,1208,,,,,,,,,NOT_AVAILABLE,,,No BRSI road year (2021-2022 only),True,JOINED,DIRECT,HIGH,False,,False,NOT AVAILABLE FROM VERIFIED DATA,POPULATION_READY
Jharkhand,2018,,5394,3542,,,,,,,,,NOT_AVAILABLE,,,No BRSI road year (2021-2022 only),True,JOINED,DIRECT,HIGH,False,,False,NOT AVAILABLE FROM VERIFIED DATA,POPULATION_READY
Karnataka,2018,,41707,10990,,,,,,,,,NOT_AVAILABLE,,,No BRSI road year (2021-2022 only),True,JOINED,DIRECT,HIGH,False,,False,NOT AVAILABLE FROM VERIFIED DATA,POPULATION_READY
Kerala,2018,,40181,4303,,,,,,,,,NOT_AVAILABLE,,,No BRSI road year (2021-2022 only),True,JOINED,DIRECT,HIGH,False,,False,NOT AVAILABLE FROM VERIFIED DATA,POPULATION_READY
Madhya Pradesh,2018,,51397,10706,,,,,,,,,NOT_AVAILABLE,,,No BRSI road year (2021-2022 only),True,JOINED,DIRECT,HIGH,False,,False,NOT AVAILABLE FROM VERIFIED DATA,POPULATION_READY
Maharashtra,2018,,35717,13261,,,,,,,,,NOT_AVAILABLE,,,No BRSI road year (2021-2022 only),True,JOINED,DIRECT,HIGH,False,,False,NOT AVAILABLE FROM VERIFIED DATA,POPULATION_READY
Manipur,2018,,601,134,,,,,,,,,NOT_AVAILABLE,,,No BRSI road year (2021-2022 only),True,JOINED,DIRECT,HIGH,False,,False,NOT AVAILABLE FROM VERIFIED DATA,POPULATION_READY
Meghalaya,2018,,399,182,,,,,,,,,NOT_AVAILABLE,,,No BRSI road year (2021-2022 only),True,JOINED,DIRECT,HIGH,False,,False,NOT AVAILABLE FROM VERIFIED DATA,POPULATION_READY
Mizoram,2018,,53,45,,,,,,,,,NOT_AVAILABLE,,,No BRSI road year (2021-2022 only),True,JOINED,DIRECT,HIGH,False,,False,NOT AVAILABLE FROM VERIFIED DATA,POPULATION_READY
Nagaland,2018,,430,39,,,,,,,,,NOT_AVAILABLE,,,No BRSI road year (2021-2022 only),True,JOINED,DIRECT,HIGH,False,,False,NOT AVAILABLE FROM VERIFIED DATA,POPULATION_READY
Odisha,2018,,11262,5315,,,,,,,,,NOT_AVAILABLE,,,No BRSI road year (2021-2022 only),True,JOINED,DIRECT,HIGH,False,,False,NOT AVAILABLE FROM VERIFIED DATA,POPULATION_READY
Punjab,2018,,6428,4740,,,,,,,,,NOT_AVAILABLE,,,No BRSI road year (2021-2022 only),True,JOINED,DIRECT,HIGH,False,,False,NOT AVAILABLE FROM VERIFIED DATA,POPULATION_READY
Rajasthan,2018,,21743,10320,,,,,,,,,NOT_AVAILABLE,,,No BRSI road year (2021-2022 only),True,JOINED,DIRECT,HIGH,False,,False,NOT AVAILABLE FROM VERIFIED DATA,POPULATION_READY
Sikkim,2018,,180,85,,,,,,,,,NOT_AVAILABLE,,,No BRSI road year (2021-2022 only),True,JOINED,DIRECT,HIGH,False,,False,NOT AVAILABLE FROM VERIFIED DATA,POPULATION_READY
Tamil Nadu,2018,,67279,18392,,,,,,,,,NOT_AVAILABLE,,,No BRSI road year (2021-2022 only),True,JOINED,DIRECT,HIGH,False,,False,NOT AVAILABLE FROM VERIFIED DATA,POPULATION_READY
Telangana,2018,,22230,6603,,,,,,,,,NOT_AVAILABLE,,,No BRSI road year (2021-2022 only),True,JOINED,DIRECT,HIGH,False,,False,NOT AVAILABLE FROM VERIFIED DATA,POPULATION_READY
Tripura,2018,,552,213,,,,,,,,,NOT_AVAILABLE,,,No BRSI road year (2021-2022 only),True,JOINED,DIRECT,HIGH,False,,False,NOT AVAILABLE FROM VERIFIED DATA,POPULATION_READY
Uttarakhand,2018,,1468,1047,,,,,,,,,NOT_AVAILABLE,,,No BRSI road year (2021-2022 only),True,JOINED,DIRECT,HIGH,False,,False,NOT AVAILABLE FROM VERIFIED DATA,POPULATION_READY
Uttar Pradesh,2018,,42568,22256,,,,,,,,,NOT_AVAILABLE,,,No BRSI road year (2021-2022 only),True,JOINED,DIRECT,HIGH,False,,False,NOT AVAILABLE FROM VERIFIED DATA,POPULATION_READY
West Bengal,2018,,12705,5711,,,,,,,,,NOT_AVAILABLE,,,No BRSI road year (2021-2022 only),True,JOINED,DIRECT,HIGH,False,,False,NOT AVAILABLE FROM VERIFIED DATA,POPULATION_READY
Andaman & Nicobar Islands,2018,,254,19,,,,,,,,,NOT_AVAILABLE,,,No BRSI road year (2021-2022 only),True,JOINED,DIRECT,HIGH,False,,False,NOT AVAILABLE FROM VERIFIED DATA,POPULATION_READY
Chandigarh,2018,,316,98,,,,,,,,,NOT_AVAILABLE,,,No BRSI road year (2021-2022 only),True,JOINED,DIRECT,HIGH,False,,False,NOT AVAILABLE FROM VERIFIED DATA,POPULATION_READY
Dadra & Nagar Haveli,2018,,80,54,,,,,,,,,NOT_AVAILABLE,,,No BRSI road year (2021-2022 only),True,JOINED,DIRECT,HIGH,False,,False,NOT AVAILABLE FROM VERIFIED DATA,POPULATION_READY
Daman & Diu,2018,,76,35,,,,,,,,,NOT_AVAILABLE,,,No BRSI road year (2021-2022 only),True,JOINED,DIRECT,HIGH,False,,False,NOT AVAILABLE FROM VERIFIED DATA,POPULATION_READY
Delhi,2018,,6515,1690,,,,,,,,,NOT_AVAILABLE,,,No BRSI road year (2021-2022 only),True,JOINED,DIRECT,HIGH,False,,False,NOT AVAILABLE FROM VERIFIED DATA,POPULATION_READY
Jammu & Kashmir,2018,,5978,984,,,,,,,,,NOT_AVAILABLE,,,No BRSI road year (2021-2022 only),True,JOINED,DIRECT,HIGH,False,,False,NOT AVAILABLE FROM VERIFIED DATA,POPULATION_READY
Ladakh,2018,,0,0,,,,,,,,,NOT_AVAILABLE,,,No BRSI road year (2021-2022 only),True,JOINED,DIRECT,HIGH,False,,False,NOT AVAILABLE FROM VERIFIED DATA,POPULATION_READY
Lakshadweep,2018,,3,1,,,,,,,,,NOT_AVAILABLE,,,No BRSI road year (2021-2022 only),True,JOINED,DIRECT,HIGH,False,,False,NOT AVAILABLE FROM VERIFIED DATA,POPULATION_READY
Puducherry,2018,,1597,226,,,,,,,,,NOT_AVAILABLE,,,No BRSI road year (2021-2022 only),True,JOINED,DIRECT,HIGH,False,,False,NOT AVAILABLE FROM VERIFIED DATA,POPULATION_READY
Andhra Pradesh,2019,,21992,7984,,,,,,,,,NOT_AVAILABLE,,,No BRSI road year (2021-2022 only),True,JOINED,DIRECT,HIGH,False,,False,NOT AVAILABLE FROM VERIFIED DATA,POPULATION_READY
Arunachal Pradesh,2019,,237,127,,,,,,,,,NOT_AVAILABLE,,,No BRSI road year (2021-2022 only),True,JOINED,DIRECT,HIGH,False,,False,NOT AVAILABLE FROM VERIFIED DATA,POPULATION_READY
Assam,2019,,8350,3208,,,,,,,,,NOT_AVAILABLE,,,No BRSI road year (2021-2022 only),True,JOINED,DIRECT,HIGH,False,,False,NOT AVAILABLE FROM VERIFIED DATA,POPULATION_READY
Bihar,2019,,10007,7205,,,,,,,,,NOT_AVAILABLE,,,No BRSI road year (2021-2022 only),True,JOINED,DIRECT,HIGH,False,,False,NOT AVAILABLE FROM VERIFIED DATA,POPULATION_READY
Chhattisgarh,2019,,13899,5003,,,,,,,,,NOT_AVAILABLE,,,No BRSI road year (2021-2022 only),True,JOINED,DIRECT,HIGH,False,,False,NOT AVAILABLE FROM VERIFIED DATA,POPULATION_READY
Goa,2019,,3440,297,,,,,,,,,NOT_AVAILABLE,,,No BRSI road year (2021-2022 only),True,JOINED,DIRECT,HIGH,False,,False,NOT AVAILABLE FROM VERIFIED DATA,POPULATION_READY
Gujarat,2019,,17046,7390,,,,,,,,,NOT_AVAILABLE,,,No BRSI road year (2021-2022 only),True,JOINED,DIRECT,HIGH,False,,False,NOT AVAILABLE FROM VERIFIED DATA,POPULATION_READY
Haryana,2019,,10944,5057,,,,,,,,,NOT_AVAILABLE,,,No BRSI road year (2021-2022 only),True,JOINED,DIRECT,HIGH,False,,False,NOT AVAILABLE FROM VERIFIED DATA,POPULATION_READY
Himachal Pradesh,2019,,2873,1146,,,,,,,,,NOT_AVAILABLE,,,No BRSI road year (2021-2022 only),True,JOINED,DIRECT,HIGH,False,,False,NOT AVAILABLE FROM VERIFIED DATA,POPULATION_READY
Jharkhand,2019,,5217,3801,,,,,,,,,NOT_AVAILABLE,,,No BRSI road year (2021-2022 only),True,JOINED,DIRECT,HIGH,False,,False,NOT AVAILABLE FROM VERIFIED DATA,POPULATION_READY
Karnataka,2019,,40658,10958,,,,,,,,,NOT_AVAILABLE,,,No BRSI road year (2021-2022 only),True,JOINED,DIRECT,HIGH,False,,False,NOT AVAILABLE FROM VERIFIED DATA,POPULATION_READY
Kerala,2019,,41111,4440,,,,,,,,,NOT_AVAILABLE,,,No BRSI road year (2021-2022 only),True,JOINED,DIRECT,HIGH,False,,False,NOT AVAILABLE FROM VERIFIED DATA,POPULATION_READY
Madhya Pradesh,2019,,50669,11249,,,,,,,,,NOT_AVAILABLE,,,No BRSI road year (2021-2022 only),True,JOINED,DIRECT,HIGH,False,,False,NOT AVAILABLE FROM VERIFIED DATA,POPULATION_READY
Maharashtra,2019,,32925,12788,,,,,,,,,NOT_AVAILABLE,,,No BRSI road year (2021-2022 only),True,JOINED,DIRECT,HIGH,False,,False,NOT AVAILABLE FROM VERIFIED DATA,POPULATION_READY
Manipur,2019,,672,156,,,,,,,,,NOT_AVAILABLE,,,No BRSI road year (2021-2022 only),True,JOINED,DIRECT,HIGH,False,,False,NOT AVAILABLE FROM VERIFIED DATA,POPULATION_READY
Meghalaya,2019,,482,179,,,,,,,,,NOT_AVAILABLE,,,No BRSI road year (2021-2022 only),True,JOINED,DIRECT,HIGH,False,,False,NOT AVAILABLE FROM VERIFIED DATA,POPULATION_READY
Mizoram,2019,,62,48,,,,,,,,,NOT_AVAILABLE,,,No BRSI road year (2021-2022 only),True,JOINED,DIRECT,HIGH,False,,False,NOT AVAILABLE FROM VERIFIED DATA,POPULATION_READY
Nagaland,2019,,358,26,,,,,,,,,NOT_AVAILABLE,,,No BRSI road year (2021-2022 only),True,JOINED,DIRECT,HIGH,False,,False,NOT AVAILABLE FROM VERIFIED DATA,POPULATION_READY
Odisha,2019,,11064,5333,,,,,,,,,NOT_AVAILABLE,,,No BRSI road year (2021-2022 only),True,JOINED,DIRECT,HIGH,False,,False,NOT AVAILABLE FROM VERIFIED DATA,POPULATION_READY
Punjab,2019,,6348,4525,,,,,,,,,NOT_AVAILABLE,,,No BRSI road year (2021-2022 only),True,JOINED,DIRECT,HIGH,False,,False,NOT AVAILABLE FROM VERIFIED DATA,POPULATION_READY
Rajasthan,2019,,23480,10563,,,,,,,,,NOT_AVAILABLE,,,No BRSI road year (2021-2022 only),True,JOINED,DIRECT,HIGH,False,,False,NOT AVAILABLE FROM VERIFIED DATA,POPULATION_READY
Sikkim,2019,,162,73,,,,,,,,,NOT_AVAILABLE,,,No BRSI road year (2021-2022 only),True,JOINED,DIRECT,HIGH,False,,False,NOT AVAILABLE FROM VERIFIED DATA,POPULATION_READY
Tamil Nadu,2019,,62685,18129,,,,,,,,,NOT_AVAILABLE,,,No BRSI road year (2021-2022 only),True,JOINED,DIRECT,HIGH,False,,False,NOT AVAILABLE FROM VERIFIED DATA,POPULATION_READY
Telangana,2019,,21570,6964,,,,,,,,,NOT_AVAILABLE,,,No BRSI road year (2021-2022 only),True,JOINED,DIRECT,HIGH,False,,False,NOT AVAILABLE FROM VERIFIED DATA,POPULATION_READY
Tripura,2019,,655,239,,,,,,,,,NOT_AVAILABLE,,,No BRSI road year (2021-2022 only),True,JOINED,DIRECT,HIGH,False,,False,NOT AVAILABLE FROM VERIFIED DATA,POPULATION_READY
Uttarakhand,2019,,1352,867,,,,,,,,,NOT_AVAILABLE,,,No BRSI road year (2021-2022 only),True,JOINED,DIRECT,HIGH,False,,False,NOT AVAILABLE FROM VERIFIED DATA,POPULATION_READY
Uttar Pradesh,2019,,42572,22655,,,,,,,,,NOT_AVAILABLE,,,No BRSI road year (2021-2022 only),True,JOINED,DIRECT,HIGH,False,,False,NOT AVAILABLE FROM VERIFIED DATA,POPULATION_READY
West Bengal,2019,,12658,5767,,,,,,,,,NOT_AVAILABLE,,,No BRSI road year (2021-2022 only),True,JOINED,DIRECT,HIGH,False,,False,NOT AVAILABLE FROM VERIFIED DATA,POPULATION_READY
Andaman & Nicobar Islands,2019,,230,20,,,,,,,,,NOT_AVAILABLE,,,No BRSI road year (2021-2022 only),True,JOINED,DIRECT,HIGH,False,,False,NOT AVAILABLE FROM VERIFIED DATA,POPULATION_READY
Chandigarh,2019,,305,104,,,,,,,,,NOT_AVAILABLE,,,No BRSI road year (2021-2022 only),True,JOINED,DIRECT,HIGH,False,,False,NOT AVAILABLE FROM VERIFIED DATA,POPULATION_READY
Dadra & Nagar Haveli,2019,,68,49,,,,,,,,,NOT_AVAILABLE,,,No BRSI road year (2021-2022 only),True,JOINED,DIRECT,HIGH,False,,False,NOT AVAILABLE FROM VERIFIED DATA,POPULATION_READY
Daman & Diu,2019,,69,28,,,,,,,,,NOT_AVAILABLE,,,No BRSI road year (2021-2022 only),True,JOINED,DIRECT,HIGH,False,,False,NOT AVAILABLE FROM VERIFIED DATA,POPULATION_READY
Delhi,2019,,5610,1463,,,,,,,,,NOT_AVAILABLE,,,No BRSI road year (2021-2022 only),True,JOINED,DIRECT,HIGH,False,,False,NOT AVAILABLE FROM VERIFIED DATA,POPULATION_READY
Jammu & Kashmir,2019,,5796,996,,,,,,,,,NOT_AVAILABLE,,,No BRSI road year (2021-2022 only),True,JOINED,DIRECT,HIGH,False,,False,NOT AVAILABLE FROM VERIFIED DATA,POPULATION_READY
Ladakh,2019,,0,0,,,,,,,,,NOT_AVAILABLE,,,No BRSI road year (2021-2022 only),True,JOINED,DIRECT,HIGH,False,,False,NOT AVAILABLE FROM VERIFIED DATA,POPULATION_READY
Lakshadweep,2019,,1,0,,,,,,,,,NOT_AVAILABLE,,,No BRSI road year (2021-2022 only),True,JOINED,DIRECT,HIGH,False,,False,NOT AVAILABLE FROM VERIFIED DATA,POPULATION_READY
Puducherry,2019,,1392,147,,,,,,,,,NOT_AVAILABLE,,,No BRSI road year (2021-2022 only),True,JOINED,DIRECT,HIGH,False,,False,NOT AVAILABLE FROM VERIFIED DATA,POPULATION_READY
Andhra Pradesh,2020,,19509,7039,,,,,,,,,NOT_AVAILABLE,,,No BRSI road year (2021-2022 only),True,JOINED,DIRECT,HIGH,False,,False,NOT AVAILABLE FROM VERIFIED DATA,POPULATION_READY
Arunachal Pradesh,2020,,134,73,,,,,,,,,NOT_AVAILABLE,,,No BRSI road year (2021-2022 only),True,JOINED,DIRECT,HIGH,False,,False,NOT AVAILABLE FROM VERIFIED DATA,POPULATION_READY
Assam,2020,,6595,2629,,,,,,,,,NOT_AVAILABLE,,,No BRSI road year (2021-2022 only),True,JOINED,DIRECT,HIGH,False,,False,NOT AVAILABLE FROM VERIFIED DATA,POPULATION_READY
Bihar,2020,,8639,6699,,,,,,,,,NOT_AVAILABLE,,,No BRSI road year (2021-2022 only),True,JOINED,DIRECT,HIGH,False,,False,NOT AVAILABLE FROM VERIFIED DATA,POPULATION_READY
Chhattisgarh,2020,,11656,4606,,,,,,,,,NOT_AVAILABLE,,,No BRSI road year (2021-2022 only),True,JOINED,DIRECT,HIGH,False,,False,NOT AVAILABLE FROM VERIFIED DATA,POPULATION_READY
Goa,2020,,2375,223,,,,,,,,,NOT_AVAILABLE,,,No BRSI road year (2021-2022 only),True,JOINED,DIRECT,HIGH,False,,False,NOT AVAILABLE FROM VERIFIED DATA,POPULATION_READY
Gujarat,2020,,13398,6170,,,,,,,,,NOT_AVAILABLE,,,No BRSI road year (2021-2022 only),True,JOINED,DIRECT,HIGH,False,,False,NOT AVAILABLE FROM VERIFIED DATA,POPULATION_READY
Haryana,2020,,9431,4507,,,,,,,,,NOT_AVAILABLE,,,No BRSI road year (2021-2022 only),True,JOINED,DIRECT,HIGH,False,,False,NOT AVAILABLE FROM VERIFIED DATA,POPULATION_READY
Himachal Pradesh,2020,,2239,893,,,,,,,,,NOT_AVAILABLE,,,No BRSI road year (2021-2022 only),True,JOINED,DIRECT,HIGH,False,,False,NOT AVAILABLE FROM VERIFIED DATA,POPULATION_READY
Jharkhand,2020,,4405,3044,,,,,,,,,NOT_AVAILABLE,,,No BRSI road year (2021-2022 only),True,JOINED,DIRECT,HIGH,False,,False,NOT AVAILABLE FROM VERIFIED DATA,POPULATION_READY
Karnataka,2020,,34178,9760,,,,,,,,,NOT_AVAILABLE,,,No BRSI road year (2021-2022 only),True,JOINED,DIRECT,HIGH,False,,False,NOT AVAILABLE FROM VERIFIED DATA,POPULATION_READY
Kerala,2020,,27877,2979,,,,,,,,,NOT_AVAILABLE,,,No BRSI road year (2021-2022 only),True,JOINED,DIRECT,HIGH,False,,False,NOT AVAILABLE FROM VERIFIED DATA,POPULATION_READY
Madhya Pradesh,2020,,45266,11141,,,,,,,,,NOT_AVAILABLE,,,No BRSI road year (2021-2022 only),True,JOINED,DIRECT,HIGH,False,,False,NOT AVAILABLE FROM VERIFIED DATA,POPULATION_READY
Maharashtra,2020,,24971,11569,,,,,,,,,NOT_AVAILABLE,,,No BRSI road year (2021-2022 only),True,JOINED,DIRECT,HIGH,False,,False,NOT AVAILABLE FROM VERIFIED DATA,POPULATION_READY
Manipur,2020,,432,127,,,,,,,,,NOT_AVAILABLE,,,No BRSI road year (2021-2022 only),True,JOINED,DIRECT,HIGH,False,,False,NOT AVAILABLE FROM VERIFIED DATA,POPULATION_READY
Meghalaya,2020,,214,144,,,,,,,,,NOT_AVAILABLE,,,No BRSI road year (2021-2022 only),True,JOINED,DIRECT,HIGH,False,,False,NOT AVAILABLE FROM VERIFIED DATA,POPULATION_READY
Mizoram,2020,,53,42,,,,,,,,,NOT_AVAILABLE,,,No BRSI road year (2021-2022 only),True,JOINED,DIRECT,HIGH,False,,False,NOT AVAILABLE FROM VERIFIED DATA,POPULATION_READY
Nagaland,2020,,500,53,,,,,,,,,NOT_AVAILABLE,,,No BRSI road year (2021-2022 only),True,JOINED,DIRECT,HIGH,False,,False,NOT AVAILABLE FROM VERIFIED DATA,POPULATION_READY
Odisha,2020,,9817,4738,,,,,,,,,NOT_AVAILABLE,,,No BRSI road year (2021-2022 only),True,JOINED,DIRECT,HIGH,False,,False,NOT AVAILABLE FROM VERIFIED DATA,POPULATION_READY
Punjab,2020,,5203,3898,,,,,,,,,NOT_AVAILABLE,,,No BRSI road year (2021-2022 only),True,JOINED,DIRECT,HIGH,False,,False,NOT AVAILABLE FROM VERIFIED DATA,POPULATION_READY
Rajasthan,2020,,19114,9250,,,,,,,,,NOT_AVAILABLE,,,No BRSI road year (2021-2022 only),True,JOINED,DIRECT,HIGH,False,,False,NOT AVAILABLE FROM VERIFIED DATA,POPULATION_READY
Sikkim,2020,,138,47,,,,,,,,,NOT_AVAILABLE,,,No BRSI road year (2021-2022 only),True,JOINED,DIRECT,HIGH,False,,False,NOT AVAILABLE FROM VERIFIED DATA,POPULATION_READY
Tamil Nadu,2020,,49844,14527,,,,,,,,,NOT_AVAILABLE,,,No BRSI road year (2021-2022 only),True,JOINED,DIRECT,HIGH,False,,False,NOT AVAILABLE FROM VERIFIED DATA,POPULATION_READY
Telangana,2020,,19172,6882,,,,,,,,,NOT_AVAILABLE,,,No BRSI road year (2021-2022 only),True,JOINED,DIRECT,HIGH,False,,False,NOT AVAILABLE FROM VERIFIED DATA,POPULATION_READY
Tripura,2020,,466,192,,,,,,,,,NOT_AVAILABLE,,,No BRSI road year (2021-2022 only),True,JOINED,DIRECT,HIGH,False,,False,NOT AVAILABLE FROM VERIFIED DATA,POPULATION_READY
Uttarakhand,2020,,1041,674,,,,,,,,,NOT_AVAILABLE,,,No BRSI road year (2021-2022 only),True,JOINED,DIRECT,HIGH,False,,False,NOT AVAILABLE FROM VERIFIED DATA,POPULATION_READY
Uttar Pradesh,2020,,34243,19149,,,,,,,,,NOT_AVAILABLE,,,No BRSI road year (2021-2022 only),True,JOINED,DIRECT,HIGH,False,,False,NOT AVAILABLE FROM VERIFIED DATA,POPULATION_READY
West Bengal,2020,,10863,5128,,,,,,,,,NOT_AVAILABLE,,,No BRSI road year (2021-2022 only),True,JOINED,DIRECT,HIGH,False,,False,NOT AVAILABLE FROM VERIFIED DATA,POPULATION_READY
Andaman & Nicobar Islands,2020,,141,14,,,,,,,,,NOT_AVAILABLE,,,No BRSI road year (2021-2022 only),True,JOINED,DIRECT,HIGH,False,,False,NOT AVAILABLE FROM VERIFIED DATA,POPULATION_READY
Chandigarh,2020,,159,53,,,,,,,,,NOT_AVAILABLE,,,No BRSI road year (2021-2022 only),True,JOINED,DIRECT,HIGH,False,,False,NOT AVAILABLE FROM VERIFIED DATA,POPULATION_READY
Dadra & Nagar Haveli and Daman & Diu,2020,,100,64,,,,,,,,,NOT_AVAILABLE,,,No BRSI road year (2021-2022 only),True,JOINED_WITH_TRANSFORMATION,SUM,MEDIUM,False,,False,NOT AVAILABLE FROM VERIFIED DATA,POPULATION_READY
Delhi,2020,,4178,1196,,,,,,,,,NOT_AVAILABLE,,,No BRSI road year (2021-2022 only),True,JOINED,DIRECT,HIGH,False,,False,NOT AVAILABLE FROM VERIFIED DATA,POPULATION_READY
Jammu & Kashmir,2020,,4860,728,,,,,,,,,NOT_AVAILABLE,,,No BRSI road year (2021-2022 only),True,JOINED,DIRECT,HIGH,False,,False,NOT AVAILABLE FROM VERIFIED DATA,POPULATION_READY
Ladakh,2020,,0,0,,,,,,,,,NOT_AVAILABLE,,,No BRSI road year (2021-2022 only),True,JOINED,DIRECT,HIGH,False,,False,NOT AVAILABLE FROM VERIFIED DATA,POPULATION_READY
Lakshadweep,2020,,1,0,,,,,,,,,NOT_AVAILABLE,,,No BRSI road year (2021-2022 only),True,JOINED,DIRECT,HIGH,False,,False,NOT AVAILABLE FROM VERIFIED DATA,POPULATION_READY
Puducherry,2020,,969,145,,,,,,,,,NOT_AVAILABLE,,,No BRSI road year (2021-2022 only),True,JOINED,DIRECT,HIGH,False,,False,NOT AVAILABLE FROM VERIFIED DATA,POPULATION_READY
Andhra Pradesh,2023,,19949,8137,,,,,,,,,NOT_AVAILABLE,,,No BRSI road year (2021-2022 only),True,JOINED,DIRECT,HIGH,False,,False,NOT AVAILABLE FROM VERIFIED DATA,POPULATION_READY
Arunachal Pradesh,2023,,287,145,,,,,,,,,NOT_AVAILABLE,,,No BRSI road year (2021-2022 only),True,JOINED,DIRECT,HIGH,False,,False,NOT AVAILABLE FROM VERIFIED DATA,POPULATION_READY
Assam,2023,,7421,3296,,,,,,,,,NOT_AVAILABLE,,,No BRSI road year (2021-2022 only),True,JOINED,DIRECT,HIGH,False,,False,NOT AVAILABLE FROM VERIFIED DATA,POPULATION_READY
Bihar,2023,,11014,8873,,,,,,,,,NOT_AVAILABLE,,,No BRSI road year (2021-2022 only),True,JOINED,DIRECT,HIGH,False,,False,NOT AVAILABLE FROM VERIFIED DATA,POPULATION_READY
Chhattisgarh,2023,,13468,6166,,,,,,,,,NOT_AVAILABLE,,,No BRSI road year (2021-2022 only),True,JOINED,DIRECT,HIGH,False,,False,NOT AVAILABLE FROM VERIFIED DATA,POPULATION_READY
Goa,2023,,2846,290,,,,,,,,,NOT_AVAILABLE,,,No BRSI road year (2021-2022 only),True,JOINED,DIRECT,HIGH,False,,False,NOT AVAILABLE FROM VERIFIED DATA,POPULATION_READY
Gujarat,2023,,16349,7854,,,,,,,,,NOT_AVAILABLE,,,No BRSI road year (2021-2022 only),True,JOINED,DIRECT,HIGH,False,,False,NOT AVAILABLE FROM VERIFIED DATA,POPULATION_READY
Haryana,2023,,10463,4968,,,,,,,,,NOT_AVAILABLE,,,No BRSI road year (2021-2022 only),True,JOINED,DIRECT,HIGH,False,,False,NOT AVAILABLE FROM VERIFIED DATA,POPULATION_READY
Himachal Pradesh,2023,,2253,889,,,,,,,,,NOT_AVAILABLE,,,No BRSI road year (2021-2022 only),True,JOINED,DIRECT,HIGH,False,,False,NOT AVAILABLE FROM VERIFIED DATA,POPULATION_READY
Jharkhand,2023,,5315,4173,,,,,,,,,NOT_AVAILABLE,,,No BRSI road year (2021-2022 only),True,JOINED,DIRECT,HIGH,False,,False,NOT AVAILABLE FROM VERIFIED DATA,POPULATION_READY
Karnataka,2023,,43440,12321,,,,,,,,,NOT_AVAILABLE,,,No BRSI road year (2021-2022 only),True,JOINED,DIRECT,HIGH,False,,False,NOT AVAILABLE FROM VERIFIED DATA,POPULATION_READY
Kerala,2023,,48091,4080,,,,,,,,,NOT_AVAILABLE,,,No BRSI road year (2021-2022 only),True,JOINED,DIRECT,HIGH,False,,False,NOT AVAILABLE FROM VERIFIED DATA,POPULATION_READY
Madhya Pradesh,2023,,55327,13798,,,,,,,,,NOT_AVAILABLE,,,No BRSI road year (2021-2022 only),True,JOINED,DIRECT,HIGH,False,,False,NOT AVAILABLE FROM VERIFIED DATA,POPULATION_READY
Maharashtra,2023,,35243,15366,,,,,,,,,NOT_AVAILABLE,,,No BRSI road year (2021-2022 only),True,JOINED,DIRECT,HIGH,False,,False,NOT AVAILABLE FROM VERIFIED DATA,POPULATION_READY
Manipur,2023,,398,73,,,,,,,,,NOT_AVAILABLE,,,No BRSI road year (2021-2022 only),True,JOINED,DIRECT,HIGH,False,,False,NOT AVAILABLE FROM VERIFIED DATA,POPULATION_READY
Meghalaya,2023,,223,168,,,,,,,,,NOT_AVAILABLE,,,No BRSI road year (2021-2022 only),True,JOINED,DIRECT,HIGH,False,,False,NOT AVAILABLE FROM VERIFIED DATA,POPULATION_READY
Mizoram,2023,,106,96,,,,,,,,,NOT_AVAILABLE,,,No BRSI road year (2021-2022 only),True,JOINED,DIRECT,HIGH,False,,False,NOT AVAILABLE FROM VERIFIED DATA,POPULATION_READY
Nagaland,2023,,303,86,,,,,,,,,NOT_AVAILABLE,,,No BRSI road year (2021-2022 only),True,JOINED,DIRECT,HIGH,False,,False,NOT AVAILABLE FROM VERIFIED DATA,POPULATION_READY
Odisha,2023,,11992,5739,,,,,,,,,NOT_AVAILABLE,,,No BRSI road year (2021-2022 only),True,JOINED,DIRECT,HIGH,False,,False,NOT AVAILABLE FROM VERIFIED DATA,POPULATION_READY
Punjab,2023,,6269,4829,,,,,,,,,NOT_AVAILABLE,,,No BRSI road year (2021-2022 only),True,JOINED,DIRECT,HIGH,False,,False,NOT AVAILABLE FROM VERIFIED DATA,POPULATION_READY
Rajasthan,2023,,24694,11762,,,,,,,,,NOT_AVAILABLE,,,No BRSI road year (2021-2022 only),True,JOINED,DIRECT,HIGH,False,,False,NOT AVAILABLE FROM VERIFIED DATA,POPULATION_READY
Sikkim,2023,,182,57,,,,,,,,,NOT_AVAILABLE,,,No BRSI road year (2021-2022 only),True,JOINED,DIRECT,HIGH,False,,False,NOT AVAILABLE FROM VERIFIED DATA,POPULATION_READY
Tamil Nadu,2023,,67213,18347,,,,,,,,,NOT_AVAILABLE,,,No BRSI road year (2021-2022 only),True,JOINED,DIRECT,HIGH,False,,False,NOT AVAILABLE FROM VERIFIED DATA,POPULATION_READY
Telangana,2023,,22903,7660,,,,,,,,,NOT_AVAILABLE,,,No BRSI road year (2021-2022 only),True,JOINED,DIRECT,HIGH,False,,False,NOT AVAILABLE FROM VERIFIED DATA,POPULATION_READY
Tripura,2023,,577,261,,,,,,,,,NOT_AVAILABLE,,,No BRSI road year (2021-2022 only),True,JOINED,DIRECT,HIGH,False,,False,NOT AVAILABLE FROM VERIFIED DATA,POPULATION_READY
Uttarakhand,2023,,1691,1054,,,,,,,,,NOT_AVAILABLE,,,No BRSI road year (2021-2022 only),True,JOINED,DIRECT,HIGH,False,,False,NOT AVAILABLE FROM VERIFIED DATA,POPULATION_READY
Uttar Pradesh,2023,,44534,23652,,,,,,,,,NOT_AVAILABLE,,,No BRSI road year (2021-2022 only),True,JOINED,DIRECT,HIGH,False,,False,NOT AVAILABLE FROM VERIFIED DATA,POPULATION_READY
West Bengal,2023,,13795,6027,,,,,,,,,NOT_AVAILABLE,,,No BRSI road year (2021-2022 only),True,JOINED,DIRECT,HIGH,False,,False,NOT AVAILABLE FROM VERIFIED DATA,POPULATION_READY
Andaman & Nicobar Islands,2023,,143,24,,,,,,,,,NOT_AVAILABLE,,,No BRSI road year (2021-2022 only),True,JOINED,DIRECT,HIGH,False,,False,NOT AVAILABLE FROM VERIFIED DATA,POPULATION_READY
Chandigarh,2023,,182,67,,,,,,,,,NOT_AVAILABLE,,,No BRSI road year (2021-2022 only),True,JOINED,DIRECT,HIGH,False,,False,NOT AVAILABLE FROM VERIFIED DATA,POPULATION_READY
Dadra & Nagar Haveli and Daman & Diu,2023,,182,74,,,,,,,,,NOT_AVAILABLE,,,No BRSI road year (2021-2022 only),True,JOINED_WITH_TRANSFORMATION,SUM,MEDIUM,False,,False,NOT AVAILABLE FROM VERIFIED DATA,POPULATION_READY
Delhi,2023,,5834,1457,,,,,,,,,NOT_AVAILABLE,,,No BRSI road year (2021-2022 only),True,JOINED,DIRECT,HIGH,False,,False,NOT AVAILABLE FROM VERIFIED DATA,POPULATION_READY
Jammu & Kashmir,2023,,6298,893,,,,,,,,,NOT_AVAILABLE,,,No BRSI road year (2021-2022 only),True,JOINED,DIRECT,HIGH,False,,False,NOT AVAILABLE FROM VERIFIED DATA,POPULATION_READY
Ladakh,2023,,289,59,,,,,,,,,NOT_AVAILABLE,,,No BRSI road year (2021-2022 only),True,JOINED,DIRECT,HIGH,False,,False,NOT AVAILABLE FROM VERIFIED DATA,POPULATION_READY
Lakshadweep,2023,,1,0,,,,,,,,,NOT_AVAILABLE,,,No BRSI road year (2021-2022 only),True,JOINED,DIRECT,HIGH,False,,False,NOT AVAILABLE FROM VERIFIED DATA,POPULATION_READY
Puducherry,2023,,1308,149,,,,,,,,,NOT_AVAILABLE,,,No BRSI road year (2021-2022 only),True,JOINED,DIRECT,HIGH,False,,False,NOT AVAILABLE FROM VERIFIED DATA,POPULATION_READY
Andhra Pradesh,2024,,19557,8346,,,,,,,,,NOT_AVAILABLE,,,No BRSI road year (2021-2022 only),True,JOINED,DIRECT,HIGH,False,,False,NOT AVAILABLE FROM VERIFIED DATA,POPULATION_READY
Arunachal Pradesh,2024,,277,168,,,,,,,,,NOT_AVAILABLE,,,No BRSI road year (2021-2022 only),True,JOINED,DIRECT,HIGH,False,,False,NOT AVAILABLE FROM VERIFIED DATA,POPULATION_READY
Assam,2024,,7848,3351,,,,,,,,,NOT_AVAILABLE,,,No BRSI road year (2021-2022 only),True,JOINED,DIRECT,HIGH,False,,False,NOT AVAILABLE FROM VERIFIED DATA,POPULATION_READY
Bihar,2024,,11610,9347,,,,,,,,,NOT_AVAILABLE,,,No BRSI road year (2021-2022 only),True,JOINED,DIRECT,HIGH,False,,False,NOT AVAILABLE FROM VERIFIED DATA,POPULATION_READY
Chhattisgarh,2024,,14857,6945,,,,,,,,,NOT_AVAILABLE,,,No BRSI road year (2021-2022 only),True,JOINED,DIRECT,HIGH,False,,False,NOT AVAILABLE FROM VERIFIED DATA,POPULATION_READY
Goa,2024,,2682,286,,,,,,,,,NOT_AVAILABLE,,,No BRSI road year (2021-2022 only),True,JOINED,DIRECT,HIGH,False,,False,NOT AVAILABLE FROM VERIFIED DATA,POPULATION_READY
Gujarat,2024,,15588,7717,,,,,,,,,NOT_AVAILABLE,,,No BRSI road year (2021-2022 only),True,JOINED,DIRECT,HIGH,False,,False,NOT AVAILABLE FROM VERIFIED DATA,POPULATION_READY
Haryana,2024,,9806,4689,,,,,,,,,NOT_AVAILABLE,,,No BRSI road year (2021-2022 only),True,JOINED,DIRECT,HIGH,False,,False,NOT AVAILABLE FROM VERIFIED DATA,POPULATION_READY
Himachal Pradesh,2024,,2156,869,,,,,,,,,NOT_AVAILABLE,,,No BRSI road year (2021-2022 only),True,JOINED,DIRECT,HIGH,False,,False,NOT AVAILABLE FROM VERIFIED DATA,POPULATION_READY
Jharkhand,2024,,5196,4114,,,,,,,,,NOT_AVAILABLE,,,No BRSI road year (2021-2022 only),True,JOINED,DIRECT,HIGH,False,,False,NOT AVAILABLE FROM VERIFIED DATA,POPULATION_READY
Karnataka,2024,,43062,12390,,,,,,,,,NOT_AVAILABLE,,,No BRSI road year (2021-2022 only),True,JOINED,DIRECT,HIGH,False,,False,NOT AVAILABLE FROM VERIFIED DATA,POPULATION_READY
Kerala,2024,,48834,3880,,,,,,,,,NOT_AVAILABLE,,,No BRSI road year (2021-2022 only),True,JOINED,DIRECT,HIGH,False,,False,NOT AVAILABLE FROM VERIFIED DATA,POPULATION_READY
Madhya Pradesh,2024,,56669,14791,,,,,,,,,NOT_AVAILABLE,,,No BRSI road year (2021-2022 only),True,JOINED,DIRECT,HIGH,False,,False,NOT AVAILABLE FROM VERIFIED DATA,POPULATION_READY
Maharashtra,2024,,36118,15715,,,,,,,,,NOT_AVAILABLE,,,No BRSI road year (2021-2022 only),True,JOINED,DIRECT,HIGH,False,,False,NOT AVAILABLE FROM VERIFIED DATA,POPULATION_READY
Manipur,2024,,299,72,,,,,,,,,NOT_AVAILABLE,,,No BRSI road year (2021-2022 only),True,JOINED,DIRECT,HIGH,False,,False,NOT AVAILABLE FROM VERIFIED DATA,POPULATION_READY
Meghalaya,2024,,269,197,,,,,,,,,NOT_AVAILABLE,,,No BRSI road year (2021-2022 only),True,JOINED,DIRECT,HIGH,False,,False,NOT AVAILABLE FROM VERIFIED DATA,POPULATION_READY
Mizoram,2024,,118,110,,,,,,,,,NOT_AVAILABLE,,,No BRSI road year (2021-2022 only),True,JOINED,DIRECT,HIGH,False,,False,NOT AVAILABLE FROM VERIFIED DATA,POPULATION_READY
Nagaland,2024,,129,62,,,,,,,,,NOT_AVAILABLE,,,No BRSI road year (2021-2022 only),True,JOINED,DIRECT,HIGH,False,,False,NOT AVAILABLE FROM VERIFIED DATA,POPULATION_READY
Odisha,2024,,12375,6142,,,,,,,,,NOT_AVAILABLE,,,No BRSI road year (2021-2022 only),True,JOINED,DIRECT,HIGH,False,,False,NOT AVAILABLE FROM VERIFIED DATA,POPULATION_READY
Punjab,2024,,6063,4759,,,,,,,,,NOT_AVAILABLE,,,No BRSI road year (2021-2022 only),True,JOINED,DIRECT,HIGH,False,,False,NOT AVAILABLE FROM VERIFIED DATA,POPULATION_READY
Rajasthan,2024,,24838,11790,,,,,,,,,NOT_AVAILABLE,,,No BRSI road year (2021-2022 only),True,JOINED,DIRECT,HIGH,False,,False,NOT AVAILABLE FROM VERIFIED DATA,POPULATION_READY
Sikkim,2024,,149,67,,,,,,,,,NOT_AVAILABLE,,,No BRSI road year (2021-2022 only),True,JOINED,DIRECT,HIGH,False,,False,NOT AVAILABLE FROM VERIFIED DATA,POPULATION_READY
Tamil Nadu,2024,,67526,18449,,,,,,,,,NOT_AVAILABLE,,,No BRSI road year (2021-2022 only),True,JOINED,DIRECT,HIGH,False,,False,NOT AVAILABLE FROM VERIFIED DATA,POPULATION_READY
Telangana,2024,,25986,7949,,,,,,,,,NOT_AVAILABLE,,,No BRSI road year (2021-2022 only),True,JOINED,DIRECT,HIGH,False,,False,NOT AVAILABLE FROM VERIFIED DATA,POPULATION_READY
Tripura,2024,,578,226,,,,,,,,,NOT_AVAILABLE,,,No BRSI road year (2021-2022 only),True,JOINED,DIRECT,HIGH,False,,False,NOT AVAILABLE FROM VERIFIED DATA,POPULATION_READY
Uttarakhand,2024,,1747,1090,,,,,,,,,NOT_AVAILABLE,,,No BRSI road year (2021-2022 only),True,JOINED,DIRECT,HIGH,False,,False,NOT AVAILABLE FROM VERIFIED DATA,POPULATION_READY
Uttar Pradesh,2024,,46052,24118,,,,,,,,,NOT_AVAILABLE,,,No BRSI road year (2021-2022 only),True,JOINED,DIRECT,HIGH,False,,False,NOT AVAILABLE FROM VERIFIED DATA,POPULATION_READY
West Bengal,2024,,13702,6676,,,,,,,,,NOT_AVAILABLE,,,No BRSI road year (2021-2022 only),True,JOINED,DIRECT,HIGH,False,,False,NOT AVAILABLE FROM VERIFIED DATA,POPULATION_READY
Andaman & Nicobar Islands,2024,,135,29,,,,,,,,,NOT_AVAILABLE,,,No BRSI road year (2021-2022 only),True,JOINED,DIRECT,HIGH,False,,False,NOT AVAILABLE FROM VERIFIED DATA,POPULATION_READY
Chandigarh,2024,,169,75,,,,,,,,,NOT_AVAILABLE,,,No BRSI road year (2021-2022 only),True,JOINED,DIRECT,HIGH,False,,False,NOT AVAILABLE FROM VERIFIED DATA,POPULATION_READY
Dadra & Nagar Haveli and Daman & Diu,2024,,152,95,,,,,,,,,NOT_AVAILABLE,,,No BRSI road year (2021-2022 only),True,JOINED_WITH_TRANSFORMATION,SUM,MEDIUM,False,,False,NOT AVAILABLE FROM VERIFIED DATA,POPULATION_READY
Delhi,2024,,5657,1551,,,,,,,,,NOT_AVAILABLE,,,No BRSI road year (2021-2022 only),True,JOINED,DIRECT,HIGH,False,,False,NOT AVAILABLE FROM VERIFIED DATA,POPULATION_READY
Jammu & Kashmir,2024,,5808,831,,,,,,,,,NOT_AVAILABLE,,,No BRSI road year (2021-2022 only),True,JOINED,DIRECT,HIGH,False,,False,NOT AVAILABLE FROM VERIFIED DATA,POPULATION_READY
Ladakh,2024,,264,61,,,,,,,,,NOT_AVAILABLE,,,No BRSI road year (2021-2022 only),True,JOINED,DIRECT,HIGH,False,,False,NOT AVAILABLE FROM VERIFIED DATA,POPULATION_READY
Lakshadweep,2024,,0,0,,,,,,,,,NOT_AVAILABLE,,,No BRSI road year (2021-2022 only),True,JOINED,DIRECT,HIGH,False,,False,NOT AVAILABLE FROM VERIFIED DATA,POPULATION_READY
Puducherry,2024,,1431,218,,,,,,,,,NOT_AVAILABLE,,,No BRSI road year (2021-2022 only),True,JOINED,DIRECT,HIGH,False,,False,NOT AVAILABLE FROM VERIFIED DATA,POPULATION_READY
