N,slope,intercept,se,ci_lo,ci_hi,r2,p,flag,Zone,Metric
7,0.4448582652488839,-842.1114729863093,0.7213539922307048,-1.409441204243105,2.2991577347408727,0.07068683457938671,0.5644269665147232,NEAR-ZERO SLOPE,Central,Acc_per_Lakh_ProjPop
7,0.7440485511358327,-1488.0586807776176,0.11358069622034941,0.45208007655287624,1.036017025718789,0.8956451829385884,0.0012418630627791698,POSITIVE SLOPE,Central,Fat_per_Lakh_ProjPop
7,0.16248593884656432,-315.5570895974345,0.1693827557125043,-0.27292629625802245,0.5978981739511511,0.15543724820649565,0.38147278979588656,NEAR-ZERO SLOPE,East,Acc_per_Lakh_ProjPop
7,0.2120798681928909,-421.13987513494453,0.08441005414842487,-0.004903083746127801,0.4290628201319096,0.5580162407341664,0.05366415172682394,POSITIVE SLOPE,East,Fat_per_Lakh_ProjPop
7,0.018656393253126197,-15.138776492750697,0.38682001536401184,-0.9756961119021628,1.0130088984084151,0.00046501342942566757,0.9634000390662094,NEAR-ZERO SLOPE,North,Acc_per_Lakh_ProjPop
7,0.031528398985649,-52.72998669648915,0.14717206734390254,-0.34678944404163126,0.4098462420129293,0.009095256631201327,0.8388317354747991,NEAR-ZERO SLOPE,North,Fat_per_Lakh_ProjPop
7,-0.5638885444083447,1158.7389444748094,0.29840251229653597,-1.330956622226062,0.20317953340937267,0.4166328775949995,0.11740659233866856,NEAR-ZERO SLOPE,Northeast,Acc_per_Lakh_ProjPop
7,0.07138874167587736,-136.63858963563573,0.1084677192421994,-0.20743640716102,0.35021389051277474,0.07972694776719555,0.5395292013127722,NEAR-ZERO SLOPE,Northeast,Fat_per_Lakh_ProjPop
7,0.8569832872673508,-1663.103959047679,1.4393502424496025,-2.842984301092323,4.556950875627025,0.06620535364272039,0.5775020699999897,NEAR-ZERO SLOPE,South,Acc_per_Lakh_ProjPop
7,0.20016449045740264,-386.91231794666044,0.24231954447561824,-0.42273772899128764,0.8230667099060929,0.12007992417370755,0.44639472342204034,NEAR-ZERO SLOPE,South,Fat_per_Lakh_ProjPop
7,-0.24661088925243732,524.6070980798487,0.6146960350149704,-1.8267373512995841,1.3335155727947097,0.031187001947086426,0.7048502341929821,NEAR-ZERO SLOPE,West,Acc_per_Lakh_ProjPop
7,0.20705023281097734,-407.449571083078,0.1614685791565509,-0.20801796379485687,0.6221184294168116,0.24747285339209207,0.25597072082968964,NEAR-ZERO SLOPE,West,Fat_per_Lakh_ProjPop
