Tag,X,Y,N,Pearson_r,Pearson_p,Pearson_CI95,Spearman_rho,Spearman_p,Level
A,Annual_Rainfall_mm,Accidents,236,-0.234,0.000293,"(np.float64(-0.351), np.float64(-0.109))",-0.343,6.33e-08,Pooled state-year association
B,Annual_Rainfall_mm,Fatalities,236,-0.376,2.49e-09,"(np.float64(-0.48), np.float64(-0.261))",-0.393,3.69e-10,Pooled state-year association
C,Annual_Mean_Tmax_C,Accidents,236,0.452,2.73e-13,"(np.float64(0.344), np.float64(0.548))",0.608,2.95e-25,Pooled state-year association
D,Annual_Mean_Tmax_C,Fatalities,236,0.498,3.33e-16,"(np.float64(0.396), np.float64(0.588))",0.622,1.16e-26,Pooled state-year association
E,Annual_Mean_Tmin_C,Accidents,236,0.366,6.49e-09,"(np.float64(0.251), np.float64(0.472))",0.501,2.14e-16,Pooled state-year association
F,Annual_Mean_Tmin_C,Fatalities,236,0.34,8.75e-08,"(np.float64(0.222), np.float64(0.448))",0.467,3.41e-14,Pooled state-year association
G,Annual_Rainfall_mm,Acc_perlakh,236,0.275,1.78e-05,"(np.float64(0.153), np.float64(0.389))",-0.165,0.0111,Pooled state-year association
H,Annual_Rainfall_mm,Fat_perlakh,236,-0.181,0.0052,"(np.float64(-0.302), np.float64(-0.055))",-0.294,4.47e-06,Pooled state-year association
I,Annual_Mean_Tmax_C,Acc_perlakh,236,0.162,0.0127,"(np.float64(0.035), np.float64(0.284))",0.379,1.77e-09,Pooled state-year association
J,Annual_Mean_Tmax_C,Fat_perlakh,236,0.348,3.86e-08,"(np.float64(0.231), np.float64(0.456))",0.466,3.95e-14,Pooled state-year association
K,Annual_Mean_Tmin_C,Acc_perlakh,236,0.257,6.58e-05,"(np.float64(0.133), np.float64(0.372))",0.345,5.5e-08,Pooled state-year association
L,Annual_Mean_Tmin_C,Fat_perlakh,236,0.268,3e-05,"(np.float64(0.145), np.float64(0.383))",0.353,2.58e-08,Pooled state-year association
