State_UT,Year,Accidents,Fatalities,Population_Available,Population_Join_Status,Population_Join_Type,Population_Confidence,Road_Available,Road_Join_Status,Road_Join_Type,Road_Confidence,Vehicle_Available,Vehicle_Status,Overall_Exposure_Status,Notes
Andhra Pradesh,2018,24475,7556,True,JOINED,DIRECT,HIGH,False,NOT_AVAILABLE,,,False,NOT AVAILABLE FROM VERIFIED DATA,POPULATION_READY,
Arunachal Pradesh,2018,277,175,True,JOINED,DIRECT,HIGH,False,NOT_AVAILABLE,,,False,NOT AVAILABLE FROM VERIFIED DATA,POPULATION_READY,
Assam,2018,8248,2966,True,JOINED,DIRECT,HIGH,False,NOT_AVAILABLE,,,False,NOT AVAILABLE FROM VERIFIED DATA,POPULATION_READY,
Bihar,2018,9600,6729,True,JOINED,DIRECT,HIGH,False,NOT_AVAILABLE,,,False,NOT AVAILABLE FROM VERIFIED DATA,POPULATION_READY,
Chhattisgarh,2018,13864,4592,True,JOINED,DIRECT,HIGH,False,NOT_AVAILABLE,,,False,NOT AVAILABLE FROM VERIFIED DATA,POPULATION_READY,
Goa,2018,3709,262,True,JOINED,DIRECT,HIGH,False,NOT_AVAILABLE,,,False,NOT AVAILABLE FROM VERIFIED DATA,POPULATION_READY,
Gujarat,2018,18769,7996,True,JOINED,DIRECT,HIGH,False,NOT_AVAILABLE,,,False,NOT AVAILABLE FROM VERIFIED DATA,POPULATION_READY,
Haryana,2018,11238,5118,True,JOINED,DIRECT,HIGH,False,NOT_AVAILABLE,,,False,NOT AVAILABLE FROM VERIFIED DATA,POPULATION_READY,
Himachal Pradesh,2018,3110,1208,True,JOINED,DIRECT,HIGH,False,NOT_AVAILABLE,,,False,NOT AVAILABLE FROM VERIFIED DATA,POPULATION_READY,
Jharkhand,2018,5394,3542,True,JOINED,DIRECT,HIGH,False,NOT_AVAILABLE,,,False,NOT AVAILABLE FROM VERIFIED DATA,POPULATION_READY,
Karnataka,2018,41707,10990,True,JOINED,DIRECT,HIGH,False,NOT_AVAILABLE,,,False,NOT AVAILABLE FROM VERIFIED DATA,POPULATION_READY,
Kerala,2018,40181,4303,True,JOINED,DIRECT,HIGH,False,NOT_AVAILABLE,,,False,NOT AVAILABLE FROM VERIFIED DATA,POPULATION_READY,
Madhya Pradesh,2018,51397,10706,True,JOINED,DIRECT,HIGH,False,NOT_AVAILABLE,,,False,NOT AVAILABLE FROM VERIFIED DATA,POPULATION_READY,
Maharashtra,2018,35717,13261,True,JOINED,DIRECT,HIGH,False,NOT_AVAILABLE,,,False,NOT AVAILABLE FROM VERIFIED DATA,POPULATION_READY,
Manipur,2018,601,134,True,JOINED,DIRECT,HIGH,False,NOT_AVAILABLE,,,False,NOT AVAILABLE FROM VERIFIED DATA,POPULATION_READY,
Meghalaya,2018,399,182,True,JOINED,DIRECT,HIGH,False,NOT_AVAILABLE,,,False,NOT AVAILABLE FROM VERIFIED DATA,POPULATION_READY,
Mizoram,2018,53,45,True,JOINED,DIRECT,HIGH,False,NOT_AVAILABLE,,,False,NOT AVAILABLE FROM VERIFIED DATA,POPULATION_READY,
Nagaland,2018,430,39,True,JOINED,DIRECT,HIGH,False,NOT_AVAILABLE,,,False,NOT AVAILABLE FROM VERIFIED DATA,POPULATION_READY,
Odisha,2018,11262,5315,True,JOINED,DIRECT,HIGH,False,NOT_AVAILABLE,,,False,NOT AVAILABLE FROM VERIFIED DATA,POPULATION_READY,
Punjab,2018,6428,4740,True,JOINED,DIRECT,HIGH,False,NOT_AVAILABLE,,,False,NOT AVAILABLE FROM VERIFIED DATA,POPULATION_READY,
Rajasthan,2018,21743,10320,True,JOINED,DIRECT,HIGH,False,NOT_AVAILABLE,,,False,NOT AVAILABLE FROM VERIFIED DATA,POPULATION_READY,
Sikkim,2018,180,85,True,JOINED,DIRECT,HIGH,False,NOT_AVAILABLE,,,False,NOT AVAILABLE FROM VERIFIED DATA,POPULATION_READY,
Tamil Nadu,2018,67279,18392,True,JOINED,DIRECT,HIGH,False,NOT_AVAILABLE,,,False,NOT AVAILABLE FROM VERIFIED DATA,POPULATION_READY,
Telangana,2018,22230,6603,True,JOINED,DIRECT,HIGH,False,NOT_AVAILABLE,,,False,NOT AVAILABLE FROM VERIFIED DATA,POPULATION_READY,
Tripura,2018,552,213,True,JOINED,DIRECT,HIGH,False,NOT_AVAILABLE,,,False,NOT AVAILABLE FROM VERIFIED DATA,POPULATION_READY,
Uttarakhand,2018,1468,1047,True,JOINED,DIRECT,HIGH,False,NOT_AVAILABLE,,,False,NOT AVAILABLE FROM VERIFIED DATA,POPULATION_READY,
Uttar Pradesh,2018,42568,22256,True,JOINED,DIRECT,HIGH,False,NOT_AVAILABLE,,,False,NOT AVAILABLE FROM VERIFIED DATA,POPULATION_READY,
West Bengal,2018,12705,5711,True,JOINED,DIRECT,HIGH,False,NOT_AVAILABLE,,,False,NOT AVAILABLE FROM VERIFIED DATA,POPULATION_READY,
Andaman & Nicobar Islands,2018,254,19,True,JOINED,DIRECT,HIGH,False,NOT_AVAILABLE,,,False,NOT AVAILABLE FROM VERIFIED DATA,POPULATION_READY,
Chandigarh,2018,316,98,True,JOINED,DIRECT,HIGH,False,NOT_AVAILABLE,,,False,NOT AVAILABLE FROM VERIFIED DATA,POPULATION_READY,
Dadra & Nagar Haveli,2018,80,54,True,JOINED,DIRECT,HIGH,False,NOT_AVAILABLE,,,False,NOT AVAILABLE FROM VERIFIED DATA,POPULATION_READY,
Daman & Diu,2018,76,35,True,JOINED,DIRECT,HIGH,False,NOT_AVAILABLE,,,False,NOT AVAILABLE FROM VERIFIED DATA,POPULATION_READY,
Delhi,2018,6515,1690,True,JOINED,DIRECT,HIGH,False,NOT_AVAILABLE,,,False,NOT AVAILABLE FROM VERIFIED DATA,POPULATION_READY,
Jammu & Kashmir,2018,5978,984,True,JOINED,DIRECT,HIGH,False,NOT_AVAILABLE,,,False,NOT AVAILABLE FROM VERIFIED DATA,POPULATION_READY,
Ladakh,2018,0,0,True,JOINED,DIRECT,HIGH,False,NOT_AVAILABLE,,,False,NOT AVAILABLE FROM VERIFIED DATA,POPULATION_READY,
Lakshadweep,2018,3,1,True,JOINED,DIRECT,HIGH,False,NOT_AVAILABLE,,,False,NOT AVAILABLE FROM VERIFIED DATA,POPULATION_READY,
Puducherry,2018,1597,226,True,JOINED,DIRECT,HIGH,False,NOT_AVAILABLE,,,False,NOT AVAILABLE FROM VERIFIED DATA,POPULATION_READY,
Andhra Pradesh,2019,21992,7984,True,JOINED,DIRECT,HIGH,False,NOT_AVAILABLE,,,False,NOT AVAILABLE FROM VERIFIED DATA,POPULATION_READY,
Arunachal Pradesh,2019,237,127,True,JOINED,DIRECT,HIGH,False,NOT_AVAILABLE,,,False,NOT AVAILABLE FROM VERIFIED DATA,POPULATION_READY,
Assam,2019,8350,3208,True,JOINED,DIRECT,HIGH,False,NOT_AVAILABLE,,,False,NOT AVAILABLE FROM VERIFIED DATA,POPULATION_READY,
Bihar,2019,10007,7205,True,JOINED,DIRECT,HIGH,False,NOT_AVAILABLE,,,False,NOT AVAILABLE FROM VERIFIED DATA,POPULATION_READY,
Chhattisgarh,2019,13899,5003,True,JOINED,DIRECT,HIGH,False,NOT_AVAILABLE,,,False,NOT AVAILABLE FROM VERIFIED DATA,POPULATION_READY,
Goa,2019,3440,297,True,JOINED,DIRECT,HIGH,False,NOT_AVAILABLE,,,False,NOT AVAILABLE FROM VERIFIED DATA,POPULATION_READY,
Gujarat,2019,17046,7390,True,JOINED,DIRECT,HIGH,False,NOT_AVAILABLE,,,False,NOT AVAILABLE FROM VERIFIED DATA,POPULATION_READY,
Haryana,2019,10944,5057,True,JOINED,DIRECT,HIGH,False,NOT_AVAILABLE,,,False,NOT AVAILABLE FROM VERIFIED DATA,POPULATION_READY,
Himachal Pradesh,2019,2873,1146,True,JOINED,DIRECT,HIGH,False,NOT_AVAILABLE,,,False,NOT AVAILABLE FROM VERIFIED DATA,POPULATION_READY,
Jharkhand,2019,5217,3801,True,JOINED,DIRECT,HIGH,False,NOT_AVAILABLE,,,False,NOT AVAILABLE FROM VERIFIED DATA,POPULATION_READY,
Karnataka,2019,40658,10958,True,JOINED,DIRECT,HIGH,False,NOT_AVAILABLE,,,False,NOT AVAILABLE FROM VERIFIED DATA,POPULATION_READY,
Kerala,2019,41111,4440,True,JOINED,DIRECT,HIGH,False,NOT_AVAILABLE,,,False,NOT AVAILABLE FROM VERIFIED DATA,POPULATION_READY,
Madhya Pradesh,2019,50669,11249,True,JOINED,DIRECT,HIGH,False,NOT_AVAILABLE,,,False,NOT AVAILABLE FROM VERIFIED DATA,POPULATION_READY,
Maharashtra,2019,32925,12788,True,JOINED,DIRECT,HIGH,False,NOT_AVAILABLE,,,False,NOT AVAILABLE FROM VERIFIED DATA,POPULATION_READY,
Manipur,2019,672,156,True,JOINED,DIRECT,HIGH,False,NOT_AVAILABLE,,,False,NOT AVAILABLE FROM VERIFIED DATA,POPULATION_READY,
Meghalaya,2019,482,179,True,JOINED,DIRECT,HIGH,False,NOT_AVAILABLE,,,False,NOT AVAILABLE FROM VERIFIED DATA,POPULATION_READY,
Mizoram,2019,62,48,True,JOINED,DIRECT,HIGH,False,NOT_AVAILABLE,,,False,NOT AVAILABLE FROM VERIFIED DATA,POPULATION_READY,
Nagaland,2019,358,26,True,JOINED,DIRECT,HIGH,False,NOT_AVAILABLE,,,False,NOT AVAILABLE FROM VERIFIED DATA,POPULATION_READY,
Odisha,2019,11064,5333,True,JOINED,DIRECT,HIGH,False,NOT_AVAILABLE,,,False,NOT AVAILABLE FROM VERIFIED DATA,POPULATION_READY,
Punjab,2019,6348,4525,True,JOINED,DIRECT,HIGH,False,NOT_AVAILABLE,,,False,NOT AVAILABLE FROM VERIFIED DATA,POPULATION_READY,
Rajasthan,2019,23480,10563,True,JOINED,DIRECT,HIGH,False,NOT_AVAILABLE,,,False,NOT AVAILABLE FROM VERIFIED DATA,POPULATION_READY,
Sikkim,2019,162,73,True,JOINED,DIRECT,HIGH,False,NOT_AVAILABLE,,,False,NOT AVAILABLE FROM VERIFIED DATA,POPULATION_READY,
Tamil Nadu,2019,62685,18129,True,JOINED,DIRECT,HIGH,False,NOT_AVAILABLE,,,False,NOT AVAILABLE FROM VERIFIED DATA,POPULATION_READY,
Telangana,2019,21570,6964,True,JOINED,DIRECT,HIGH,False,NOT_AVAILABLE,,,False,NOT AVAILABLE FROM VERIFIED DATA,POPULATION_READY,
Tripura,2019,655,239,True,JOINED,DIRECT,HIGH,False,NOT_AVAILABLE,,,False,NOT AVAILABLE FROM VERIFIED DATA,POPULATION_READY,
Uttarakhand,2019,1352,867,True,JOINED,DIRECT,HIGH,False,NOT_AVAILABLE,,,False,NOT AVAILABLE FROM VERIFIED DATA,POPULATION_READY,
Uttar Pradesh,2019,42572,22655,True,JOINED,DIRECT,HIGH,False,NOT_AVAILABLE,,,False,NOT AVAILABLE FROM VERIFIED DATA,POPULATION_READY,
West Bengal,2019,12658,5767,True,JOINED,DIRECT,HIGH,False,NOT_AVAILABLE,,,False,NOT AVAILABLE FROM VERIFIED DATA,POPULATION_READY,
Andaman & Nicobar Islands,2019,230,20,True,JOINED,DIRECT,HIGH,False,NOT_AVAILABLE,,,False,NOT AVAILABLE FROM VERIFIED DATA,POPULATION_READY,
Chandigarh,2019,305,104,True,JOINED,DIRECT,HIGH,False,NOT_AVAILABLE,,,False,NOT AVAILABLE FROM VERIFIED DATA,POPULATION_READY,
Dadra & Nagar Haveli,2019,68,49,True,JOINED,DIRECT,HIGH,False,NOT_AVAILABLE,,,False,NOT AVAILABLE FROM VERIFIED DATA,POPULATION_READY,
Daman & Diu,2019,69,28,True,JOINED,DIRECT,HIGH,False,NOT_AVAILABLE,,,False,NOT AVAILABLE FROM VERIFIED DATA,POPULATION_READY,
Delhi,2019,5610,1463,True,JOINED,DIRECT,HIGH,False,NOT_AVAILABLE,,,False,NOT AVAILABLE FROM VERIFIED DATA,POPULATION_READY,
Jammu & Kashmir,2019,5796,996,True,JOINED,DIRECT,HIGH,False,NOT_AVAILABLE,,,False,NOT AVAILABLE FROM VERIFIED DATA,POPULATION_READY,
Ladakh,2019,0,0,True,JOINED,DIRECT,HIGH,False,NOT_AVAILABLE,,,False,NOT AVAILABLE FROM VERIFIED DATA,POPULATION_READY,
Lakshadweep,2019,1,0,True,JOINED,DIRECT,HIGH,False,NOT_AVAILABLE,,,False,NOT AVAILABLE FROM VERIFIED DATA,POPULATION_READY,
Puducherry,2019,1392,147,True,JOINED,DIRECT,HIGH,False,NOT_AVAILABLE,,,False,NOT AVAILABLE FROM VERIFIED DATA,POPULATION_READY,
Andhra Pradesh,2020,19509,7039,True,JOINED,DIRECT,HIGH,False,NOT_AVAILABLE,,,False,NOT AVAILABLE FROM VERIFIED DATA,POPULATION_READY,
Arunachal Pradesh,2020,134,73,True,JOINED,DIRECT,HIGH,False,NOT_AVAILABLE,,,False,NOT AVAILABLE FROM VERIFIED DATA,POPULATION_READY,
Assam,2020,6595,2629,True,JOINED,DIRECT,HIGH,False,NOT_AVAILABLE,,,False,NOT AVAILABLE FROM VERIFIED DATA,POPULATION_READY,
Bihar,2020,8639,6699,True,JOINED,DIRECT,HIGH,False,NOT_AVAILABLE,,,False,NOT AVAILABLE FROM VERIFIED DATA,POPULATION_READY,
Chhattisgarh,2020,11656,4606,True,JOINED,DIRECT,HIGH,False,NOT_AVAILABLE,,,False,NOT AVAILABLE FROM VERIFIED DATA,POPULATION_READY,
Goa,2020,2375,223,True,JOINED,DIRECT,HIGH,False,NOT_AVAILABLE,,,False,NOT AVAILABLE FROM VERIFIED DATA,POPULATION_READY,
Gujarat,2020,13398,6170,True,JOINED,DIRECT,HIGH,False,NOT_AVAILABLE,,,False,NOT AVAILABLE FROM VERIFIED DATA,POPULATION_READY,
Haryana,2020,9431,4507,True,JOINED,DIRECT,HIGH,False,NOT_AVAILABLE,,,False,NOT AVAILABLE FROM VERIFIED DATA,POPULATION_READY,
Himachal Pradesh,2020,2239,893,True,JOINED,DIRECT,HIGH,False,NOT_AVAILABLE,,,False,NOT AVAILABLE FROM VERIFIED DATA,POPULATION_READY,
Jharkhand,2020,4405,3044,True,JOINED,DIRECT,HIGH,False,NOT_AVAILABLE,,,False,NOT AVAILABLE FROM VERIFIED DATA,POPULATION_READY,
Karnataka,2020,34178,9760,True,JOINED,DIRECT,HIGH,False,NOT_AVAILABLE,,,False,NOT AVAILABLE FROM VERIFIED DATA,POPULATION_READY,
Kerala,2020,27877,2979,True,JOINED,DIRECT,HIGH,False,NOT_AVAILABLE,,,False,NOT AVAILABLE FROM VERIFIED DATA,POPULATION_READY,
Madhya Pradesh,2020,45266,11141,True,JOINED,DIRECT,HIGH,False,NOT_AVAILABLE,,,False,NOT AVAILABLE FROM VERIFIED DATA,POPULATION_READY,
Maharashtra,2020,24971,11569,True,JOINED,DIRECT,HIGH,False,NOT_AVAILABLE,,,False,NOT AVAILABLE FROM VERIFIED DATA,POPULATION_READY,
Manipur,2020,432,127,True,JOINED,DIRECT,HIGH,False,NOT_AVAILABLE,,,False,NOT AVAILABLE FROM VERIFIED DATA,POPULATION_READY,
Meghalaya,2020,214,144,True,JOINED,DIRECT,HIGH,False,NOT_AVAILABLE,,,False,NOT AVAILABLE FROM VERIFIED DATA,POPULATION_READY,
Mizoram,2020,53,42,True,JOINED,DIRECT,HIGH,False,NOT_AVAILABLE,,,False,NOT AVAILABLE FROM VERIFIED DATA,POPULATION_READY,
Nagaland,2020,500,53,True,JOINED,DIRECT,HIGH,False,NOT_AVAILABLE,,,False,NOT AVAILABLE FROM VERIFIED DATA,POPULATION_READY,
Odisha,2020,9817,4738,True,JOINED,DIRECT,HIGH,False,NOT_AVAILABLE,,,False,NOT AVAILABLE FROM VERIFIED DATA,POPULATION_READY,
Punjab,2020,5203,3898,True,JOINED,DIRECT,HIGH,False,NOT_AVAILABLE,,,False,NOT AVAILABLE FROM VERIFIED DATA,POPULATION_READY,
Rajasthan,2020,19114,9250,True,JOINED,DIRECT,HIGH,False,NOT_AVAILABLE,,,False,NOT AVAILABLE FROM VERIFIED DATA,POPULATION_READY,
Sikkim,2020,138,47,True,JOINED,DIRECT,HIGH,False,NOT_AVAILABLE,,,False,NOT AVAILABLE FROM VERIFIED DATA,POPULATION_READY,
Tamil Nadu,2020,49844,14527,True,JOINED,DIRECT,HIGH,False,NOT_AVAILABLE,,,False,NOT AVAILABLE FROM VERIFIED DATA,POPULATION_READY,
Telangana,2020,19172,6882,True,JOINED,DIRECT,HIGH,False,NOT_AVAILABLE,,,False,NOT AVAILABLE FROM VERIFIED DATA,POPULATION_READY,
Tripura,2020,466,192,True,JOINED,DIRECT,HIGH,False,NOT_AVAILABLE,,,False,NOT AVAILABLE FROM VERIFIED DATA,POPULATION_READY,
Uttarakhand,2020,1041,674,True,JOINED,DIRECT,HIGH,False,NOT_AVAILABLE,,,False,NOT AVAILABLE FROM VERIFIED DATA,POPULATION_READY,
Uttar Pradesh,2020,34243,19149,True,JOINED,DIRECT,HIGH,False,NOT_AVAILABLE,,,False,NOT AVAILABLE FROM VERIFIED DATA,POPULATION_READY,
West Bengal,2020,10863,5128,True,JOINED,DIRECT,HIGH,False,NOT_AVAILABLE,,,False,NOT AVAILABLE FROM VERIFIED DATA,POPULATION_READY,
Andaman & Nicobar Islands,2020,141,14,True,JOINED,DIRECT,HIGH,False,NOT_AVAILABLE,,,False,NOT AVAILABLE FROM VERIFIED DATA,POPULATION_READY,
Chandigarh,2020,159,53,True,JOINED,DIRECT,HIGH,False,NOT_AVAILABLE,,,False,NOT AVAILABLE FROM VERIFIED DATA,POPULATION_READY,
Dadra & Nagar Haveli and Daman & Diu,2020,100,64,True,JOINED_WITH_TRANSFORMATION,SUM,MEDIUM,False,NOT_AVAILABLE,,,False,NOT AVAILABLE FROM VERIFIED DATA,POPULATION_READY,
Delhi,2020,4178,1196,True,JOINED,DIRECT,HIGH,False,NOT_AVAILABLE,,,False,NOT AVAILABLE FROM VERIFIED DATA,POPULATION_READY,
Jammu & Kashmir,2020,4860,728,True,JOINED,DIRECT,HIGH,False,NOT_AVAILABLE,,,False,NOT AVAILABLE FROM VERIFIED DATA,POPULATION_READY,
Ladakh,2020,0,0,True,JOINED,DIRECT,HIGH,False,NOT_AVAILABLE,,,False,NOT AVAILABLE FROM VERIFIED DATA,POPULATION_READY,
Lakshadweep,2020,1,0,True,JOINED,DIRECT,HIGH,False,NOT_AVAILABLE,,,False,NOT AVAILABLE FROM VERIFIED DATA,POPULATION_READY,
Puducherry,2020,969,145,True,JOINED,DIRECT,HIGH,False,NOT_AVAILABLE,,,False,NOT AVAILABLE FROM VERIFIED DATA,POPULATION_READY,
Andhra Pradesh,2021,21556,8186,True,JOINED,DIRECT,HIGH,True,JOINED,DIRECT,HIGH,False,NOT AVAILABLE FROM VERIFIED DATA,POPULATION_READY_ROAD_READY,
Arunachal Pradesh,2021,283,157,True,JOINED,DIRECT,HIGH,True,JOINED,DIRECT,HIGH,False,NOT AVAILABLE FROM VERIFIED DATA,POPULATION_READY_ROAD_READY,
Assam,2021,7411,3036,True,JOINED,DIRECT,HIGH,True,JOINED,DIRECT,HIGH,False,NOT AVAILABLE FROM VERIFIED DATA,POPULATION_READY_ROAD_READY,
Bihar,2021,9553,7660,True,JOINED,DIRECT,HIGH,True,JOINED,DIRECT,HIGH,False,NOT AVAILABLE FROM VERIFIED DATA,POPULATION_READY_ROAD_READY,
Chhattisgarh,2021,12375,5371,True,JOINED,DIRECT,HIGH,True,JOINED,DIRECT,HIGH,False,NOT AVAILABLE FROM VERIFIED DATA,POPULATION_READY_ROAD_READY,
Goa,2021,2849,226,True,JOINED,DIRECT,HIGH,True,JOINED,DIRECT,HIGH,False,NOT AVAILABLE FROM VERIFIED DATA,POPULATION_READY_ROAD_READY,
Gujarat,2021,15186,7452,True,JOINED,DIRECT,HIGH,True,JOINED,DIRECT,HIGH,False,NOT AVAILABLE FROM VERIFIED DATA,POPULATION_READY_ROAD_READY,
Haryana,2021,9933,4706,True,JOINED,DIRECT,HIGH,True,JOINED,DIRECT,HIGH,False,NOT AVAILABLE FROM VERIFIED DATA,POPULATION_READY_ROAD_READY,
Himachal Pradesh,2021,2404,1052,True,JOINED,DIRECT,HIGH,True,JOINED,DIRECT,HIGH,False,NOT AVAILABLE FROM VERIFIED DATA,POPULATION_READY_ROAD_READY,
Jharkhand,2021,4728,3513,True,JOINED,DIRECT,HIGH,True,JOINED,DIRECT,HIGH,False,NOT AVAILABLE FROM VERIFIED DATA,POPULATION_READY_ROAD_READY,
Karnataka,2021,34647,10038,True,JOINED,DIRECT,HIGH,True,JOINED,DIRECT,HIGH,False,NOT AVAILABLE FROM VERIFIED DATA,POPULATION_READY_ROAD_READY,
Kerala,2021,33296,3429,True,JOINED,DIRECT,HIGH,True,JOINED,DIRECT,HIGH,False,NOT AVAILABLE FROM VERIFIED DATA,POPULATION_READY_ROAD_READY,
Madhya Pradesh,2021,48877,12057,True,JOINED,DIRECT,HIGH,True,JOINED,DIRECT,HIGH,False,NOT AVAILABLE FROM VERIFIED DATA,POPULATION_READY_ROAD_READY,
Maharashtra,2021,29477,13528,True,JOINED,DIRECT,HIGH,True,JOINED,DIRECT,HIGH,False,NOT AVAILABLE FROM VERIFIED DATA,POPULATION_READY_ROAD_READY,
Manipur,2021,366,110,True,JOINED,DIRECT,HIGH,True,JOINED,DIRECT,HIGH,False,NOT AVAILABLE FROM VERIFIED DATA,POPULATION_READY_ROAD_READY,
Meghalaya,2021,245,187,True,JOINED,DIRECT,HIGH,True,JOINED,DIRECT,HIGH,False,NOT AVAILABLE FROM VERIFIED DATA,POPULATION_READY_ROAD_READY,
Mizoram,2021,69,56,True,JOINED,DIRECT,HIGH,True,JOINED,DIRECT,HIGH,False,NOT AVAILABLE FROM VERIFIED DATA,POPULATION_READY_ROAD_READY,
Nagaland,2021,746,55,True,JOINED,DIRECT,HIGH,True,JOINED,DIRECT,HIGH,False,NOT AVAILABLE FROM VERIFIED DATA,POPULATION_READY_ROAD_READY,
Odisha,2021,10983,5081,True,JOINED,DIRECT,HIGH,True,JOINED,DIRECT,HIGH,False,NOT AVAILABLE FROM VERIFIED DATA,POPULATION_READY_ROAD_READY,
Punjab,2021,5871,4589,True,JOINED,DIRECT,HIGH,True,JOINED,DIRECT,HIGH,False,NOT AVAILABLE FROM VERIFIED DATA,POPULATION_READY_ROAD_READY,
Rajasthan,2021,20951,10043,True,JOINED,DIRECT,HIGH,True,JOINED,DIRECT,HIGH,False,NOT AVAILABLE FROM VERIFIED DATA,POPULATION_READY_ROAD_READY,
Sikkim,2021,155,56,True,JOINED,DIRECT,HIGH,True,JOINED,DIRECT,HIGH,False,NOT AVAILABLE FROM VERIFIED DATA,POPULATION_READY_ROAD_READY,
Tamil Nadu,2021,55682,15384,True,JOINED,DIRECT,HIGH,True,JOINED,DIRECT,HIGH,False,NOT AVAILABLE FROM VERIFIED DATA,POPULATION_READY_ROAD_READY,
Telangana,2021,21315,7557,True,JOINED,DIRECT,HIGH,True,JOINED,DIRECT,HIGH,False,NOT AVAILABLE FROM VERIFIED DATA,POPULATION_READY_ROAD_READY,
Tripura,2021,479,194,True,JOINED,DIRECT,HIGH,True,JOINED,DIRECT,HIGH,False,NOT AVAILABLE FROM VERIFIED DATA,POPULATION_READY_ROAD_READY,
Uttarakhand,2021,1405,820,True,JOINED,DIRECT,HIGH,True,JOINED,DIRECT,HIGH,False,NOT AVAILABLE FROM VERIFIED DATA,POPULATION_READY_ROAD_READY,
Uttar Pradesh,2021,37729,21227,True,JOINED,DIRECT,HIGH,True,JOINED,DIRECT,HIGH,False,NOT AVAILABLE FROM VERIFIED DATA,POPULATION_READY_ROAD_READY,
West Bengal,2021,11937,5800,True,JOINED,DIRECT,HIGH,True,JOINED,DIRECT,HIGH,False,NOT AVAILABLE FROM VERIFIED DATA,POPULATION_READY_ROAD_READY,
Andaman & Nicobar Islands,2021,115,20,True,JOINED,DIRECT,HIGH,True,JOINED,DIRECT,HIGH,False,NOT AVAILABLE FROM VERIFIED DATA,POPULATION_READY_ROAD_READY,
Chandigarh,2021,208,96,True,JOINED,DIRECT,HIGH,True,JOINED,DIRECT,HIGH,False,NOT AVAILABLE FROM VERIFIED DATA,POPULATION_READY_ROAD_READY,
Dadra & Nagar Haveli and Daman & Diu,2021,140,76,True,JOINED_WITH_TRANSFORMATION,SUM,MEDIUM,True,JOINED_WITH_TRANSFORMATION,SUM,MEDIUM,False,NOT AVAILABLE FROM VERIFIED DATA,POPULATION_READY_ROAD_READY,
Delhi,2021,4720,1239,True,JOINED,DIRECT,HIGH,True,JOINED,DIRECT,HIGH,False,NOT AVAILABLE FROM VERIFIED DATA,POPULATION_READY_ROAD_READY,
Jammu & Kashmir,2021,5452,774,True,JOINED,DIRECT,HIGH,True,UNRESOLVED,DIRECT,MEDIUM,False,NOT AVAILABLE FROM VERIFIED DATA,POPULATION_READY,
Ladakh,2021,236,56,True,JOINED,DIRECT,HIGH,True,UNRESOLVED,DIRECT,MEDIUM,False,NOT AVAILABLE FROM VERIFIED DATA,POPULATION_READY,
Lakshadweep,2021,4,1,True,JOINED,DIRECT,HIGH,True,JOINED,DIRECT,HIGH,False,NOT AVAILABLE FROM VERIFIED DATA,POPULATION_READY_ROAD_READY,
Puducherry,2021,1049,140,True,JOINED,DIRECT,HIGH,True,JOINED,DIRECT,HIGH,False,NOT AVAILABLE FROM VERIFIED DATA,POPULATION_READY_ROAD_READY,
Andhra Pradesh,2022,21249,8293,True,JOINED,DIRECT,HIGH,True,JOINED,DIRECT,HIGH,False,NOT AVAILABLE FROM VERIFIED DATA,POPULATION_READY_ROAD_READY,
Arunachal Pradesh,2022,227,148,True,JOINED,DIRECT,HIGH,True,JOINED,DIRECT,HIGH,False,NOT AVAILABLE FROM VERIFIED DATA,POPULATION_READY_ROAD_READY,
Assam,2022,7023,2994,True,JOINED,DIRECT,HIGH,True,JOINED,DIRECT,HIGH,False,NOT AVAILABLE FROM VERIFIED DATA,POPULATION_READY_ROAD_READY,
Bihar,2022,10801,8898,True,JOINED,DIRECT,HIGH,True,JOINED,DIRECT,HIGH,False,NOT AVAILABLE FROM VERIFIED DATA,POPULATION_READY_ROAD_READY,
Chhattisgarh,2022,13279,5834,True,JOINED,DIRECT,HIGH,True,JOINED,DIRECT,HIGH,False,NOT AVAILABLE FROM VERIFIED DATA,POPULATION_READY_ROAD_READY,
Goa,2022,3011,271,True,JOINED,DIRECT,HIGH,True,JOINED,DIRECT,HIGH,False,NOT AVAILABLE FROM VERIFIED DATA,POPULATION_READY_ROAD_READY,
Gujarat,2022,15751,7618,True,JOINED,DIRECT,HIGH,True,JOINED,DIRECT,HIGH,False,NOT AVAILABLE FROM VERIFIED DATA,POPULATION_READY_ROAD_READY,
Haryana,2022,10429,4915,True,JOINED,DIRECT,HIGH,True,JOINED,DIRECT,HIGH,False,NOT AVAILABLE FROM VERIFIED DATA,POPULATION_READY_ROAD_READY,
Himachal Pradesh,2022,2597,1032,True,JOINED,DIRECT,HIGH,True,JOINED,DIRECT,HIGH,False,NOT AVAILABLE FROM VERIFIED DATA,POPULATION_READY_ROAD_READY,
Jharkhand,2022,5175,3898,True,JOINED,DIRECT,HIGH,True,JOINED,DIRECT,HIGH,False,NOT AVAILABLE FROM VERIFIED DATA,POPULATION_READY_ROAD_READY,
Karnataka,2022,39762,11702,True,JOINED,DIRECT,HIGH,True,JOINED,DIRECT,HIGH,False,NOT AVAILABLE FROM VERIFIED DATA,POPULATION_READY_ROAD_READY,
Kerala,2022,43910,4317,True,JOINED,DIRECT,HIGH,True,JOINED,DIRECT,HIGH,False,NOT AVAILABLE FROM VERIFIED DATA,POPULATION_READY_ROAD_READY,
Madhya Pradesh,2022,54432,13427,True,JOINED,DIRECT,HIGH,True,JOINED,DIRECT,HIGH,False,NOT AVAILABLE FROM VERIFIED DATA,POPULATION_READY_ROAD_READY,
Maharashtra,2022,33383,15224,True,JOINED,DIRECT,HIGH,True,JOINED,DIRECT,HIGH,False,NOT AVAILABLE FROM VERIFIED DATA,POPULATION_READY_ROAD_READY,
Manipur,2022,508,127,True,JOINED,DIRECT,HIGH,True,JOINED,DIRECT,HIGH,False,NOT AVAILABLE FROM VERIFIED DATA,POPULATION_READY_ROAD_READY,
Meghalaya,2022,246,162,True,JOINED,DIRECT,HIGH,True,JOINED,DIRECT,HIGH,False,NOT AVAILABLE FROM VERIFIED DATA,POPULATION_READY_ROAD_READY,
Mizoram,2022,133,113,True,JOINED,DIRECT,HIGH,True,JOINED,DIRECT,HIGH,False,NOT AVAILABLE FROM VERIFIED DATA,POPULATION_READY_ROAD_READY,
Nagaland,2022,489,73,True,JOINED,DIRECT,HIGH,True,JOINED,DIRECT,HIGH,False,NOT AVAILABLE FROM VERIFIED DATA,POPULATION_READY_ROAD_READY,
Odisha,2022,11663,5467,True,JOINED,DIRECT,HIGH,True,JOINED,DIRECT,HIGH,False,NOT AVAILABLE FROM VERIFIED DATA,POPULATION_READY_ROAD_READY,
Punjab,2022,6138,4756,True,JOINED,DIRECT,HIGH,True,JOINED,DIRECT,HIGH,False,NOT AVAILABLE FROM VERIFIED DATA,POPULATION_READY_ROAD_READY,
Rajasthan,2022,23614,11104,True,JOINED,DIRECT,HIGH,True,JOINED,DIRECT,HIGH,False,NOT AVAILABLE FROM VERIFIED DATA,POPULATION_READY_ROAD_READY,
Sikkim,2022,211,92,True,JOINED,DIRECT,HIGH,True,JOINED,DIRECT,HIGH,False,NOT AVAILABLE FROM VERIFIED DATA,POPULATION_READY_ROAD_READY,
Tamil Nadu,2022,64105,17884,True,JOINED,DIRECT,HIGH,True,JOINED,DIRECT,HIGH,False,NOT AVAILABLE FROM VERIFIED DATA,POPULATION_READY_ROAD_READY,
Telangana,2022,21619,7559,True,JOINED,DIRECT,HIGH,True,JOINED,DIRECT,HIGH,False,NOT AVAILABLE FROM VERIFIED DATA,POPULATION_READY_ROAD_READY,
Tripura,2022,575,241,True,JOINED,DIRECT,HIGH,True,JOINED,DIRECT,HIGH,False,NOT AVAILABLE FROM VERIFIED DATA,POPULATION_READY_ROAD_READY,
Uttarakhand,2022,1674,1042,True,JOINED,DIRECT,HIGH,True,JOINED,DIRECT,HIGH,False,NOT AVAILABLE FROM VERIFIED DATA,POPULATION_READY_ROAD_READY,
Uttar Pradesh,2022,41746,22595,True,JOINED,DIRECT,HIGH,True,JOINED,DIRECT,HIGH,False,NOT AVAILABLE FROM VERIFIED DATA,POPULATION_READY_ROAD_READY,
West Bengal,2022,13686,6002,True,JOINED,DIRECT,HIGH,True,JOINED,DIRECT,HIGH,False,NOT AVAILABLE FROM VERIFIED DATA,POPULATION_READY_ROAD_READY,
Andaman & Nicobar Islands,2022,141,19,True,JOINED,DIRECT,HIGH,True,JOINED,DIRECT,HIGH,False,NOT AVAILABLE FROM VERIFIED DATA,POPULATION_READY_ROAD_READY,
Chandigarh,2022,237,83,True,JOINED,DIRECT,HIGH,True,JOINED,DIRECT,HIGH,False,NOT AVAILABLE FROM VERIFIED DATA,POPULATION_READY_ROAD_READY,
Dadra & Nagar Haveli and Daman & Diu,2022,196,90,True,JOINED_WITH_TRANSFORMATION,SUM,MEDIUM,True,JOINED_WITH_TRANSFORMATION,SUM,MEDIUM,False,NOT AVAILABLE FROM VERIFIED DATA,POPULATION_READY_ROAD_READY,
Delhi,2022,5652,1461,True,JOINED,DIRECT,HIGH,True,JOINED,DIRECT,HIGH,False,NOT AVAILABLE FROM VERIFIED DATA,POPULATION_READY_ROAD_READY,
Jammu & Kashmir,2022,6092,805,True,JOINED,DIRECT,HIGH,True,UNRESOLVED,DIRECT,MEDIUM,False,NOT AVAILABLE FROM VERIFIED DATA,POPULATION_READY,
Ladakh,2022,374,62,True,JOINED,DIRECT,HIGH,True,UNRESOLVED,DIRECT,MEDIUM,False,NOT AVAILABLE FROM VERIFIED DATA,POPULATION_READY,
Lakshadweep,2022,3,2,True,JOINED,DIRECT,HIGH,True,JOINED,DIRECT,HIGH,False,NOT AVAILABLE FROM VERIFIED DATA,POPULATION_READY_ROAD_READY,
Puducherry,2022,1181,181,True,JOINED,DIRECT,HIGH,True,JOINED,DIRECT,HIGH,False,NOT AVAILABLE FROM VERIFIED DATA,POPULATION_READY_ROAD_READY,
Andhra Pradesh,2023,19949,8137,True,JOINED,DIRECT,HIGH,False,NOT_AVAILABLE,,,False,NOT AVAILABLE FROM VERIFIED DATA,POPULATION_READY,
Arunachal Pradesh,2023,287,145,True,JOINED,DIRECT,HIGH,False,NOT_AVAILABLE,,,False,NOT AVAILABLE FROM VERIFIED DATA,POPULATION_READY,
Assam,2023,7421,3296,True,JOINED,DIRECT,HIGH,False,NOT_AVAILABLE,,,False,NOT AVAILABLE FROM VERIFIED DATA,POPULATION_READY,
Bihar,2023,11014,8873,True,JOINED,DIRECT,HIGH,False,NOT_AVAILABLE,,,False,NOT AVAILABLE FROM VERIFIED DATA,POPULATION_READY,
Chhattisgarh,2023,13468,6166,True,JOINED,DIRECT,HIGH,False,NOT_AVAILABLE,,,False,NOT AVAILABLE FROM VERIFIED DATA,POPULATION_READY,
Goa,2023,2846,290,True,JOINED,DIRECT,HIGH,False,NOT_AVAILABLE,,,False,NOT AVAILABLE FROM VERIFIED DATA,POPULATION_READY,
Gujarat,2023,16349,7854,True,JOINED,DIRECT,HIGH,False,NOT_AVAILABLE,,,False,NOT AVAILABLE FROM VERIFIED DATA,POPULATION_READY,
Haryana,2023,10463,4968,True,JOINED,DIRECT,HIGH,False,NOT_AVAILABLE,,,False,NOT AVAILABLE FROM VERIFIED DATA,POPULATION_READY,
Himachal Pradesh,2023,2253,889,True,JOINED,DIRECT,HIGH,False,NOT_AVAILABLE,,,False,NOT AVAILABLE FROM VERIFIED DATA,POPULATION_READY,
Jharkhand,2023,5315,4173,True,JOINED,DIRECT,HIGH,False,NOT_AVAILABLE,,,False,NOT AVAILABLE FROM VERIFIED DATA,POPULATION_READY,
Karnataka,2023,43440,12321,True,JOINED,DIRECT,HIGH,False,NOT_AVAILABLE,,,False,NOT AVAILABLE FROM VERIFIED DATA,POPULATION_READY,
Kerala,2023,48091,4080,True,JOINED,DIRECT,HIGH,False,NOT_AVAILABLE,,,False,NOT AVAILABLE FROM VERIFIED DATA,POPULATION_READY,
Madhya Pradesh,2023,55327,13798,True,JOINED,DIRECT,HIGH,False,NOT_AVAILABLE,,,False,NOT AVAILABLE FROM VERIFIED DATA,POPULATION_READY,
Maharashtra,2023,35243,15366,True,JOINED,DIRECT,HIGH,False,NOT_AVAILABLE,,,False,NOT AVAILABLE FROM VERIFIED DATA,POPULATION_READY,
Manipur,2023,398,73,True,JOINED,DIRECT,HIGH,False,NOT_AVAILABLE,,,False,NOT AVAILABLE FROM VERIFIED DATA,POPULATION_READY,
Meghalaya,2023,223,168,True,JOINED,DIRECT,HIGH,False,NOT_AVAILABLE,,,False,NOT AVAILABLE FROM VERIFIED DATA,POPULATION_READY,
Mizoram,2023,106,96,True,JOINED,DIRECT,HIGH,False,NOT_AVAILABLE,,,False,NOT AVAILABLE FROM VERIFIED DATA,POPULATION_READY,
Nagaland,2023,303,86,True,JOINED,DIRECT,HIGH,False,NOT_AVAILABLE,,,False,NOT AVAILABLE FROM VERIFIED DATA,POPULATION_READY,
Odisha,2023,11992,5739,True,JOINED,DIRECT,HIGH,False,NOT_AVAILABLE,,,False,NOT AVAILABLE FROM VERIFIED DATA,POPULATION_READY,
Punjab,2023,6269,4829,True,JOINED,DIRECT,HIGH,False,NOT_AVAILABLE,,,False,NOT AVAILABLE FROM VERIFIED DATA,POPULATION_READY,
Rajasthan,2023,24694,11762,True,JOINED,DIRECT,HIGH,False,NOT_AVAILABLE,,,False,NOT AVAILABLE FROM VERIFIED DATA,POPULATION_READY,
Sikkim,2023,182,57,True,JOINED,DIRECT,HIGH,False,NOT_AVAILABLE,,,False,NOT AVAILABLE FROM VERIFIED DATA,POPULATION_READY,
Tamil Nadu,2023,67213,18347,True,JOINED,DIRECT,HIGH,False,NOT_AVAILABLE,,,False,NOT AVAILABLE FROM VERIFIED DATA,POPULATION_READY,
Telangana,2023,22903,7660,True,JOINED,DIRECT,HIGH,False,NOT_AVAILABLE,,,False,NOT AVAILABLE FROM VERIFIED DATA,POPULATION_READY,
Tripura,2023,577,261,True,JOINED,DIRECT,HIGH,False,NOT_AVAILABLE,,,False,NOT AVAILABLE FROM VERIFIED DATA,POPULATION_READY,
Uttarakhand,2023,1691,1054,True,JOINED,DIRECT,HIGH,False,NOT_AVAILABLE,,,False,NOT AVAILABLE FROM VERIFIED DATA,POPULATION_READY,
Uttar Pradesh,2023,44534,23652,True,JOINED,DIRECT,HIGH,False,NOT_AVAILABLE,,,False,NOT AVAILABLE FROM VERIFIED DATA,POPULATION_READY,
West Bengal,2023,13795,6027,True,JOINED,DIRECT,HIGH,False,NOT_AVAILABLE,,,False,NOT AVAILABLE FROM VERIFIED DATA,POPULATION_READY,
Andaman & Nicobar Islands,2023,143,24,True,JOINED,DIRECT,HIGH,False,NOT_AVAILABLE,,,False,NOT AVAILABLE FROM VERIFIED DATA,POPULATION_READY,
Chandigarh,2023,182,67,True,JOINED,DIRECT,HIGH,False,NOT_AVAILABLE,,,False,NOT AVAILABLE FROM VERIFIED DATA,POPULATION_READY,
Dadra & Nagar Haveli and Daman & Diu,2023,182,74,True,JOINED_WITH_TRANSFORMATION,SUM,MEDIUM,False,NOT_AVAILABLE,,,False,NOT AVAILABLE FROM VERIFIED DATA,POPULATION_READY,
Delhi,2023,5834,1457,True,JOINED,DIRECT,HIGH,False,NOT_AVAILABLE,,,False,NOT AVAILABLE FROM VERIFIED DATA,POPULATION_READY,
Jammu & Kashmir,2023,6298,893,True,JOINED,DIRECT,HIGH,False,NOT_AVAILABLE,,,False,NOT AVAILABLE FROM VERIFIED DATA,POPULATION_READY,
Ladakh,2023,289,59,True,JOINED,DIRECT,HIGH,False,NOT_AVAILABLE,,,False,NOT AVAILABLE FROM VERIFIED DATA,POPULATION_READY,
Lakshadweep,2023,1,0,True,JOINED,DIRECT,HIGH,False,NOT_AVAILABLE,,,False,NOT AVAILABLE FROM VERIFIED DATA,POPULATION_READY,
Puducherry,2023,1308,149,True,JOINED,DIRECT,HIGH,False,NOT_AVAILABLE,,,False,NOT AVAILABLE FROM VERIFIED DATA,POPULATION_READY,
Andhra Pradesh,2024,19557,8346,True,JOINED,DIRECT,HIGH,False,NOT_AVAILABLE,,,False,NOT AVAILABLE FROM VERIFIED DATA,POPULATION_READY,
Arunachal Pradesh,2024,277,168,True,JOINED,DIRECT,HIGH,False,NOT_AVAILABLE,,,False,NOT AVAILABLE FROM VERIFIED DATA,POPULATION_READY,
Assam,2024,7848,3351,True,JOINED,DIRECT,HIGH,False,NOT_AVAILABLE,,,False,NOT AVAILABLE FROM VERIFIED DATA,POPULATION_READY,
Bihar,2024,11610,9347,True,JOINED,DIRECT,HIGH,False,NOT_AVAILABLE,,,False,NOT AVAILABLE FROM VERIFIED DATA,POPULATION_READY,
Chhattisgarh,2024,14857,6945,True,JOINED,DIRECT,HIGH,False,NOT_AVAILABLE,,,False,NOT AVAILABLE FROM VERIFIED DATA,POPULATION_READY,
Goa,2024,2682,286,True,JOINED,DIRECT,HIGH,False,NOT_AVAILABLE,,,False,NOT AVAILABLE FROM VERIFIED DATA,POPULATION_READY,
Gujarat,2024,15588,7717,True,JOINED,DIRECT,HIGH,False,NOT_AVAILABLE,,,False,NOT AVAILABLE FROM VERIFIED DATA,POPULATION_READY,
Haryana,2024,9806,4689,True,JOINED,DIRECT,HIGH,False,NOT_AVAILABLE,,,False,NOT AVAILABLE FROM VERIFIED DATA,POPULATION_READY,
Himachal Pradesh,2024,2156,869,True,JOINED,DIRECT,HIGH,False,NOT_AVAILABLE,,,False,NOT AVAILABLE FROM VERIFIED DATA,POPULATION_READY,
Jharkhand,2024,5196,4114,True,JOINED,DIRECT,HIGH,False,NOT_AVAILABLE,,,False,NOT AVAILABLE FROM VERIFIED DATA,POPULATION_READY,
Karnataka,2024,43062,12390,True,JOINED,DIRECT,HIGH,False,NOT_AVAILABLE,,,False,NOT AVAILABLE FROM VERIFIED DATA,POPULATION_READY,
Kerala,2024,48834,3880,True,JOINED,DIRECT,HIGH,False,NOT_AVAILABLE,,,False,NOT AVAILABLE FROM VERIFIED DATA,POPULATION_READY,
Madhya Pradesh,2024,56669,14791,True,JOINED,DIRECT,HIGH,False,NOT_AVAILABLE,,,False,NOT AVAILABLE FROM VERIFIED DATA,POPULATION_READY,
Maharashtra,2024,36118,15715,True,JOINED,DIRECT,HIGH,False,NOT_AVAILABLE,,,False,NOT AVAILABLE FROM VERIFIED DATA,POPULATION_READY,
Manipur,2024,299,72,True,JOINED,DIRECT,HIGH,False,NOT_AVAILABLE,,,False,NOT AVAILABLE FROM VERIFIED DATA,POPULATION_READY,
Meghalaya,2024,269,197,True,JOINED,DIRECT,HIGH,False,NOT_AVAILABLE,,,False,NOT AVAILABLE FROM VERIFIED DATA,POPULATION_READY,
Mizoram,2024,118,110,True,JOINED,DIRECT,HIGH,False,NOT_AVAILABLE,,,False,NOT AVAILABLE FROM VERIFIED DATA,POPULATION_READY,
Nagaland,2024,129,62,True,JOINED,DIRECT,HIGH,False,NOT_AVAILABLE,,,False,NOT AVAILABLE FROM VERIFIED DATA,POPULATION_READY,
Odisha,2024,12375,6142,True,JOINED,DIRECT,HIGH,False,NOT_AVAILABLE,,,False,NOT AVAILABLE FROM VERIFIED DATA,POPULATION_READY,
Punjab,2024,6063,4759,True,JOINED,DIRECT,HIGH,False,NOT_AVAILABLE,,,False,NOT AVAILABLE FROM VERIFIED DATA,POPULATION_READY,
Rajasthan,2024,24838,11790,True,JOINED,DIRECT,HIGH,False,NOT_AVAILABLE,,,False,NOT AVAILABLE FROM VERIFIED DATA,POPULATION_READY,
Sikkim,2024,149,67,True,JOINED,DIRECT,HIGH,False,NOT_AVAILABLE,,,False,NOT AVAILABLE FROM VERIFIED DATA,POPULATION_READY,
Tamil Nadu,2024,67526,18449,True,JOINED,DIRECT,HIGH,False,NOT_AVAILABLE,,,False,NOT AVAILABLE FROM VERIFIED DATA,POPULATION_READY,
Telangana,2024,25986,7949,True,JOINED,DIRECT,HIGH,False,NOT_AVAILABLE,,,False,NOT AVAILABLE FROM VERIFIED DATA,POPULATION_READY,
Tripura,2024,578,226,True,JOINED,DIRECT,HIGH,False,NOT_AVAILABLE,,,False,NOT AVAILABLE FROM VERIFIED DATA,POPULATION_READY,
Uttarakhand,2024,1747,1090,True,JOINED,DIRECT,HIGH,False,NOT_AVAILABLE,,,False,NOT AVAILABLE FROM VERIFIED DATA,POPULATION_READY,
Uttar Pradesh,2024,46052,24118,True,JOINED,DIRECT,HIGH,False,NOT_AVAILABLE,,,False,NOT AVAILABLE FROM VERIFIED DATA,POPULATION_READY,
West Bengal,2024,13702,6676,True,JOINED,DIRECT,HIGH,False,NOT_AVAILABLE,,,False,NOT AVAILABLE FROM VERIFIED DATA,POPULATION_READY,
Andaman & Nicobar Islands,2024,135,29,True,JOINED,DIRECT,HIGH,False,NOT_AVAILABLE,,,False,NOT AVAILABLE FROM VERIFIED DATA,POPULATION_READY,
Chandigarh,2024,169,75,True,JOINED,DIRECT,HIGH,False,NOT_AVAILABLE,,,False,NOT AVAILABLE FROM VERIFIED DATA,POPULATION_READY,
Dadra & Nagar Haveli and Daman & Diu,2024,152,95,True,JOINED_WITH_TRANSFORMATION,SUM,MEDIUM,False,NOT_AVAILABLE,,,False,NOT AVAILABLE FROM VERIFIED DATA,POPULATION_READY,
Delhi,2024,5657,1551,True,JOINED,DIRECT,HIGH,False,NOT_AVAILABLE,,,False,NOT AVAILABLE FROM VERIFIED DATA,POPULATION_READY,
Jammu & Kashmir,2024,5808,831,True,JOINED,DIRECT,HIGH,False,NOT_AVAILABLE,,,False,NOT AVAILABLE FROM VERIFIED DATA,POPULATION_READY,
Ladakh,2024,264,61,True,JOINED,DIRECT,HIGH,False,NOT_AVAILABLE,,,False,NOT AVAILABLE FROM VERIFIED DATA,POPULATION_READY,
Lakshadweep,2024,0,0,True,JOINED,DIRECT,HIGH,False,NOT_AVAILABLE,,,False,NOT AVAILABLE FROM VERIFIED DATA,POPULATION_READY,
Puducherry,2024,1431,218,True,JOINED,DIRECT,HIGH,False,NOT_AVAILABLE,,,False,NOT AVAILABLE FROM VERIFIED DATA,POPULATION_READY,
