State_UT,Boundary_STATE,Year,Annual_Rainfall_mm,Annual_Mean_Tmax_C,Annual_Mean_Tmin_C,Valid_Rainfall_Days,Valid_Tmax_Days,Valid_Tmin_Days,Rainfall_Coverage_pct,Tmax_Coverage_pct,Rain_Cells,Temp_Cells,Boundary_Vintage,Aggregation_Method,Quality_Status,Source
Dadra & Nagar Haveli and Daman & Diu,DADRA & NAGAR HAVELI & DAMAN & DIU,2018,2202.6,33.24,21.66,365,365,365,99.9,100.0,10,4,SOI ABDB (post-2019 incl. Ladakh + merged DNH-DD),area-weighted state mean (LCC m2 weights),VERIFIED,IMD RF25/TMAX1/TMIN1
Jammu & Kashmir,JAMMU AND KASHMIR,2018,1070.0,23.69,10.91,365,365,365,99.8,100.0,112,12,SOI ABDB (post-2019 incl. Ladakh + merged DNH-DD),area-weighted state mean (LCC m2 weights),VERIFIED,IMD RF25/TMAX1/TMIN1
Ladakh,LADAKH,2018,340.3,21.85,8.92,365,365,365,99.2,100.0,328,32,SOI ABDB (post-2019 incl. Ladakh + merged DNH-DD),area-weighted state mean (LCC m2 weights),VERIFIED,IMD RF25/TMAX1/TMIN1
Himachal Pradesh,HIMACHAL PRADESH,2018,1142.6,25.72,13.08,365,365,365,100.0,100.0,117,12,SOI ABDB (post-2019 incl. Ladakh + merged DNH-DD),area-weighted state mean (LCC m2 weights),VERIFIED,IMD RF25/TMAX1/TMIN1
Arunachal Pradesh,ARUNACHAL PRADESH,2018,2287.0,29.44,18.91,365,361,365,98.8,98.9,172,19,SOI ABDB (post-2019 incl. Ladakh + merged DNH-DD),area-weighted state mean (LCC m2 weights),VERIFIED,IMD RF25/TMAX1/TMIN1
Assam,ASSAM,2018,1819.9,28.77,18.29,365,365,365,100.0,100.0,168,19,SOI ABDB (post-2019 incl. Ladakh + merged DNH-DD),area-weighted state mean (LCC m2 weights),VERIFIED,IMD RF25/TMAX1/TMIN1
Manipur,MANIPUR,2018,1415.4,28.75,18.05,365,365,365,96.5,100.0,50,7,SOI ABDB (post-2019 incl. Ladakh + merged DNH-DD),area-weighted state mean (LCC m2 weights),VERIFIED,IMD RF25/TMAX1/TMIN1
Meghalaya,MEGHALAYA,2018,2798.7,28.53,18.26,365,365,365,98.6,100.0,50,7,SOI ABDB (post-2019 incl. Ladakh + merged DNH-DD),area-weighted state mean (LCC m2 weights),VERIFIED,IMD RF25/TMAX1/TMIN1
Mizoram,MIZORAM,2018,2582.7,28.45,17.98,365,365,365,96.1,100.0,50,8,SOI ABDB (post-2019 incl. Ladakh + merged DNH-DD),area-weighted state mean (LCC m2 weights),VERIFIED,IMD RF25/TMAX1/TMIN1
Nagaland,NAGALAND,2018,1793.0,29.36,18.5,365,364,365,97.3,99.7,42,7,SOI ABDB (post-2019 incl. Ladakh + merged DNH-DD),area-weighted state mean (LCC m2 weights),VERIFIED,IMD RF25/TMAX1/TMIN1
Sikkim,SIKKIM,2018,3272.7,26.79,16.92,365,365,365,99.5,100.0,24,2,SOI ABDB (post-2019 incl. Ladakh + merged DNH-DD),area-weighted state mean (LCC m2 weights),VERIFIED,IMD RF25/TMAX1/TMIN1
Lakshadweep,LAKSHADWEEP,2018,,,,0,0,0,0.0,0.0,16,5,SOI ABDB (post-2019 incl. Ladakh + merged DNH-DD),area-weighted state mean (LCC m2 weights),PARTIAL_COVERAGE,IMD RF25/TMAX1/TMIN1
Andaman & Nicobar Islands,ANDAMAN & NICOBAR,2018,,,,0,0,0,0.0,0.0,53,12,SOI ABDB (post-2019 incl. Ladakh + merged DNH-DD),area-weighted state mean (LCC m2 weights),PARTIAL_COVERAGE,IMD RF25/TMAX1/TMIN1
West Bengal,WEST BENGAL,2018,1491.2,30.85,20.35,365,365,365,98.4,100.0,187,22,SOI ABDB (post-2019 incl. Ladakh + merged DNH-DD),area-weighted state mean (LCC m2 weights),VERIFIED,IMD RF25/TMAX1/TMIN1
Kerala,KERALA,2018,3257.1,30.15,20.96,365,365,365,100.0,100.0,84,11,SOI ABDB (post-2019 incl. Ladakh + merged DNH-DD),area-weighted state mean (LCC m2 weights),VERIFIED,IMD RF25/TMAX1/TMIN1
Chhattisgarh,CHHATTISGARH,2018,1215.1,32.54,19.73,365,365,365,100.0,100.0,249,25,SOI ABDB (post-2019 incl. Ladakh + merged DNH-DD),area-weighted state mean (LCC m2 weights),VERIFIED,IMD RF25/TMAX1/TMIN1
Odisha,ODISHA,2018,1620.2,32.44,20.65,365,365,365,99.0,100.0,273,30,SOI ABDB (post-2019 incl. Ladakh + merged DNH-DD),area-weighted state mean (LCC m2 weights),VERIFIED,IMD RF25/TMAX1/TMIN1
Chandigarh,CHANDIGARH,2018,1078.2,29.54,16.26,365,365,365,100.0,100.0,1,1,SOI ABDB (post-2019 incl. Ladakh + merged DNH-DD),area-weighted state mean (LCC m2 weights),VERIFIED,IMD RF25/TMAX1/TMIN1
Delhi,DELHI,2018,568.0,32.12,18.42,365,365,365,100.0,100.0,6,2,SOI ABDB (post-2019 incl. Ladakh + merged DNH-DD),area-weighted state mean (LCC m2 weights),VERIFIED,IMD RF25/TMAX1/TMIN1
Gujarat,GUJARAT,2018,479.5,33.8,21.33,365,365,365,99.3,100.0,337,30,SOI ABDB (post-2019 incl. Ladakh + merged DNH-DD),area-weighted state mean (LCC m2 weights),VERIFIED,IMD RF25/TMAX1/TMIN1
Haryana,HARYANA,2018,523.5,31.78,17.82,365,365,365,100.0,100.0,104,12,SOI ABDB (post-2019 incl. Ladakh + merged DNH-DD),area-weighted state mean (LCC m2 weights),VERIFIED,IMD RF25/TMAX1/TMIN1
Punjab,PUNJAB,2018,679.3,30.63,16.58,365,365,365,100.0,100.0,106,13,SOI ABDB (post-2019 incl. Ladakh + merged DNH-DD),area-weighted state mean (LCC m2 weights),VERIFIED,IMD RF25/TMAX1/TMIN1
Uttar Pradesh,UTTAR PRADESH,2018,830.1,31.92,18.58,365,365,365,100.0,100.0,441,39,SOI ABDB (post-2019 incl. Ladakh + merged DNH-DD),area-weighted state mean (LCC m2 weights),VERIFIED,IMD RF25/TMAX1/TMIN1
Karnataka,KARNATAKA,2018,1043.3,31.5,19.97,365,365,365,100.0,100.0,325,30,SOI ABDB (post-2019 incl. Ladakh + merged DNH-DD),area-weighted state mean (LCC m2 weights),VERIFIED,IMD RF25/TMAX1/TMIN1
Andhra Pradesh,ANDHRA PRADESH,2018,684.9,33.46,22.56,365,365,365,97.6,100.0,301,32,SOI ABDB (post-2019 incl. Ladakh + merged DNH-DD),area-weighted state mean (LCC m2 weights),VERIFIED,IMD RF25/TMAX1/TMIN1
Bihar,BIHAR,2018,888.4,31.09,19.48,365,365,365,100.0,100.0,183,19,SOI ABDB (post-2019 incl. Ladakh + merged DNH-DD),area-weighted state mean (LCC m2 weights),VERIFIED,IMD RF25/TMAX1/TMIN1
Goa,GOA,2018,3346.3,31.71,21.69,365,365,365,100.0,100.0,12,3,SOI ABDB (post-2019 incl. Ladakh + merged DNH-DD),area-weighted state mean (LCC m2 weights),VERIFIED,IMD RF25/TMAX1/TMIN1
Jharkhand,JHARKHAND,2018,969.5,31.63,19.46,365,365,365,100.0,100.0,160,15,SOI ABDB (post-2019 incl. Ladakh + merged DNH-DD),area-weighted state mean (LCC m2 weights),VERIFIED,IMD RF25/TMAX1/TMIN1
Madhya Pradesh,MADHYA PRADESH,2018,866.8,32.94,18.73,365,365,365,100.0,100.0,539,44,SOI ABDB (post-2019 incl. Ladakh + merged DNH-DD),area-weighted state mean (LCC m2 weights),VERIFIED,IMD RF25/TMAX1/TMIN1
Maharashtra,MAHARASHTRA,2018,961.8,33.33,20.11,365,365,365,100.0,100.0,510,44,SOI ABDB (post-2019 incl. Ladakh + merged DNH-DD),area-weighted state mean (LCC m2 weights),VERIFIED,IMD RF25/TMAX1/TMIN1
Puducherry,PUDUCHERRY,2018,1099.0,33.52,24.67,365,365,365,100.0,100.0,8,5,SOI ABDB (post-2019 incl. Ladakh + merged DNH-DD),area-weighted state mean (LCC m2 weights),VERIFIED,IMD RF25/TMAX1/TMIN1
Rajasthan,RAJASTHAN,2018,403.1,33.61,19.16,365,365,365,100.0,100.0,589,50,SOI ABDB (post-2019 incl. Ladakh + merged DNH-DD),area-weighted state mean (LCC m2 weights),VERIFIED,IMD RF25/TMAX1/TMIN1
Tamil Nadu,TAMIL NADU,2018,772.4,32.67,22.96,365,365,365,97.3,100.0,217,20,SOI ABDB (post-2019 incl. Ladakh + merged DNH-DD),area-weighted state mean (LCC m2 weights),VERIFIED,IMD RF25/TMAX1/TMIN1
Telangana,TELANGANA,2018,915.6,33.77,21.46,365,365,365,100.0,100.0,194,18,SOI ABDB (post-2019 incl. Ladakh + merged DNH-DD),area-weighted state mean (LCC m2 weights),VERIFIED,IMD RF25/TMAX1/TMIN1
Tripura,TRIPURA,2018,2274.6,28.55,18.03,365,365,365,95.7,100.0,25,5,SOI ABDB (post-2019 incl. Ladakh + merged DNH-DD),area-weighted state mean (LCC m2 weights),VERIFIED,IMD RF25/TMAX1/TMIN1
Uttarakhand,UTTARAKHAND,2018,1574.0,26.88,14.83,365,365,365,99.1,100.0,108,14,SOI ABDB (post-2019 incl. Ladakh + merged DNH-DD),area-weighted state mean (LCC m2 weights),VERIFIED,IMD RF25/TMAX1/TMIN1
Dadra & Nagar Haveli and Daman & Diu,DADRA & NAGAR HAVELI & DAMAN & DIU,2019,3563.3,32.52,21.79,365,365,365,99.9,100.0,10,4,SOI ABDB (post-2019 incl. Ladakh + merged DNH-DD),area-weighted state mean (LCC m2 weights),VERIFIED,IMD RF25/TMAX1/TMIN1
Jammu & Kashmir,JAMMU AND KASHMIR,2019,1475.8,22.21,10.61,365,365,365,99.8,100.0,112,12,SOI ABDB (post-2019 incl. Ladakh + merged DNH-DD),area-weighted state mean (LCC m2 weights),VERIFIED,IMD RF25/TMAX1/TMIN1
Ladakh,LADAKH,2019,568.2,20.32,8.69,365,365,365,99.2,100.0,328,32,SOI ABDB (post-2019 incl. Ladakh + merged DNH-DD),area-weighted state mean (LCC m2 weights),VERIFIED,IMD RF25/TMAX1/TMIN1
Himachal Pradesh,HIMACHAL PRADESH,2019,1200.2,24.31,13.0,365,365,365,100.0,100.0,117,12,SOI ABDB (post-2019 incl. Ladakh + merged DNH-DD),area-weighted state mean (LCC m2 weights),VERIFIED,IMD RF25/TMAX1/TMIN1
Arunachal Pradesh,ARUNACHAL PRADESH,2019,2543.4,29.38,18.68,365,363,365,98.8,99.5,172,19,SOI ABDB (post-2019 incl. Ladakh + merged DNH-DD),area-weighted state mean (LCC m2 weights),VERIFIED,IMD RF25/TMAX1/TMIN1
Assam,ASSAM,2019,2118.9,28.81,18.24,365,365,365,100.0,100.0,168,19,SOI ABDB (post-2019 incl. Ladakh + merged DNH-DD),area-weighted state mean (LCC m2 weights),VERIFIED,IMD RF25/TMAX1/TMIN1
Manipur,MANIPUR,2019,1058.1,28.9,18.04,365,364,365,96.5,99.7,50,7,SOI ABDB (post-2019 incl. Ladakh + merged DNH-DD),area-weighted state mean (LCC m2 weights),VERIFIED,IMD RF25/TMAX1/TMIN1
Meghalaya,MEGHALAYA,2019,3888.1,28.67,18.33,365,365,365,98.6,100.0,50,7,SOI ABDB (post-2019 incl. Ladakh + merged DNH-DD),area-weighted state mean (LCC m2 weights),VERIFIED,IMD RF25/TMAX1/TMIN1
Mizoram,MIZORAM,2019,1840.1,28.7,18.11,365,365,365,96.1,100.0,50,8,SOI ABDB (post-2019 incl. Ladakh + merged DNH-DD),area-weighted state mean (LCC m2 weights),VERIFIED,IMD RF25/TMAX1/TMIN1
Nagaland,NAGALAND,2019,1496.8,29.39,18.43,365,363,365,97.3,99.5,42,7,SOI ABDB (post-2019 incl. Ladakh + merged DNH-DD),area-weighted state mean (LCC m2 weights),VERIFIED,IMD RF25/TMAX1/TMIN1
Sikkim,SIKKIM,2019,3255.5,26.86,17.49,365,365,365,99.5,100.0,24,2,SOI ABDB (post-2019 incl. Ladakh + merged DNH-DD),area-weighted state mean (LCC m2 weights),VERIFIED,IMD RF25/TMAX1/TMIN1
Lakshadweep,LAKSHADWEEP,2019,,,,0,0,0,0.0,0.0,16,5,SOI ABDB (post-2019 incl. Ladakh + merged DNH-DD),area-weighted state mean (LCC m2 weights),PARTIAL_COVERAGE,IMD RF25/TMAX1/TMIN1
Andaman & Nicobar Islands,ANDAMAN & NICOBAR,2019,,,,0,0,0,0.0,0.0,53,12,SOI ABDB (post-2019 incl. Ladakh + merged DNH-DD),area-weighted state mean (LCC m2 weights),PARTIAL_COVERAGE,IMD RF25/TMAX1/TMIN1
West Bengal,WEST BENGAL,2019,1715.0,30.74,20.81,365,365,365,98.4,100.0,187,22,SOI ABDB (post-2019 incl. Ladakh + merged DNH-DD),area-weighted state mean (LCC m2 weights),VERIFIED,IMD RF25/TMAX1/TMIN1
Kerala,KERALA,2019,2787.8,30.69,21.44,365,365,365,100.0,100.0,84,11,SOI ABDB (post-2019 incl. Ladakh + merged DNH-DD),area-weighted state mean (LCC m2 weights),VERIFIED,IMD RF25/TMAX1/TMIN1
Chhattisgarh,CHHATTISGARH,2019,1415.7,32.41,20.29,365,365,365,100.0,100.0,249,25,SOI ABDB (post-2019 incl. Ladakh + merged DNH-DD),area-weighted state mean (LCC m2 weights),VERIFIED,IMD RF25/TMAX1/TMIN1
Odisha,ODISHA,2019,1597.4,32.24,21.04,365,365,365,99.0,100.0,273,30,SOI ABDB (post-2019 incl. Ladakh + merged DNH-DD),area-weighted state mean (LCC m2 weights),VERIFIED,IMD RF25/TMAX1/TMIN1
Chandigarh,CHANDIGARH,2019,934.7,28.12,16.22,365,365,365,100.0,100.0,1,1,SOI ABDB (post-2019 incl. Ladakh + merged DNH-DD),area-weighted state mean (LCC m2 weights),VERIFIED,IMD RF25/TMAX1/TMIN1
Delhi,DELHI,2019,495.5,31.17,18.51,365,365,365,100.0,100.0,6,2,SOI ABDB (post-2019 incl. Ladakh + merged DNH-DD),area-weighted state mean (LCC m2 weights),VERIFIED,IMD RF25/TMAX1/TMIN1
Gujarat,GUJARAT,2019,1071.9,32.69,21.4,365,365,365,99.3,100.0,337,30,SOI ABDB (post-2019 incl. Ladakh + merged DNH-DD),area-weighted state mean (LCC m2 weights),VERIFIED,IMD RF25/TMAX1/TMIN1
Haryana,HARYANA,2019,400.7,30.46,17.85,365,365,365,100.0,100.0,104,12,SOI ABDB (post-2019 incl. Ladakh + merged DNH-DD),area-weighted state mean (LCC m2 weights),VERIFIED,IMD RF25/TMAX1/TMIN1
Punjab,PUNJAB,2019,715.4,29.05,16.4,365,365,365,100.0,100.0,106,13,SOI ABDB (post-2019 incl. Ladakh + merged DNH-DD),area-weighted state mean (LCC m2 weights),VERIFIED,IMD RF25/TMAX1/TMIN1
Uttar Pradesh,UTTAR PRADESH,2019,873.7,31.07,18.94,365,365,365,100.0,100.0,441,39,SOI ABDB (post-2019 incl. Ladakh + merged DNH-DD),area-weighted state mean (LCC m2 weights),VERIFIED,IMD RF25/TMAX1/TMIN1
Karnataka,KARNATAKA,2019,1307.1,31.71,20.44,365,365,365,100.0,100.0,325,30,SOI ABDB (post-2019 incl. Ladakh + merged DNH-DD),area-weighted state mean (LCC m2 weights),VERIFIED,IMD RF25/TMAX1/TMIN1
Andhra Pradesh,ANDHRA PRADESH,2019,935.2,33.57,23.14,365,365,365,97.6,100.0,301,32,SOI ABDB (post-2019 incl. Ladakh + merged DNH-DD),area-weighted state mean (LCC m2 weights),VERIFIED,IMD RF25/TMAX1/TMIN1
Bihar,BIHAR,2019,1231.8,31.04,19.95,365,365,365,100.0,100.0,183,19,SOI ABDB (post-2019 incl. Ladakh + merged DNH-DD),area-weighted state mean (LCC m2 weights),VERIFIED,IMD RF25/TMAX1/TMIN1
Goa,GOA,2019,4735.0,31.76,21.91,365,365,365,100.0,100.0,12,3,SOI ABDB (post-2019 incl. Ladakh + merged DNH-DD),area-weighted state mean (LCC m2 weights),VERIFIED,IMD RF25/TMAX1/TMIN1
Jharkhand,JHARKHAND,2019,1168.8,31.48,19.99,365,365,365,100.0,100.0,160,15,SOI ABDB (post-2019 incl. Ladakh + merged DNH-DD),area-weighted state mean (LCC m2 weights),VERIFIED,IMD RF25/TMAX1/TMIN1
Madhya Pradesh,MADHYA PRADESH,2019,1407.0,32.16,19.02,365,365,365,100.0,100.0,539,44,SOI ABDB (post-2019 incl. Ladakh + merged DNH-DD),area-weighted state mean (LCC m2 weights),VERIFIED,IMD RF25/TMAX1/TMIN1
Maharashtra,MAHARASHTRA,2019,1477.9,33.0,20.44,365,365,365,100.0,100.0,510,44,SOI ABDB (post-2019 incl. Ladakh + merged DNH-DD),area-weighted state mean (LCC m2 weights),VERIFIED,IMD RF25/TMAX1/TMIN1
Puducherry,PUDUCHERRY,2019,1272.8,34.03,25.14,365,365,365,100.0,100.0,8,5,SOI ABDB (post-2019 incl. Ladakh + merged DNH-DD),area-weighted state mean (LCC m2 weights),VERIFIED,IMD RF25/TMAX1/TMIN1
Rajasthan,RAJASTHAN,2019,653.7,32.2,19.35,365,365,365,100.0,100.0,589,50,SOI ABDB (post-2019 incl. Ladakh + merged DNH-DD),area-weighted state mean (LCC m2 weights),VERIFIED,IMD RF25/TMAX1/TMIN1
Tamil Nadu,TAMIL NADU,2019,929.5,33.19,23.47,365,365,365,97.3,100.0,217,20,SOI ABDB (post-2019 incl. Ladakh + merged DNH-DD),area-weighted state mean (LCC m2 weights),VERIFIED,IMD RF25/TMAX1/TMIN1
Telangana,TELANGANA,2019,1099.2,33.86,22.15,365,365,365,100.0,100.0,194,18,SOI ABDB (post-2019 incl. Ladakh + merged DNH-DD),area-weighted state mean (LCC m2 weights),VERIFIED,IMD RF25/TMAX1/TMIN1
Tripura,TRIPURA,2019,2313.6,28.74,18.26,365,365,365,95.7,100.0,25,5,SOI ABDB (post-2019 incl. Ladakh + merged DNH-DD),area-weighted state mean (LCC m2 weights),VERIFIED,IMD RF25/TMAX1/TMIN1
Uttarakhand,UTTARAKHAND,2019,1519.3,25.52,14.94,365,365,365,99.1,100.0,108,14,SOI ABDB (post-2019 incl. Ladakh + merged DNH-DD),area-weighted state mean (LCC m2 weights),VERIFIED,IMD RF25/TMAX1/TMIN1
Dadra & Nagar Haveli and Daman & Diu,DADRA & NAGAR HAVELI & DAMAN & DIU,2020,2300.8,32.57,21.84,366,366,366,99.9,100.0,10,4,SOI ABDB (post-2019 incl. Ladakh + merged DNH-DD),area-weighted state mean (LCC m2 weights),VERIFIED,IMD RF25/TMAX1/TMIN1
Jammu & Kashmir,JAMMU AND KASHMIR,2020,1123.1,22.67,10.3,366,366,366,99.8,100.0,112,12,SOI ABDB (post-2019 incl. Ladakh + merged DNH-DD),area-weighted state mean (LCC m2 weights),VERIFIED,IMD RF25/TMAX1/TMIN1
Ladakh,LADAKH,2020,386.1,20.97,8.38,366,366,366,99.2,100.0,328,32,SOI ABDB (post-2019 incl. Ladakh + merged DNH-DD),area-weighted state mean (LCC m2 weights),VERIFIED,IMD RF25/TMAX1/TMIN1
Himachal Pradesh,HIMACHAL PRADESH,2020,973.7,24.61,12.74,366,366,366,100.0,100.0,117,12,SOI ABDB (post-2019 incl. Ladakh + merged DNH-DD),area-weighted state mean (LCC m2 weights),VERIFIED,IMD RF25/TMAX1/TMIN1
Arunachal Pradesh,ARUNACHAL PRADESH,2020,2847.8,29.25,18.86,366,366,365,98.8,100.0,172,19,SOI ABDB (post-2019 incl. Ladakh + merged DNH-DD),area-weighted state mean (LCC m2 weights),VERIFIED,IMD RF25/TMAX1/TMIN1
Assam,ASSAM,2020,2273.0,28.61,18.34,366,366,366,100.0,100.0,168,19,SOI ABDB (post-2019 incl. Ladakh + merged DNH-DD),area-weighted state mean (LCC m2 weights),VERIFIED,IMD RF25/TMAX1/TMIN1
Manipur,MANIPUR,2020,1378.3,28.73,18.19,366,366,366,96.5,100.0,50,7,SOI ABDB (post-2019 incl. Ladakh + merged DNH-DD),area-weighted state mean (LCC m2 weights),VERIFIED,IMD RF25/TMAX1/TMIN1
Meghalaya,MEGHALAYA,2020,5244.4,28.43,18.38,366,366,366,98.6,100.0,50,7,SOI ABDB (post-2019 incl. Ladakh + merged DNH-DD),area-weighted state mean (LCC m2 weights),VERIFIED,IMD RF25/TMAX1/TMIN1
Mizoram,MIZORAM,2020,1702.3,28.64,18.2,366,366,366,96.1,100.0,50,8,SOI ABDB (post-2019 incl. Ladakh + merged DNH-DD),area-weighted state mean (LCC m2 weights),VERIFIED,IMD RF25/TMAX1/TMIN1
Nagaland,NAGALAND,2020,1577.9,29.23,18.58,366,366,366,97.3,100.0,42,7,SOI ABDB (post-2019 incl. Ladakh + merged DNH-DD),area-weighted state mean (LCC m2 weights),VERIFIED,IMD RF25/TMAX1/TMIN1
Sikkim,SIKKIM,2020,3546.7,26.35,17.36,366,366,366,99.5,100.0,24,2,SOI ABDB (post-2019 incl. Ladakh + merged DNH-DD),area-weighted state mean (LCC m2 weights),VERIFIED,IMD RF25/TMAX1/TMIN1
Lakshadweep,LAKSHADWEEP,2020,,,,0,0,0,0.0,0.0,16,5,SOI ABDB (post-2019 incl. Ladakh + merged DNH-DD),area-weighted state mean (LCC m2 weights),PARTIAL_COVERAGE,IMD RF25/TMAX1/TMIN1
Andaman & Nicobar Islands,ANDAMAN & NICOBAR,2020,,,,0,0,0,0.0,0.0,53,12,SOI ABDB (post-2019 incl. Ladakh + merged DNH-DD),area-weighted state mean (LCC m2 weights),PARTIAL_COVERAGE,IMD RF25/TMAX1/TMIN1
West Bengal,WEST BENGAL,2020,2032.0,30.42,20.65,366,366,366,98.4,100.0,187,22,SOI ABDB (post-2019 incl. Ladakh + merged DNH-DD),area-weighted state mean (LCC m2 weights),VERIFIED,IMD RF25/TMAX1/TMIN1
Kerala,KERALA,2020,2658.1,30.47,21.47,366,366,366,100.0,100.0,84,11,SOI ABDB (post-2019 incl. Ladakh + merged DNH-DD),area-weighted state mean (LCC m2 weights),VERIFIED,IMD RF25/TMAX1/TMIN1
Chhattisgarh,CHHATTISGARH,2020,1527.8,31.65,19.72,366,366,366,100.0,100.0,249,25,SOI ABDB (post-2019 incl. Ladakh + merged DNH-DD),area-weighted state mean (LCC m2 weights),VERIFIED,IMD RF25/TMAX1/TMIN1
Odisha,ODISHA,2020,1606.5,31.75,20.75,366,366,366,99.0,100.0,273,30,SOI ABDB (post-2019 incl. Ladakh + merged DNH-DD),area-weighted state mean (LCC m2 weights),VERIFIED,IMD RF25/TMAX1/TMIN1
Chandigarh,CHANDIGARH,2020,925.0,28.31,15.86,366,366,366,100.0,100.0,1,1,SOI ABDB (post-2019 incl. Ladakh + merged DNH-DD),area-weighted state mean (LCC m2 weights),VERIFIED,IMD RF25/TMAX1/TMIN1
Delhi,DELHI,2020,606.9,31.3,17.95,366,366,366,100.0,100.0,6,2,SOI ABDB (post-2019 incl. Ladakh + merged DNH-DD),area-weighted state mean (LCC m2 weights),VERIFIED,IMD RF25/TMAX1/TMIN1
Gujarat,GUJARAT,2020,1102.4,32.9,21.17,366,366,366,99.3,100.0,337,30,SOI ABDB (post-2019 incl. Ladakh + merged DNH-DD),area-weighted state mean (LCC m2 weights),VERIFIED,IMD RF25/TMAX1/TMIN1
Haryana,HARYANA,2020,569.4,30.67,17.34,366,366,366,100.0,100.0,104,12,SOI ABDB (post-2019 incl. Ladakh + merged DNH-DD),area-weighted state mean (LCC m2 weights),VERIFIED,IMD RF25/TMAX1/TMIN1
Punjab,PUNJAB,2020,638.4,29.19,16.02,366,366,366,100.0,100.0,106,13,SOI ABDB (post-2019 incl. Ladakh + merged DNH-DD),area-weighted state mean (LCC m2 weights),VERIFIED,IMD RF25/TMAX1/TMIN1
Uttar Pradesh,UTTAR PRADESH,2020,853.8,30.71,18.67,366,366,366,100.0,100.0,441,39,SOI ABDB (post-2019 incl. Ladakh + merged DNH-DD),area-weighted state mean (LCC m2 weights),VERIFIED,IMD RF25/TMAX1/TMIN1
Karnataka,KARNATAKA,2020,1339.4,31.22,20.49,366,366,366,100.0,100.0,325,30,SOI ABDB (post-2019 incl. Ladakh + merged DNH-DD),area-weighted state mean (LCC m2 weights),VERIFIED,IMD RF25/TMAX1/TMIN1
Andhra Pradesh,ANDHRA PRADESH,2020,1281.4,32.8,22.92,366,366,366,97.6,100.0,301,32,SOI ABDB (post-2019 incl. Ladakh + merged DNH-DD),area-weighted state mean (LCC m2 weights),VERIFIED,IMD RF25/TMAX1/TMIN1
Bihar,BIHAR,2020,1586.1,30.27,19.67,366,366,366,100.0,100.0,183,19,SOI ABDB (post-2019 incl. Ladakh + merged DNH-DD),area-weighted state mean (LCC m2 weights),VERIFIED,IMD RF25/TMAX1/TMIN1
Goa,GOA,2020,4563.5,31.36,22.17,366,366,366,100.0,100.0,12,3,SOI ABDB (post-2019 incl. Ladakh + merged DNH-DD),area-weighted state mean (LCC m2 weights),VERIFIED,IMD RF25/TMAX1/TMIN1
Jharkhand,JHARKHAND,2020,1270.5,30.78,19.63,366,366,366,100.0,100.0,160,15,SOI ABDB (post-2019 incl. Ladakh + merged DNH-DD),area-weighted state mean (LCC m2 weights),VERIFIED,IMD RF25/TMAX1/TMIN1
Madhya Pradesh,MADHYA PRADESH,2020,1100.6,31.99,18.83,366,366,366,100.0,100.0,539,44,SOI ABDB (post-2019 incl. Ladakh + merged DNH-DD),area-weighted state mean (LCC m2 weights),VERIFIED,IMD RF25/TMAX1/TMIN1
Maharashtra,MAHARASHTRA,2020,1308.0,32.62,20.31,366,366,366,100.0,100.0,510,44,SOI ABDB (post-2019 incl. Ladakh + merged DNH-DD),area-weighted state mean (LCC m2 weights),VERIFIED,IMD RF25/TMAX1/TMIN1
Puducherry,PUDUCHERRY,2020,1538.0,33.57,24.88,366,366,366,100.0,100.0,8,5,SOI ABDB (post-2019 incl. Ladakh + merged DNH-DD),area-weighted state mean (LCC m2 weights),VERIFIED,IMD RF25/TMAX1/TMIN1
Rajasthan,RAJASTHAN,2020,497.9,32.56,18.98,366,366,366,100.0,100.0,589,50,SOI ABDB (post-2019 incl. Ladakh + merged DNH-DD),area-weighted state mean (LCC m2 weights),VERIFIED,IMD RF25/TMAX1/TMIN1
Tamil Nadu,TAMIL NADU,2020,1018.7,32.8,23.28,366,366,366,97.3,100.0,217,20,SOI ABDB (post-2019 incl. Ladakh + merged DNH-DD),area-weighted state mean (LCC m2 weights),VERIFIED,IMD RF25/TMAX1/TMIN1
Telangana,TELANGANA,2020,1411.1,33.06,21.7,366,366,366,100.0,100.0,194,18,SOI ABDB (post-2019 incl. Ladakh + merged DNH-DD),area-weighted state mean (LCC m2 weights),VERIFIED,IMD RF25/TMAX1/TMIN1
Tripura,TRIPURA,2020,2160.3,28.65,18.29,366,366,366,95.7,100.0,25,5,SOI ABDB (post-2019 incl. Ladakh + merged DNH-DD),area-weighted state mean (LCC m2 weights),VERIFIED,IMD RF25/TMAX1/TMIN1
Uttarakhand,UTTARAKHAND,2020,1489.2,25.63,14.72,366,366,366,99.1,100.0,108,14,SOI ABDB (post-2019 incl. Ladakh + merged DNH-DD),area-weighted state mean (LCC m2 weights),VERIFIED,IMD RF25/TMAX1/TMIN1
Dadra & Nagar Haveli and Daman & Diu,DADRA & NAGAR HAVELI & DAMAN & DIU,2021,2835.9,32.54,21.95,365,365,365,99.9,100.0,10,4,SOI ABDB (post-2019 incl. Ladakh + merged DNH-DD),area-weighted state mean (LCC m2 weights),VERIFIED,IMD RF25/TMAX1/TMIN1
Jammu & Kashmir,JAMMU AND KASHMIR,2021,1064.4,23.28,11.07,365,365,365,99.8,100.0,112,12,SOI ABDB (post-2019 incl. Ladakh + merged DNH-DD),area-weighted state mean (LCC m2 weights),VERIFIED,IMD RF25/TMAX1/TMIN1
Ladakh,LADAKH,2021,288.7,21.44,9.14,365,365,363,99.2,100.0,328,32,SOI ABDB (post-2019 incl. Ladakh + merged DNH-DD),area-weighted state mean (LCC m2 weights),VERIFIED,IMD RF25/TMAX1/TMIN1
Himachal Pradesh,HIMACHAL PRADESH,2021,1045.8,25.36,13.43,365,365,365,100.0,100.0,117,12,SOI ABDB (post-2019 incl. Ladakh + merged DNH-DD),area-weighted state mean (LCC m2 weights),VERIFIED,IMD RF25/TMAX1/TMIN1
Arunachal Pradesh,ARUNACHAL PRADESH,2021,2034.7,30.21,18.95,365,365,365,98.8,100.0,172,19,SOI ABDB (post-2019 incl. Ladakh + merged DNH-DD),area-weighted state mean (LCC m2 weights),VERIFIED,IMD RF25/TMAX1/TMIN1
Assam,ASSAM,2021,1603.0,29.48,18.52,365,365,365,100.0,100.0,168,19,SOI ABDB (post-2019 incl. Ladakh + merged DNH-DD),area-weighted state mean (LCC m2 weights),VERIFIED,IMD RF25/TMAX1/TMIN1
Manipur,MANIPUR,2021,987.2,29.6,18.31,365,365,365,96.5,100.0,50,7,SOI ABDB (post-2019 incl. Ladakh + merged DNH-DD),area-weighted state mean (LCC m2 weights),VERIFIED,IMD RF25/TMAX1/TMIN1
Meghalaya,MEGHALAYA,2021,3661.0,29.28,18.63,365,365,365,98.6,100.0,50,7,SOI ABDB (post-2019 incl. Ladakh + merged DNH-DD),area-weighted state mean (LCC m2 weights),VERIFIED,IMD RF25/TMAX1/TMIN1
Mizoram,MIZORAM,2021,1813.8,29.24,18.36,365,365,365,96.1,100.0,50,8,SOI ABDB (post-2019 incl. Ladakh + merged DNH-DD),area-weighted state mean (LCC m2 weights),VERIFIED,IMD RF25/TMAX1/TMIN1
Nagaland,NAGALAND,2021,1075.1,30.12,18.68,365,365,365,97.3,100.0,42,7,SOI ABDB (post-2019 incl. Ladakh + merged DNH-DD),area-weighted state mean (LCC m2 weights),VERIFIED,IMD RF25/TMAX1/TMIN1
Sikkim,SIKKIM,2021,3218.1,27.07,17.92,365,365,365,99.5,100.0,24,2,SOI ABDB (post-2019 incl. Ladakh + merged DNH-DD),area-weighted state mean (LCC m2 weights),VERIFIED,IMD RF25/TMAX1/TMIN1
Lakshadweep,LAKSHADWEEP,2021,,,,0,0,0,0.0,0.0,16,5,SOI ABDB (post-2019 incl. Ladakh + merged DNH-DD),area-weighted state mean (LCC m2 weights),PARTIAL_COVERAGE,IMD RF25/TMAX1/TMIN1
Andaman & Nicobar Islands,ANDAMAN & NICOBAR,2021,,,,0,0,0,0.0,0.0,53,12,SOI ABDB (post-2019 incl. Ladakh + merged DNH-DD),area-weighted state mean (LCC m2 weights),PARTIAL_COVERAGE,IMD RF25/TMAX1/TMIN1
West Bengal,WEST BENGAL,2021,2072.7,30.92,21.12,365,365,365,98.4,100.0,187,22,SOI ABDB (post-2019 incl. Ladakh + merged DNH-DD),area-weighted state mean (LCC m2 weights),VERIFIED,IMD RF25/TMAX1/TMIN1
Kerala,KERALA,2021,3256.3,29.95,21.2,365,365,365,100.0,100.0,84,11,SOI ABDB (post-2019 incl. Ladakh + merged DNH-DD),area-weighted state mean (LCC m2 weights),VERIFIED,IMD RF25/TMAX1/TMIN1
Chhattisgarh,CHHATTISGARH,2021,1275.3,32.01,20.0,365,365,365,100.0,100.0,249,25,SOI ABDB (post-2019 incl. Ladakh + merged DNH-DD),area-weighted state mean (LCC m2 weights),VERIFIED,IMD RF25/TMAX1/TMIN1
Odisha,ODISHA,2021,1468.5,32.16,21.34,365,365,365,99.0,100.0,273,30,SOI ABDB (post-2019 incl. Ladakh + merged DNH-DD),area-weighted state mean (LCC m2 weights),VERIFIED,IMD RF25/TMAX1/TMIN1
Chandigarh,CHANDIGARH,2021,847.6,29.1,16.52,365,365,365,100.0,100.0,1,1,SOI ABDB (post-2019 incl. Ladakh + merged DNH-DD),area-weighted state mean (LCC m2 weights),VERIFIED,IMD RF25/TMAX1/TMIN1
Delhi,DELHI,2021,1007.4,31.76,18.39,365,365,365,100.0,100.0,6,2,SOI ABDB (post-2019 incl. Ladakh + merged DNH-DD),area-weighted state mean (LCC m2 weights),VERIFIED,IMD RF25/TMAX1/TMIN1
Gujarat,GUJARAT,2021,793.6,32.99,21.33,365,365,365,99.3,100.0,337,30,SOI ABDB (post-2019 incl. Ladakh + merged DNH-DD),area-weighted state mean (LCC m2 weights),VERIFIED,IMD RF25/TMAX1/TMIN1
Haryana,HARYANA,2021,724.4,31.15,17.77,365,365,365,100.0,100.0,104,12,SOI ABDB (post-2019 incl. Ladakh + merged DNH-DD),area-weighted state mean (LCC m2 weights),VERIFIED,IMD RF25/TMAX1/TMIN1
Punjab,PUNJAB,2021,643.5,29.97,16.74,365,365,365,100.0,100.0,106,13,SOI ABDB (post-2019 incl. Ladakh + merged DNH-DD),area-weighted state mean (LCC m2 weights),VERIFIED,IMD RF25/TMAX1/TMIN1
Uttar Pradesh,UTTAR PRADESH,2021,1039.0,31.17,18.84,365,365,365,100.0,100.0,441,39,SOI ABDB (post-2019 incl. Ladakh + merged DNH-DD),area-weighted state mean (LCC m2 weights),VERIFIED,IMD RF25/TMAX1/TMIN1
Karnataka,KARNATAKA,2021,1387.6,30.85,20.32,365,365,365,100.0,100.0,325,30,SOI ABDB (post-2019 incl. Ladakh + merged DNH-DD),area-weighted state mean (LCC m2 weights),VERIFIED,IMD RF25/TMAX1/TMIN1
Andhra Pradesh,ANDHRA PRADESH,2021,1199.3,32.69,22.79,365,365,365,97.6,100.0,301,32,SOI ABDB (post-2019 incl. Ladakh + merged DNH-DD),area-weighted state mean (LCC m2 weights),VERIFIED,IMD RF25/TMAX1/TMIN1
Bihar,BIHAR,2021,1558.0,30.73,19.94,365,365,365,100.0,100.0,183,19,SOI ABDB (post-2019 incl. Ladakh + merged DNH-DD),area-weighted state mean (LCC m2 weights),VERIFIED,IMD RF25/TMAX1/TMIN1
Goa,GOA,2021,4219.6,31.1,22.1,365,365,365,100.0,100.0,12,3,SOI ABDB (post-2019 incl. Ladakh + merged DNH-DD),area-weighted state mean (LCC m2 weights),VERIFIED,IMD RF25/TMAX1/TMIN1
Jharkhand,JHARKHAND,2021,1472.1,31.31,19.95,365,365,365,100.0,100.0,160,15,SOI ABDB (post-2019 incl. Ladakh + merged DNH-DD),area-weighted state mean (LCC m2 weights),VERIFIED,IMD RF25/TMAX1/TMIN1
Madhya Pradesh,MADHYA PRADESH,2021,1098.4,32.22,18.8,365,365,365,100.0,100.0,539,44,SOI ABDB (post-2019 incl. Ladakh + merged DNH-DD),area-weighted state mean (LCC m2 weights),VERIFIED,IMD RF25/TMAX1/TMIN1
Maharashtra,MAHARASHTRA,2021,1375.7,32.54,20.35,365,365,365,100.0,100.0,510,44,SOI ABDB (post-2019 incl. Ladakh + merged DNH-DD),area-weighted state mean (LCC m2 weights),VERIFIED,IMD RF25/TMAX1/TMIN1
Puducherry,PUDUCHERRY,2021,2164.9,33.26,24.65,365,365,365,100.0,100.0,8,5,SOI ABDB (post-2019 incl. Ladakh + merged DNH-DD),area-weighted state mean (LCC m2 weights),VERIFIED,IMD RF25/TMAX1/TMIN1
Rajasthan,RAJASTHAN,2021,590.2,32.77,19.09,365,365,365,100.0,100.0,589,50,SOI ABDB (post-2019 incl. Ladakh + merged DNH-DD),area-weighted state mean (LCC m2 weights),VERIFIED,IMD RF25/TMAX1/TMIN1
Tamil Nadu,TAMIL NADU,2021,1423.0,32.37,23.02,365,365,365,97.3,100.0,217,20,SOI ABDB (post-2019 incl. Ladakh + merged DNH-DD),area-weighted state mean (LCC m2 weights),VERIFIED,IMD RF25/TMAX1/TMIN1
Telangana,TELANGANA,2021,1213.7,32.92,21.52,365,365,365,100.0,100.0,194,18,SOI ABDB (post-2019 incl. Ladakh + merged DNH-DD),area-weighted state mean (LCC m2 weights),VERIFIED,IMD RF25/TMAX1/TMIN1
Tripura,TRIPURA,2021,1839.6,29.27,18.52,365,365,365,95.7,100.0,25,5,SOI ABDB (post-2019 incl. Ladakh + merged DNH-DD),area-weighted state mean (LCC m2 weights),VERIFIED,IMD RF25/TMAX1/TMIN1
Uttarakhand,UTTARAKHAND,2021,1794.8,26.26,15.2,365,365,365,99.1,100.0,108,14,SOI ABDB (post-2019 incl. Ladakh + merged DNH-DD),area-weighted state mean (LCC m2 weights),VERIFIED,IMD RF25/TMAX1/TMIN1
Dadra & Nagar Haveli and Daman & Diu,DADRA & NAGAR HAVELI & DAMAN & DIU,2022,3392.6,32.86,21.51,365,365,365,99.9,100.0,10,4,SOI ABDB (post-2019 incl. Ladakh + merged DNH-DD),area-weighted state mean (LCC m2 weights),VERIFIED,IMD RF25/TMAX1/TMIN1
Jammu & Kashmir,JAMMU AND KASHMIR,2022,1110.5,23.94,11.62,365,365,365,99.8,100.0,112,12,SOI ABDB (post-2019 incl. Ladakh + merged DNH-DD),area-weighted state mean (LCC m2 weights),VERIFIED,IMD RF25/TMAX1/TMIN1
Ladakh,LADAKH,2022,298.9,22.14,9.67,365,364,365,99.2,99.7,328,32,SOI ABDB (post-2019 incl. Ladakh + merged DNH-DD),area-weighted state mean (LCC m2 weights),VERIFIED,IMD RF25/TMAX1/TMIN1
Himachal Pradesh,HIMACHAL PRADESH,2022,1090.6,25.9,14.01,365,365,365,100.0,100.0,117,12,SOI ABDB (post-2019 incl. Ladakh + merged DNH-DD),area-weighted state mean (LCC m2 weights),VERIFIED,IMD RF25/TMAX1/TMIN1
Arunachal Pradesh,ARUNACHAL PRADESH,2022,2886.2,29.59,18.89,365,365,365,98.8,100.0,172,19,SOI ABDB (post-2019 incl. Ladakh + merged DNH-DD),area-weighted state mean (LCC m2 weights),VERIFIED,IMD RF25/TMAX1/TMIN1
Assam,ASSAM,2022,2390.1,29.04,18.58,365,365,365,100.0,100.0,168,19,SOI ABDB (post-2019 incl. Ladakh + merged DNH-DD),area-weighted state mean (LCC m2 weights),VERIFIED,IMD RF25/TMAX1/TMIN1
Manipur,MANIPUR,2022,1448.2,29.1,18.3,365,365,365,96.5,100.0,50,7,SOI ABDB (post-2019 incl. Ladakh + merged DNH-DD),area-weighted state mean (LCC m2 weights),VERIFIED,IMD RF25/TMAX1/TMIN1
Meghalaya,MEGHALAYA,2022,5367.8,28.97,18.78,365,365,365,98.6,100.0,50,7,SOI ABDB (post-2019 incl. Ladakh + merged DNH-DD),area-weighted state mean (LCC m2 weights),VERIFIED,IMD RF25/TMAX1/TMIN1
Mizoram,MIZORAM,2022,1986.1,28.83,18.47,365,365,365,96.1,100.0,50,8,SOI ABDB (post-2019 incl. Ladakh + merged DNH-DD),area-weighted state mean (LCC m2 weights),VERIFIED,IMD RF25/TMAX1/TMIN1
Nagaland,NAGALAND,2022,1620.7,29.57,18.66,365,365,365,97.3,100.0,42,7,SOI ABDB (post-2019 incl. Ladakh + merged DNH-DD),area-weighted state mean (LCC m2 weights),VERIFIED,IMD RF25/TMAX1/TMIN1
Sikkim,SIKKIM,2022,3673.4,27.11,18.08,365,365,365,99.5,100.0,24,2,SOI ABDB (post-2019 incl. Ladakh + merged DNH-DD),area-weighted state mean (LCC m2 weights),VERIFIED,IMD RF25/TMAX1/TMIN1
Lakshadweep,LAKSHADWEEP,2022,,,,0,0,0,0.0,0.0,16,5,SOI ABDB (post-2019 incl. Ladakh + merged DNH-DD),area-weighted state mean (LCC m2 weights),PARTIAL_COVERAGE,IMD RF25/TMAX1/TMIN1
Andaman & Nicobar Islands,ANDAMAN & NICOBAR,2022,,,,0,0,0,0.0,0.0,53,12,SOI ABDB (post-2019 incl. Ladakh + merged DNH-DD),area-weighted state mean (LCC m2 weights),PARTIAL_COVERAGE,IMD RF25/TMAX1/TMIN1
West Bengal,WEST BENGAL,2022,1549.0,30.87,21.17,365,365,365,98.4,100.0,187,22,SOI ABDB (post-2019 incl. Ladakh + merged DNH-DD),area-weighted state mean (LCC m2 weights),VERIFIED,IMD RF25/TMAX1/TMIN1
Kerala,KERALA,2022,2814.2,30.02,20.93,365,365,365,100.0,100.0,84,11,SOI ABDB (post-2019 incl. Ladakh + merged DNH-DD),area-weighted state mean (LCC m2 weights),VERIFIED,IMD RF25/TMAX1/TMIN1
Chhattisgarh,CHHATTISGARH,2022,1396.2,32.36,20.13,365,365,365,100.0,100.0,249,25,SOI ABDB (post-2019 incl. Ladakh + merged DNH-DD),area-weighted state mean (LCC m2 weights),VERIFIED,IMD RF25/TMAX1/TMIN1
Odisha,ODISHA,2022,1462.4,32.23,21.33,365,365,365,99.0,100.0,273,30,SOI ABDB (post-2019 incl. Ladakh + merged DNH-DD),area-weighted state mean (LCC m2 weights),VERIFIED,IMD RF25/TMAX1/TMIN1
Chandigarh,CHANDIGARH,2022,1258.1,29.63,17.11,365,365,365,100.0,100.0,1,1,SOI ABDB (post-2019 incl. Ladakh + merged DNH-DD),area-weighted state mean (LCC m2 weights),VERIFIED,IMD RF25/TMAX1/TMIN1
Delhi,DELHI,2022,681.2,32.08,19.03,365,365,365,100.0,100.0,6,2,SOI ABDB (post-2019 incl. Ladakh + merged DNH-DD),area-weighted state mean (LCC m2 weights),VERIFIED,IMD RF25/TMAX1/TMIN1
Gujarat,GUJARAT,2022,935.6,33.31,21.31,365,365,365,99.3,100.0,337,30,SOI ABDB (post-2019 incl. Ladakh + merged DNH-DD),area-weighted state mean (LCC m2 weights),VERIFIED,IMD RF25/TMAX1/TMIN1
Haryana,HARYANA,2022,700.7,31.47,18.35,365,365,365,100.0,100.0,104,12,SOI ABDB (post-2019 incl. Ladakh + merged DNH-DD),area-weighted state mean (LCC m2 weights),VERIFIED,IMD RF25/TMAX1/TMIN1
Punjab,PUNJAB,2022,717.5,30.53,17.32,365,365,365,100.0,100.0,106,13,SOI ABDB (post-2019 incl. Ladakh + merged DNH-DD),area-weighted state mean (LCC m2 weights),VERIFIED,IMD RF25/TMAX1/TMIN1
Uttar Pradesh,UTTAR PRADESH,2022,837.1,31.64,19.1,365,365,365,100.0,100.0,441,39,SOI ABDB (post-2019 incl. Ladakh + merged DNH-DD),area-weighted state mean (LCC m2 weights),VERIFIED,IMD RF25/TMAX1/TMIN1
Karnataka,KARNATAKA,2022,1477.2,30.96,19.95,365,365,365,100.0,100.0,325,30,SOI ABDB (post-2019 incl. Ladakh + merged DNH-DD),area-weighted state mean (LCC m2 weights),VERIFIED,IMD RF25/TMAX1/TMIN1
Andhra Pradesh,ANDHRA PRADESH,2022,1070.5,32.66,22.68,365,365,365,97.6,100.0,301,32,SOI ABDB (post-2019 incl. Ladakh + merged DNH-DD),area-weighted state mean (LCC m2 weights),VERIFIED,IMD RF25/TMAX1/TMIN1
Bihar,BIHAR,2022,974.4,31.17,20.05,365,365,365,100.0,100.0,183,19,SOI ABDB (post-2019 incl. Ladakh + merged DNH-DD),area-weighted state mean (LCC m2 weights),VERIFIED,IMD RF25/TMAX1/TMIN1
Goa,GOA,2022,3647.7,31.18,21.66,365,365,365,100.0,100.0,12,3,SOI ABDB (post-2019 incl. Ladakh + merged DNH-DD),area-weighted state mean (LCC m2 weights),VERIFIED,IMD RF25/TMAX1/TMIN1
Jharkhand,JHARKHAND,2022,1021.1,31.7,20.01,365,365,365,100.0,100.0,160,15,SOI ABDB (post-2019 incl. Ladakh + merged DNH-DD),area-weighted state mean (LCC m2 weights),VERIFIED,IMD RF25/TMAX1/TMIN1
Madhya Pradesh,MADHYA PRADESH,2022,1321.4,32.58,18.8,365,365,365,100.0,100.0,539,44,SOI ABDB (post-2019 incl. Ladakh + merged DNH-DD),area-weighted state mean (LCC m2 weights),VERIFIED,IMD RF25/TMAX1/TMIN1
Maharashtra,MAHARASHTRA,2022,1376.3,32.78,20.22,365,365,365,100.0,100.0,510,44,SOI ABDB (post-2019 incl. Ladakh + merged DNH-DD),area-weighted state mean (LCC m2 weights),VERIFIED,IMD RF25/TMAX1/TMIN1
Puducherry,PUDUCHERRY,2022,1280.5,33.26,24.45,365,365,365,100.0,100.0,8,5,SOI ABDB (post-2019 incl. Ladakh + merged DNH-DD),area-weighted state mean (LCC m2 weights),VERIFIED,IMD RF25/TMAX1/TMIN1
Rajasthan,RAJASTHAN,2022,653.0,33.07,19.35,365,365,365,100.0,100.0,589,50,SOI ABDB (post-2019 incl. Ladakh + merged DNH-DD),area-weighted state mean (LCC m2 weights),VERIFIED,IMD RF25/TMAX1/TMIN1
Tamil Nadu,TAMIL NADU,2022,1131.5,32.39,22.81,365,365,365,97.3,100.0,217,20,SOI ABDB (post-2019 incl. Ladakh + merged DNH-DD),area-weighted state mean (LCC m2 weights),VERIFIED,IMD RF25/TMAX1/TMIN1
Telangana,TELANGANA,2022,1331.8,32.99,21.61,365,365,365,100.0,100.0,194,18,SOI ABDB (post-2019 incl. Ladakh + merged DNH-DD),area-weighted state mean (LCC m2 weights),VERIFIED,IMD RF25/TMAX1/TMIN1
Tripura,TRIPURA,2022,2006.0,28.91,18.66,365,365,365,95.7,100.0,25,5,SOI ABDB (post-2019 incl. Ladakh + merged DNH-DD),area-weighted state mean (LCC m2 weights),VERIFIED,IMD RF25/TMAX1/TMIN1
Uttarakhand,UTTARAKHAND,2022,1592.0,26.55,15.78,365,365,365,99.1,100.0,108,14,SOI ABDB (post-2019 incl. Ladakh + merged DNH-DD),area-weighted state mean (LCC m2 weights),VERIFIED,IMD RF25/TMAX1/TMIN1
Dadra & Nagar Haveli and Daman & Diu,DADRA & NAGAR HAVELI & DAMAN & DIU,2023,2513.9,32.81,21.61,365,365,365,99.9,100.0,10,4,SOI ABDB (post-2019 incl. Ladakh + merged DNH-DD),area-weighted state mean (LCC m2 weights),VERIFIED,IMD RF25/TMAX1/TMIN1
Jammu & Kashmir,JAMMU AND KASHMIR,2023,1105.5,23.14,11.03,365,365,365,99.8,100.0,112,12,SOI ABDB (post-2019 incl. Ladakh + merged DNH-DD),area-weighted state mean (LCC m2 weights),VERIFIED,IMD RF25/TMAX1/TMIN1
Ladakh,LADAKH,2023,247.4,21.39,9.14,365,365,365,99.2,100.0,328,32,SOI ABDB (post-2019 incl. Ladakh + merged DNH-DD),area-weighted state mean (LCC m2 weights),VERIFIED,IMD RF25/TMAX1/TMIN1
Himachal Pradesh,HIMACHAL PRADESH,2023,1259.7,25.07,13.31,365,365,365,100.0,100.0,117,12,SOI ABDB (post-2019 incl. Ladakh + merged DNH-DD),area-weighted state mean (LCC m2 weights),VERIFIED,IMD RF25/TMAX1/TMIN1
Arunachal Pradesh,ARUNACHAL PRADESH,2023,2124.1,29.99,19.06,365,365,365,98.8,100.0,172,19,SOI ABDB (post-2019 incl. Ladakh + merged DNH-DD),area-weighted state mean (LCC m2 weights),VERIFIED,IMD RF25/TMAX1/TMIN1
Assam,ASSAM,2023,1892.1,29.43,18.74,365,365,365,100.0,100.0,168,19,SOI ABDB (post-2019 incl. Ladakh + merged DNH-DD),area-weighted state mean (LCC m2 weights),VERIFIED,IMD RF25/TMAX1/TMIN1
Manipur,MANIPUR,2023,942.0,29.48,18.48,365,365,365,96.5,100.0,50,7,SOI ABDB (post-2019 incl. Ladakh + merged DNH-DD),area-weighted state mean (LCC m2 weights),VERIFIED,IMD RF25/TMAX1/TMIN1
Meghalaya,MEGHALAYA,2023,3212.1,29.45,18.99,365,365,365,98.6,100.0,50,7,SOI ABDB (post-2019 incl. Ladakh + merged DNH-DD),area-weighted state mean (LCC m2 weights),VERIFIED,IMD RF25/TMAX1/TMIN1
Mizoram,MIZORAM,2023,1703.6,29.21,18.74,365,365,365,96.1,100.0,50,8,SOI ABDB (post-2019 incl. Ladakh + merged DNH-DD),area-weighted state mean (LCC m2 weights),VERIFIED,IMD RF25/TMAX1/TMIN1
Nagaland,NAGALAND,2023,1781.2,29.97,18.83,365,365,365,97.3,100.0,42,7,SOI ABDB (post-2019 incl. Ladakh + merged DNH-DD),area-weighted state mean (LCC m2 weights),VERIFIED,IMD RF25/TMAX1/TMIN1
Sikkim,SIKKIM,2023,3072.5,27.65,18.16,365,365,365,99.5,100.0,24,2,SOI ABDB (post-2019 incl. Ladakh + merged DNH-DD),area-weighted state mean (LCC m2 weights),VERIFIED,IMD RF25/TMAX1/TMIN1
Lakshadweep,LAKSHADWEEP,2023,,,,0,0,0,0.0,0.0,16,5,SOI ABDB (post-2019 incl. Ladakh + merged DNH-DD),area-weighted state mean (LCC m2 weights),PARTIAL_COVERAGE,IMD RF25/TMAX1/TMIN1
Andaman & Nicobar Islands,ANDAMAN & NICOBAR,2023,,,,0,0,0,0.0,0.0,53,12,SOI ABDB (post-2019 incl. Ladakh + merged DNH-DD),area-weighted state mean (LCC m2 weights),PARTIAL_COVERAGE,IMD RF25/TMAX1/TMIN1
West Bengal,WEST BENGAL,2023,1627.7,31.41,21.54,365,365,365,98.4,100.0,187,22,SOI ABDB (post-2019 incl. Ladakh + merged DNH-DD),area-weighted state mean (LCC m2 weights),VERIFIED,IMD RF25/TMAX1/TMIN1
Kerala,KERALA,2023,2268.3,30.76,21.3,365,365,365,100.0,100.0,84,11,SOI ABDB (post-2019 incl. Ladakh + merged DNH-DD),area-weighted state mean (LCC m2 weights),VERIFIED,IMD RF25/TMAX1/TMIN1
Chhattisgarh,CHHATTISGARH,2023,1256.8,32.48,20.23,365,365,365,100.0,100.0,249,25,SOI ABDB (post-2019 incl. Ladakh + merged DNH-DD),area-weighted state mean (LCC m2 weights),VERIFIED,IMD RF25/TMAX1/TMIN1
Odisha,ODISHA,2023,1409.1,32.78,21.52,365,365,365,99.0,100.0,273,30,SOI ABDB (post-2019 incl. Ladakh + merged DNH-DD),area-weighted state mean (LCC m2 weights),VERIFIED,IMD RF25/TMAX1/TMIN1
Chandigarh,CHANDIGARH,2023,1563.1,28.77,16.42,365,365,365,100.0,100.0,1,1,SOI ABDB (post-2019 incl. Ladakh + merged DNH-DD),area-weighted state mean (LCC m2 weights),VERIFIED,IMD RF25/TMAX1/TMIN1
Delhi,DELHI,2023,746.2,31.39,18.51,365,365,365,100.0,100.0,6,2,SOI ABDB (post-2019 incl. Ladakh + merged DNH-DD),area-weighted state mean (LCC m2 weights),VERIFIED,IMD RF25/TMAX1/TMIN1
Gujarat,GUJARAT,2023,900.1,32.88,21.43,365,365,365,99.3,100.0,337,30,SOI ABDB (post-2019 incl. Ladakh + merged DNH-DD),area-weighted state mean (LCC m2 weights),VERIFIED,IMD RF25/TMAX1/TMIN1
Haryana,HARYANA,2023,611.4,30.69,17.87,365,365,365,100.0,100.0,104,12,SOI ABDB (post-2019 incl. Ladakh + merged DNH-DD),area-weighted state mean (LCC m2 weights),VERIFIED,IMD RF25/TMAX1/TMIN1
Punjab,PUNJAB,2023,747.8,29.62,16.64,365,365,365,100.0,100.0,106,13,SOI ABDB (post-2019 incl. Ladakh + merged DNH-DD),area-weighted state mean (LCC m2 weights),VERIFIED,IMD RF25/TMAX1/TMIN1
Uttar Pradesh,UTTAR PRADESH,2023,771.7,31.23,18.98,365,365,365,100.0,100.0,441,39,SOI ABDB (post-2019 incl. Ladakh + merged DNH-DD),area-weighted state mean (LCC m2 weights),VERIFIED,IMD RF25/TMAX1/TMIN1
Karnataka,KARNATAKA,2023,869.2,31.82,20.1,365,365,365,100.0,100.0,325,30,SOI ABDB (post-2019 incl. Ladakh + merged DNH-DD),area-weighted state mean (LCC m2 weights),VERIFIED,IMD RF25/TMAX1/TMIN1
Andhra Pradesh,ANDHRA PRADESH,2023,889.5,33.5,22.85,365,365,365,97.6,100.0,301,32,SOI ABDB (post-2019 incl. Ladakh + merged DNH-DD),area-weighted state mean (LCC m2 weights),VERIFIED,IMD RF25/TMAX1/TMIN1
Bihar,BIHAR,2023,992.8,31.62,20.22,365,365,365,100.0,100.0,183,19,SOI ABDB (post-2019 incl. Ladakh + merged DNH-DD),area-weighted state mean (LCC m2 weights),VERIFIED,IMD RF25/TMAX1/TMIN1
Goa,GOA,2023,3676.2,32.1,21.7,365,365,365,100.0,100.0,12,3,SOI ABDB (post-2019 incl. Ladakh + merged DNH-DD),area-weighted state mean (LCC m2 weights),VERIFIED,IMD RF25/TMAX1/TMIN1
Jharkhand,JHARKHAND,2023,1110.5,32.09,20.25,365,365,365,100.0,100.0,160,15,SOI ABDB (post-2019 incl. Ladakh + merged DNH-DD),area-weighted state mean (LCC m2 weights),VERIFIED,IMD RF25/TMAX1/TMIN1
Madhya Pradesh,MADHYA PRADESH,2023,1075.5,32.05,18.71,365,365,365,100.0,100.0,539,44,SOI ABDB (post-2019 incl. Ladakh + merged DNH-DD),area-weighted state mean (LCC m2 weights),VERIFIED,IMD RF25/TMAX1/TMIN1
Maharashtra,MAHARASHTRA,2023,1071.3,32.8,19.99,365,365,365,100.0,100.0,510,44,SOI ABDB (post-2019 incl. Ladakh + merged DNH-DD),area-weighted state mean (LCC m2 weights),VERIFIED,IMD RF25/TMAX1/TMIN1
Puducherry,PUDUCHERRY,2023,1327.3,33.81,24.54,365,365,365,100.0,100.0,8,5,SOI ABDB (post-2019 incl. Ladakh + merged DNH-DD),area-weighted state mean (LCC m2 weights),VERIFIED,IMD RF25/TMAX1/TMIN1
Rajasthan,RAJASTHAN,2023,617.6,32.21,19.12,365,365,365,100.0,100.0,589,50,SOI ABDB (post-2019 incl. Ladakh + merged DNH-DD),area-weighted state mean (LCC m2 weights),VERIFIED,IMD RF25/TMAX1/TMIN1
Tamil Nadu,TAMIL NADU,2023,1031.4,33.02,23.04,365,365,365,97.3,100.0,217,20,SOI ABDB (post-2019 incl. Ladakh + merged DNH-DD),area-weighted state mean (LCC m2 weights),VERIFIED,IMD RF25/TMAX1/TMIN1
Telangana,TELANGANA,2023,1121.2,33.37,21.63,365,365,365,100.0,100.0,194,18,SOI ABDB (post-2019 incl. Ladakh + merged DNH-DD),area-weighted state mean (LCC m2 weights),VERIFIED,IMD RF25/TMAX1/TMIN1
Tripura,TRIPURA,2023,1947.6,29.25,18.93,365,365,365,95.7,100.0,25,5,SOI ABDB (post-2019 incl. Ladakh + merged DNH-DD),area-weighted state mean (LCC m2 weights),VERIFIED,IMD RF25/TMAX1/TMIN1
Uttarakhand,UTTARAKHAND,2023,1587.0,25.91,15.19,365,365,365,99.1,100.0,108,14,SOI ABDB (post-2019 incl. Ladakh + merged DNH-DD),area-weighted state mean (LCC m2 weights),VERIFIED,IMD RF25/TMAX1/TMIN1
Dadra & Nagar Haveli and Daman & Diu,DADRA & NAGAR HAVELI & DAMAN & DIU,2024,2992.4,32.76,21.66,366,366,366,99.9,100.0,10,4,SOI ABDB (post-2019 incl. Ladakh + merged DNH-DD),area-weighted state mean (LCC m2 weights),VERIFIED,IMD RF25/TMAX1/TMIN1
Jammu & Kashmir,JAMMU AND KASHMIR,2024,907.1,23.41,11.18,366,366,366,99.8,100.0,112,12,SOI ABDB (post-2019 incl. Ladakh + merged DNH-DD),area-weighted state mean (LCC m2 weights),VERIFIED,IMD RF25/TMAX1/TMIN1
Ladakh,LADAKH,2024,302.1,22.78,10.58,366,366,366,99.2,100.0,328,32,SOI ABDB (post-2019 incl. Ladakh + merged DNH-DD),area-weighted state mean (LCC m2 weights),VERIFIED,IMD RF25/TMAX1/TMIN1
Himachal Pradesh,HIMACHAL PRADESH,2024,947.2,25.79,14.15,366,366,366,100.0,100.0,117,12,SOI ABDB (post-2019 incl. Ladakh + merged DNH-DD),area-weighted state mean (LCC m2 weights),VERIFIED,IMD RF25/TMAX1/TMIN1
Arunachal Pradesh,ARUNACHAL PRADESH,2024,2058.5,28.48,18.42,366,366,366,98.8,100.0,172,19,SOI ABDB (post-2019 incl. Ladakh + merged DNH-DD),area-weighted state mean (LCC m2 weights),VERIFIED,IMD RF25/TMAX1/TMIN1
Assam,ASSAM,2024,2063.8,28.2,18.32,366,366,366,100.0,100.0,168,19,SOI ABDB (post-2019 incl. Ladakh + merged DNH-DD),area-weighted state mean (LCC m2 weights),VERIFIED,IMD RF25/TMAX1/TMIN1
Manipur,MANIPUR,2024,1425.4,28.2,18.08,366,366,366,96.5,100.0,50,7,SOI ABDB (post-2019 incl. Ladakh + merged DNH-DD),area-weighted state mean (LCC m2 weights),VERIFIED,IMD RF25/TMAX1/TMIN1
Meghalaya,MEGHALAYA,2024,3848.1,28.57,18.71,366,366,366,98.6,100.0,50,7,SOI ABDB (post-2019 incl. Ladakh + merged DNH-DD),area-weighted state mean (LCC m2 weights),VERIFIED,IMD RF25/TMAX1/TMIN1
Mizoram,MIZORAM,2024,1871.2,28.29,18.61,366,366,366,96.1,100.0,50,8,SOI ABDB (post-2019 incl. Ladakh + merged DNH-DD),area-weighted state mean (LCC m2 weights),VERIFIED,IMD RF25/TMAX1/TMIN1
Nagaland,NAGALAND,2024,2057.9,28.24,18.15,366,366,366,97.3,100.0,42,7,SOI ABDB (post-2019 incl. Ladakh + merged DNH-DD),area-weighted state mean (LCC m2 weights),VERIFIED,IMD RF25/TMAX1/TMIN1
Sikkim,SIKKIM,2024,3246.0,27.29,18.39,366,366,366,99.5,100.0,24,2,SOI ABDB (post-2019 incl. Ladakh + merged DNH-DD),area-weighted state mean (LCC m2 weights),VERIFIED,IMD RF25/TMAX1/TMIN1
Lakshadweep,LAKSHADWEEP,2024,,,,0,0,0,0.0,0.0,16,5,SOI ABDB (post-2019 incl. Ladakh + merged DNH-DD),area-weighted state mean (LCC m2 weights),PARTIAL_COVERAGE,IMD RF25/TMAX1/TMIN1
Andaman & Nicobar Islands,ANDAMAN & NICOBAR,2024,,,,0,0,0,0.0,0.0,53,12,SOI ABDB (post-2019 incl. Ladakh + merged DNH-DD),area-weighted state mean (LCC m2 weights),PARTIAL_COVERAGE,IMD RF25/TMAX1/TMIN1
West Bengal,WEST BENGAL,2024,1895.9,30.81,21.95,366,366,366,98.4,100.0,187,22,SOI ABDB (post-2019 incl. Ladakh + merged DNH-DD),area-weighted state mean (LCC m2 weights),VERIFIED,IMD RF25/TMAX1/TMIN1
Kerala,KERALA,2024,2766.7,30.68,21.92,366,366,366,100.0,100.0,84,11,SOI ABDB (post-2019 incl. Ladakh + merged DNH-DD),area-weighted state mean (LCC m2 weights),VERIFIED,IMD RF25/TMAX1/TMIN1
Chhattisgarh,CHHATTISGARH,2024,1418.3,32.52,20.79,366,366,366,100.0,100.0,249,25,SOI ABDB (post-2019 incl. Ladakh + merged DNH-DD),area-weighted state mean (LCC m2 weights),VERIFIED,IMD RF25/TMAX1/TMIN1
Odisha,ODISHA,2024,1350.8,32.45,21.76,366,366,366,99.0,100.0,273,30,SOI ABDB (post-2019 incl. Ladakh + merged DNH-DD),area-weighted state mean (LCC m2 weights),VERIFIED,IMD RF25/TMAX1/TMIN1
Chandigarh,CHANDIGARH,2024,859.4,28.21,16.62,366,366,366,100.0,100.0,1,1,SOI ABDB (post-2019 incl. Ladakh + merged DNH-DD),area-weighted state mean (LCC m2 weights),VERIFIED,IMD RF25/TMAX1/TMIN1
Delhi,DELHI,2024,739.0,31.59,19.04,366,366,366,100.0,100.0,6,2,SOI ABDB (post-2019 incl. Ladakh + merged DNH-DD),area-weighted state mean (LCC m2 weights),VERIFIED,IMD RF25/TMAX1/TMIN1
Gujarat,GUJARAT,2024,1130.8,33.1,21.67,366,366,366,99.3,100.0,337,30,SOI ABDB (post-2019 incl. Ladakh + merged DNH-DD),area-weighted state mean (LCC m2 weights),VERIFIED,IMD RF25/TMAX1/TMIN1
Haryana,HARYANA,2024,516.1,31.01,18.49,366,366,366,100.0,100.0,104,12,SOI ABDB (post-2019 incl. Ladakh + merged DNH-DD),area-weighted state mean (LCC m2 weights),VERIFIED,IMD RF25/TMAX1/TMIN1
Punjab,PUNJAB,2024,476.6,28.64,16.71,366,366,366,100.0,100.0,106,13,SOI ABDB (post-2019 incl. Ladakh + merged DNH-DD),area-weighted state mean (LCC m2 weights),VERIFIED,IMD RF25/TMAX1/TMIN1
Uttar Pradesh,UTTAR PRADESH,2024,835.3,31.68,19.43,366,366,366,100.0,100.0,441,39,SOI ABDB (post-2019 incl. Ladakh + merged DNH-DD),area-weighted state mean (LCC m2 weights),VERIFIED,IMD RF25/TMAX1/TMIN1
Karnataka,KARNATAKA,2024,1249.3,31.53,20.78,366,366,366,100.0,100.0,325,30,SOI ABDB (post-2019 incl. Ladakh + merged DNH-DD),area-weighted state mean (LCC m2 weights),VERIFIED,IMD RF25/TMAX1/TMIN1
Andhra Pradesh,ANDHRA PRADESH,2024,1069.3,33.28,23.51,366,366,366,97.6,100.0,301,32,SOI ABDB (post-2019 incl. Ladakh + merged DNH-DD),area-weighted state mean (LCC m2 weights),VERIFIED,IMD RF25/TMAX1/TMIN1
Bihar,BIHAR,2024,994.0,31.45,20.52,366,366,366,100.0,100.0,183,19,SOI ABDB (post-2019 incl. Ladakh + merged DNH-DD),area-weighted state mean (LCC m2 weights),VERIFIED,IMD RF25/TMAX1/TMIN1
Goa,GOA,2024,5294.1,31.75,22.27,366,366,366,100.0,100.0,12,3,SOI ABDB (post-2019 incl. Ladakh + merged DNH-DD),area-weighted state mean (LCC m2 weights),VERIFIED,IMD RF25/TMAX1/TMIN1
Jharkhand,JHARKHAND,2024,1298.9,32.11,20.85,366,366,366,100.0,100.0,160,15,SOI ABDB (post-2019 incl. Ladakh + merged DNH-DD),area-weighted state mean (LCC m2 weights),VERIFIED,IMD RF25/TMAX1/TMIN1
Madhya Pradesh,MADHYA PRADESH,2024,1219.9,32.32,19.55,366,366,366,100.0,100.0,539,44,SOI ABDB (post-2019 incl. Ladakh + merged DNH-DD),area-weighted state mean (LCC m2 weights),VERIFIED,IMD RF25/TMAX1/TMIN1
Maharashtra,MAHARASHTRA,2024,1372.9,32.91,20.65,366,366,366,100.0,100.0,510,44,SOI ABDB (post-2019 incl. Ladakh + merged DNH-DD),area-weighted state mean (LCC m2 weights),VERIFIED,IMD RF25/TMAX1/TMIN1
Puducherry,PUDUCHERRY,2024,1729.1,33.64,25.12,366,366,366,100.0,100.0,8,5,SOI ABDB (post-2019 incl. Ladakh + merged DNH-DD),area-weighted state mean (LCC m2 weights),VERIFIED,IMD RF25/TMAX1/TMIN1
Rajasthan,RAJASTHAN,2024,707.8,32.7,19.8,366,366,366,100.0,100.0,589,50,SOI ABDB (post-2019 incl. Ladakh + merged DNH-DD),area-weighted state mean (LCC m2 weights),VERIFIED,IMD RF25/TMAX1/TMIN1
Tamil Nadu,TAMIL NADU,2024,1165.6,32.5,23.25,366,366,366,97.3,100.0,217,20,SOI ABDB (post-2019 incl. Ladakh + merged DNH-DD),area-weighted state mean (LCC m2 weights),VERIFIED,IMD RF25/TMAX1/TMIN1
Telangana,TELANGANA,2024,1206.6,33.56,22.57,366,366,366,100.0,100.0,194,18,SOI ABDB (post-2019 incl. Ladakh + merged DNH-DD),area-weighted state mean (LCC m2 weights),VERIFIED,IMD RF25/TMAX1/TMIN1
Tripura,TRIPURA,2024,2438.5,28.36,18.73,366,366,366,95.7,100.0,25,5,SOI ABDB (post-2019 incl. Ladakh + merged DNH-DD),area-weighted state mean (LCC m2 weights),VERIFIED,IMD RF25/TMAX1/TMIN1
Uttarakhand,UTTARAKHAND,2024,1681.6,28.15,16.73,366,366,366,99.1,100.0,108,14,SOI ABDB (post-2019 incl. Ladakh + merged DNH-DD),area-weighted state mean (LCC m2 weights),VERIFIED,IMD RF25/TMAX1/TMIN1
