"State_UT","Year","Accidents","Fatalities","Boundary_STATE","Annual_Rainfall_mm","Annual_Mean_Tmax_C","Annual_Mean_Tmin_C","Valid_Rainfall_Days","Valid_Tmax_Days","Valid_Tmin_Days","Rainfall_Coverage_pct","Tmax_Coverage_pct","Rain_Cells","Temp_Cells","Boundary_Vintage","Aggregation_Method","Quality_Status","Source","_merge","Join_Status"
"Andhra Pradesh","2018","24475","7556","ANDHRA PRADESH","684.9","33.46","22.56","365.0","365.0","365.0","97.6","100.0","301.0","32.0","SOI ABDB (post-2019 incl. Ladakh + merged DNH-DD)","area-weighted state mean (LCC m2 weights)","VERIFIED","IMD RF25/TMAX1/TMIN1","both","JOINED"
"Arunachal Pradesh","2018","277","175","ARUNACHAL PRADESH","2287.0","29.44","18.91","365.0","361.0","365.0","98.8","98.9","172.0","19.0","SOI ABDB (post-2019 incl. Ladakh + merged DNH-DD)","area-weighted state mean (LCC m2 weights)","VERIFIED","IMD RF25/TMAX1/TMIN1","both","JOINED"
"Assam","2018","8248","2966","ASSAM","1819.9","28.77","18.29","365.0","365.0","365.0","100.0","100.0","168.0","19.0","SOI ABDB (post-2019 incl. Ladakh + merged DNH-DD)","area-weighted state mean (LCC m2 weights)","VERIFIED","IMD RF25/TMAX1/TMIN1","both","JOINED"
"Bihar","2018","9600","6729","BIHAR","888.4","31.09","19.48","365.0","365.0","365.0","100.0","100.0","183.0","19.0","SOI ABDB (post-2019 incl. Ladakh + merged DNH-DD)","area-weighted state mean (LCC m2 weights)","VERIFIED","IMD RF25/TMAX1/TMIN1","both","JOINED"
"Chhattisgarh","2018","13864","4592","CHHATTISGARH","1215.1","32.54","19.73","365.0","365.0","365.0","100.0","100.0","249.0","25.0","SOI ABDB (post-2019 incl. Ladakh + merged DNH-DD)","area-weighted state mean (LCC m2 weights)","VERIFIED","IMD RF25/TMAX1/TMIN1","both","JOINED"
"Goa","2018","3709","262","GOA","3346.3","31.71","21.69","365.0","365.0","365.0","100.0","100.0","12.0","3.0","SOI ABDB (post-2019 incl. Ladakh + merged DNH-DD)","area-weighted state mean (LCC m2 weights)","VERIFIED","IMD RF25/TMAX1/TMIN1","both","JOINED"
"Gujarat","2018","18769","7996","GUJARAT","479.5","33.8","21.33","365.0","365.0","365.0","99.3","100.0","337.0","30.0","SOI ABDB (post-2019 incl. Ladakh + merged DNH-DD)","area-weighted state mean (LCC m2 weights)","VERIFIED","IMD RF25/TMAX1/TMIN1","both","JOINED"
"Haryana","2018","11238","5118","HARYANA","523.5","31.78","17.82","365.0","365.0","365.0","100.0","100.0","104.0","12.0","SOI ABDB (post-2019 incl. Ladakh + merged DNH-DD)","area-weighted state mean (LCC m2 weights)","VERIFIED","IMD RF25/TMAX1/TMIN1","both","JOINED"
"Himachal Pradesh","2018","3110","1208","HIMACHAL PRADESH","1142.6","25.72","13.08","365.0","365.0","365.0","100.0","100.0","117.0","12.0","SOI ABDB (post-2019 incl. Ladakh + merged DNH-DD)","area-weighted state mean (LCC m2 weights)","VERIFIED","IMD RF25/TMAX1/TMIN1","both","JOINED"
"Jharkhand","2018","5394","3542","JHARKHAND","969.5","31.63","19.46","365.0","365.0","365.0","100.0","100.0","160.0","15.0","SOI ABDB (post-2019 incl. Ladakh + merged DNH-DD)","area-weighted state mean (LCC m2 weights)","VERIFIED","IMD RF25/TMAX1/TMIN1","both","JOINED"
"Karnataka","2018","41707","10990","KARNATAKA","1043.3","31.5","19.97","365.0","365.0","365.0","100.0","100.0","325.0","30.0","SOI ABDB (post-2019 incl. Ladakh + merged DNH-DD)","area-weighted state mean (LCC m2 weights)","VERIFIED","IMD RF25/TMAX1/TMIN1","both","JOINED"
"Kerala","2018","40181","4303","KERALA","3257.1","30.15","20.96","365.0","365.0","365.0","100.0","100.0","84.0","11.0","SOI ABDB (post-2019 incl. Ladakh + merged DNH-DD)","area-weighted state mean (LCC m2 weights)","VERIFIED","IMD RF25/TMAX1/TMIN1","both","JOINED"
"Madhya Pradesh","2018","51397","10706","MADHYA PRADESH","866.8","32.94","18.73","365.0","365.0","365.0","100.0","100.0","539.0","44.0","SOI ABDB (post-2019 incl. Ladakh + merged DNH-DD)","area-weighted state mean (LCC m2 weights)","VERIFIED","IMD RF25/TMAX1/TMIN1","both","JOINED"
"Maharashtra","2018","35717","13261","MAHARASHTRA","961.8","33.33","20.11","365.0","365.0","365.0","100.0","100.0","510.0","44.0","SOI ABDB (post-2019 incl. Ladakh + merged DNH-DD)","area-weighted state mean (LCC m2 weights)","VERIFIED","IMD RF25/TMAX1/TMIN1","both","JOINED"
"Manipur","2018","601","134","MANIPUR","1415.4","28.75","18.05","365.0","365.0","365.0","96.5","100.0","50.0","7.0","SOI ABDB (post-2019 incl. Ladakh + merged DNH-DD)","area-weighted state mean (LCC m2 weights)","VERIFIED","IMD RF25/TMAX1/TMIN1","both","JOINED"
"Meghalaya","2018","399","182","MEGHALAYA","2798.7","28.53","18.26","365.0","365.0","365.0","98.6","100.0","50.0","7.0","SOI ABDB (post-2019 incl. Ladakh + merged DNH-DD)","area-weighted state mean (LCC m2 weights)","VERIFIED","IMD RF25/TMAX1/TMIN1","both","JOINED"
"Mizoram","2018","53","45","MIZORAM","2582.7","28.45","17.98","365.0","365.0","365.0","96.1","100.0","50.0","8.0","SOI ABDB (post-2019 incl. Ladakh + merged DNH-DD)","area-weighted state mean (LCC m2 weights)","VERIFIED","IMD RF25/TMAX1/TMIN1","both","JOINED"
"Nagaland","2018","430","39","NAGALAND","1793.0","29.36","18.5","365.0","364.0","365.0","97.3","99.7","42.0","7.0","SOI ABDB (post-2019 incl. Ladakh + merged DNH-DD)","area-weighted state mean (LCC m2 weights)","VERIFIED","IMD RF25/TMAX1/TMIN1","both","JOINED"
"Odisha","2018","11262","5315","ODISHA","1620.2","32.44","20.65","365.0","365.0","365.0","99.0","100.0","273.0","30.0","SOI ABDB (post-2019 incl. Ladakh + merged DNH-DD)","area-weighted state mean (LCC m2 weights)","VERIFIED","IMD RF25/TMAX1/TMIN1","both","JOINED"
"Punjab","2018","6428","4740","PUNJAB","679.3","30.63","16.58","365.0","365.0","365.0","100.0","100.0","106.0","13.0","SOI ABDB (post-2019 incl. Ladakh + merged DNH-DD)","area-weighted state mean (LCC m2 weights)","VERIFIED","IMD RF25/TMAX1/TMIN1","both","JOINED"
"Rajasthan","2018","21743","10320","RAJASTHAN","403.1","33.61","19.16","365.0","365.0","365.0","100.0","100.0","589.0","50.0","SOI ABDB (post-2019 incl. Ladakh + merged DNH-DD)","area-weighted state mean (LCC m2 weights)","VERIFIED","IMD RF25/TMAX1/TMIN1","both","JOINED"
"Sikkim","2018","180","85","SIKKIM","3272.7","26.79","16.92","365.0","365.0","365.0","99.5","100.0","24.0","2.0","SOI ABDB (post-2019 incl. Ladakh + merged DNH-DD)","area-weighted state mean (LCC m2 weights)","VERIFIED","IMD RF25/TMAX1/TMIN1","both","JOINED"
"Tamil Nadu","2018","67279","18392","TAMIL NADU","772.4","32.67","22.96","365.0","365.0","365.0","97.3","100.0","217.0","20.0","SOI ABDB (post-2019 incl. Ladakh + merged DNH-DD)","area-weighted state mean (LCC m2 weights)","VERIFIED","IMD RF25/TMAX1/TMIN1","both","JOINED"
"Telangana","2018","22230","6603","TELANGANA","915.6","33.77","21.46","365.0","365.0","365.0","100.0","100.0","194.0","18.0","SOI ABDB (post-2019 incl. Ladakh + merged DNH-DD)","area-weighted state mean (LCC m2 weights)","VERIFIED","IMD RF25/TMAX1/TMIN1","both","JOINED"
"Tripura","2018","552","213","TRIPURA","2274.6","28.55","18.03","365.0","365.0","365.0","95.7","100.0","25.0","5.0","SOI ABDB (post-2019 incl. Ladakh + merged DNH-DD)","area-weighted state mean (LCC m2 weights)","VERIFIED","IMD RF25/TMAX1/TMIN1","both","JOINED"
"Uttarakhand","2018","1468","1047","UTTARAKHAND","1574.0","26.88","14.83","365.0","365.0","365.0","99.1","100.0","108.0","14.0","SOI ABDB (post-2019 incl. Ladakh + merged DNH-DD)","area-weighted state mean (LCC m2 weights)","VERIFIED","IMD RF25/TMAX1/TMIN1","both","JOINED"
"Uttar Pradesh","2018","42568","22256","UTTAR PRADESH","830.1","31.92","18.58","365.0","365.0","365.0","100.0","100.0","441.0","39.0","SOI ABDB (post-2019 incl. Ladakh + merged DNH-DD)","area-weighted state mean (LCC m2 weights)","VERIFIED","IMD RF25/TMAX1/TMIN1","both","JOINED"
"West Bengal","2018","12705","5711","WEST BENGAL","1491.2","30.85","20.35","365.0","365.0","365.0","98.4","100.0","187.0","22.0","SOI ABDB (post-2019 incl. Ladakh + merged DNH-DD)","area-weighted state mean (LCC m2 weights)","VERIFIED","IMD RF25/TMAX1/TMIN1","both","JOINED"
"Andaman & Nicobar Islands","2018","254","19","ANDAMAN & NICOBAR","","","","0.0","0.0","0.0","0.0","0.0","53.0","12.0","SOI ABDB (post-2019 incl. Ladakh + merged DNH-DD)","area-weighted state mean (LCC m2 weights)","PARTIAL_COVERAGE","IMD RF25/TMAX1/TMIN1","both","JOINED"
"Chandigarh","2018","316","98","CHANDIGARH","1078.2","29.54","16.26","365.0","365.0","365.0","100.0","100.0","1.0","1.0","SOI ABDB (post-2019 incl. Ladakh + merged DNH-DD)","area-weighted state mean (LCC m2 weights)","VERIFIED","IMD RF25/TMAX1/TMIN1","both","JOINED"
"Dadra & Nagar Haveli","2018","80","54","","","","","","","","","","","","","","","","left_only","UNRESOLVED_LEGACY_NO_POLYGON"
"Daman & Diu","2018","76","35","","","","","","","","","","","","","","","","left_only","UNRESOLVED_LEGACY_NO_POLYGON"
"Delhi","2018","6515","1690","DELHI","568.0","32.12","18.42","365.0","365.0","365.0","100.0","100.0","6.0","2.0","SOI ABDB (post-2019 incl. Ladakh + merged DNH-DD)","area-weighted state mean (LCC m2 weights)","VERIFIED","IMD RF25/TMAX1/TMIN1","both","JOINED"
"Jammu & Kashmir","2018","5978","984","JAMMU AND KASHMIR","1070.0","23.69","10.91","365.0","365.0","365.0","99.8","100.0","112.0","12.0","SOI ABDB (post-2019 incl. Ladakh + merged DNH-DD)","area-weighted state mean (LCC m2 weights)","VERIFIED","IMD RF25/TMAX1/TMIN1","both","JOINED"
"Ladakh","2018","0","0","LADAKH","340.3","21.85","8.92","365.0","365.0","365.0","99.2","100.0","328.0","32.0","SOI ABDB (post-2019 incl. Ladakh + merged DNH-DD)","area-weighted state mean (LCC m2 weights)","VERIFIED","IMD RF25/TMAX1/TMIN1","both","JOINED"
"Lakshadweep","2018","3","1","LAKSHADWEEP","","","","0.0","0.0","0.0","0.0","0.0","16.0","5.0","SOI ABDB (post-2019 incl. Ladakh + merged DNH-DD)","area-weighted state mean (LCC m2 weights)","PARTIAL_COVERAGE","IMD RF25/TMAX1/TMIN1","both","JOINED"
"Puducherry","2018","1597","226","PUDUCHERRY","1099.0","33.52","24.67","365.0","365.0","365.0","100.0","100.0","8.0","5.0","SOI ABDB (post-2019 incl. Ladakh + merged DNH-DD)","area-weighted state mean (LCC m2 weights)","VERIFIED","IMD RF25/TMAX1/TMIN1","both","JOINED"
"Andhra Pradesh","2019","21992","7984","ANDHRA PRADESH","935.2","33.57","23.14","365.0","365.0","365.0","97.6","100.0","301.0","32.0","SOI ABDB (post-2019 incl. Ladakh + merged DNH-DD)","area-weighted state mean (LCC m2 weights)","VERIFIED","IMD RF25/TMAX1/TMIN1","both","JOINED"
"Arunachal Pradesh","2019","237","127","ARUNACHAL PRADESH","2543.4","29.38","18.68","365.0","363.0","365.0","98.8","99.5","172.0","19.0","SOI ABDB (post-2019 incl. Ladakh + merged DNH-DD)","area-weighted state mean (LCC m2 weights)","VERIFIED","IMD RF25/TMAX1/TMIN1","both","JOINED"
"Assam","2019","8350","3208","ASSAM","2118.9","28.81","18.24","365.0","365.0","365.0","100.0","100.0","168.0","19.0","SOI ABDB (post-2019 incl. Ladakh + merged DNH-DD)","area-weighted state mean (LCC m2 weights)","VERIFIED","IMD RF25/TMAX1/TMIN1","both","JOINED"
"Bihar","2019","10007","7205","BIHAR","1231.8","31.04","19.95","365.0","365.0","365.0","100.0","100.0","183.0","19.0","SOI ABDB (post-2019 incl. Ladakh + merged DNH-DD)","area-weighted state mean (LCC m2 weights)","VERIFIED","IMD RF25/TMAX1/TMIN1","both","JOINED"
"Chhattisgarh","2019","13899","5003","CHHATTISGARH","1415.7","32.41","20.29","365.0","365.0","365.0","100.0","100.0","249.0","25.0","SOI ABDB (post-2019 incl. Ladakh + merged DNH-DD)","area-weighted state mean (LCC m2 weights)","VERIFIED","IMD RF25/TMAX1/TMIN1","both","JOINED"
"Goa","2019","3440","297","GOA","4735.0","31.76","21.91","365.0","365.0","365.0","100.0","100.0","12.0","3.0","SOI ABDB (post-2019 incl. Ladakh + merged DNH-DD)","area-weighted state mean (LCC m2 weights)","VERIFIED","IMD RF25/TMAX1/TMIN1","both","JOINED"
"Gujarat","2019","17046","7390","GUJARAT","1071.9","32.69","21.4","365.0","365.0","365.0","99.3","100.0","337.0","30.0","SOI ABDB (post-2019 incl. Ladakh + merged DNH-DD)","area-weighted state mean (LCC m2 weights)","VERIFIED","IMD RF25/TMAX1/TMIN1","both","JOINED"
"Haryana","2019","10944","5057","HARYANA","400.7","30.46","17.85","365.0","365.0","365.0","100.0","100.0","104.0","12.0","SOI ABDB (post-2019 incl. Ladakh + merged DNH-DD)","area-weighted state mean (LCC m2 weights)","VERIFIED","IMD RF25/TMAX1/TMIN1","both","JOINED"
"Himachal Pradesh","2019","2873","1146","HIMACHAL PRADESH","1200.2","24.31","13.0","365.0","365.0","365.0","100.0","100.0","117.0","12.0","SOI ABDB (post-2019 incl. Ladakh + merged DNH-DD)","area-weighted state mean (LCC m2 weights)","VERIFIED","IMD RF25/TMAX1/TMIN1","both","JOINED"
"Jharkhand","2019","5217","3801","JHARKHAND","1168.8","31.48","19.99","365.0","365.0","365.0","100.0","100.0","160.0","15.0","SOI ABDB (post-2019 incl. Ladakh + merged DNH-DD)","area-weighted state mean (LCC m2 weights)","VERIFIED","IMD RF25/TMAX1/TMIN1","both","JOINED"
"Karnataka","2019","40658","10958","KARNATAKA","1307.1","31.71","20.44","365.0","365.0","365.0","100.0","100.0","325.0","30.0","SOI ABDB (post-2019 incl. Ladakh + merged DNH-DD)","area-weighted state mean (LCC m2 weights)","VERIFIED","IMD RF25/TMAX1/TMIN1","both","JOINED"
"Kerala","2019","41111","4440","KERALA","2787.8","30.69","21.44","365.0","365.0","365.0","100.0","100.0","84.0","11.0","SOI ABDB (post-2019 incl. Ladakh + merged DNH-DD)","area-weighted state mean (LCC m2 weights)","VERIFIED","IMD RF25/TMAX1/TMIN1","both","JOINED"
"Madhya Pradesh","2019","50669","11249","MADHYA PRADESH","1407.0","32.16","19.02","365.0","365.0","365.0","100.0","100.0","539.0","44.0","SOI ABDB (post-2019 incl. Ladakh + merged DNH-DD)","area-weighted state mean (LCC m2 weights)","VERIFIED","IMD RF25/TMAX1/TMIN1","both","JOINED"
"Maharashtra","2019","32925","12788","MAHARASHTRA","1477.9","33.0","20.44","365.0","365.0","365.0","100.0","100.0","510.0","44.0","SOI ABDB (post-2019 incl. Ladakh + merged DNH-DD)","area-weighted state mean (LCC m2 weights)","VERIFIED","IMD RF25/TMAX1/TMIN1","both","JOINED"
"Manipur","2019","672","156","MANIPUR","1058.1","28.9","18.04","365.0","364.0","365.0","96.5","99.7","50.0","7.0","SOI ABDB (post-2019 incl. Ladakh + merged DNH-DD)","area-weighted state mean (LCC m2 weights)","VERIFIED","IMD RF25/TMAX1/TMIN1","both","JOINED"
"Meghalaya","2019","482","179","MEGHALAYA","3888.1","28.67","18.33","365.0","365.0","365.0","98.6","100.0","50.0","7.0","SOI ABDB (post-2019 incl. Ladakh + merged DNH-DD)","area-weighted state mean (LCC m2 weights)","VERIFIED","IMD RF25/TMAX1/TMIN1","both","JOINED"
"Mizoram","2019","62","48","MIZORAM","1840.1","28.7","18.11","365.0","365.0","365.0","96.1","100.0","50.0","8.0","SOI ABDB (post-2019 incl. Ladakh + merged DNH-DD)","area-weighted state mean (LCC m2 weights)","VERIFIED","IMD RF25/TMAX1/TMIN1","both","JOINED"
"Nagaland","2019","358","26","NAGALAND","1496.8","29.39","18.43","365.0","363.0","365.0","97.3","99.5","42.0","7.0","SOI ABDB (post-2019 incl. Ladakh + merged DNH-DD)","area-weighted state mean (LCC m2 weights)","VERIFIED","IMD RF25/TMAX1/TMIN1","both","JOINED"
"Odisha","2019","11064","5333","ODISHA","1597.4","32.24","21.04","365.0","365.0","365.0","99.0","100.0","273.0","30.0","SOI ABDB (post-2019 incl. Ladakh + merged DNH-DD)","area-weighted state mean (LCC m2 weights)","VERIFIED","IMD RF25/TMAX1/TMIN1","both","JOINED"
"Punjab","2019","6348","4525","PUNJAB","715.4","29.05","16.4","365.0","365.0","365.0","100.0","100.0","106.0","13.0","SOI ABDB (post-2019 incl. Ladakh + merged DNH-DD)","area-weighted state mean (LCC m2 weights)","VERIFIED","IMD RF25/TMAX1/TMIN1","both","JOINED"
"Rajasthan","2019","23480","10563","RAJASTHAN","653.7","32.2","19.35","365.0","365.0","365.0","100.0","100.0","589.0","50.0","SOI ABDB (post-2019 incl. Ladakh + merged DNH-DD)","area-weighted state mean (LCC m2 weights)","VERIFIED","IMD RF25/TMAX1/TMIN1","both","JOINED"
"Sikkim","2019","162","73","SIKKIM","3255.5","26.86","17.49","365.0","365.0","365.0","99.5","100.0","24.0","2.0","SOI ABDB (post-2019 incl. Ladakh + merged DNH-DD)","area-weighted state mean (LCC m2 weights)","VERIFIED","IMD RF25/TMAX1/TMIN1","both","JOINED"
"Tamil Nadu","2019","62685","18129","TAMIL NADU","929.5","33.19","23.47","365.0","365.0","365.0","97.3","100.0","217.0","20.0","SOI ABDB (post-2019 incl. Ladakh + merged DNH-DD)","area-weighted state mean (LCC m2 weights)","VERIFIED","IMD RF25/TMAX1/TMIN1","both","JOINED"
"Telangana","2019","21570","6964","TELANGANA","1099.2","33.86","22.15","365.0","365.0","365.0","100.0","100.0","194.0","18.0","SOI ABDB (post-2019 incl. Ladakh + merged DNH-DD)","area-weighted state mean (LCC m2 weights)","VERIFIED","IMD RF25/TMAX1/TMIN1","both","JOINED"
"Tripura","2019","655","239","TRIPURA","2313.6","28.74","18.26","365.0","365.0","365.0","95.7","100.0","25.0","5.0","SOI ABDB (post-2019 incl. Ladakh + merged DNH-DD)","area-weighted state mean (LCC m2 weights)","VERIFIED","IMD RF25/TMAX1/TMIN1","both","JOINED"
"Uttarakhand","2019","1352","867","UTTARAKHAND","1519.3","25.52","14.94","365.0","365.0","365.0","99.1","100.0","108.0","14.0","SOI ABDB (post-2019 incl. Ladakh + merged DNH-DD)","area-weighted state mean (LCC m2 weights)","VERIFIED","IMD RF25/TMAX1/TMIN1","both","JOINED"
"Uttar Pradesh","2019","42572","22655","UTTAR PRADESH","873.7","31.07","18.94","365.0","365.0","365.0","100.0","100.0","441.0","39.0","SOI ABDB (post-2019 incl. Ladakh + merged DNH-DD)","area-weighted state mean (LCC m2 weights)","VERIFIED","IMD RF25/TMAX1/TMIN1","both","JOINED"
"West Bengal","2019","12658","5767","WEST BENGAL","1715.0","30.74","20.81","365.0","365.0","365.0","98.4","100.0","187.0","22.0","SOI ABDB (post-2019 incl. Ladakh + merged DNH-DD)","area-weighted state mean (LCC m2 weights)","VERIFIED","IMD RF25/TMAX1/TMIN1","both","JOINED"
"Andaman & Nicobar Islands","2019","230","20","ANDAMAN & NICOBAR","","","","0.0","0.0","0.0","0.0","0.0","53.0","12.0","SOI ABDB (post-2019 incl. Ladakh + merged DNH-DD)","area-weighted state mean (LCC m2 weights)","PARTIAL_COVERAGE","IMD RF25/TMAX1/TMIN1","both","JOINED"
"Chandigarh","2019","305","104","CHANDIGARH","934.7","28.12","16.22","365.0","365.0","365.0","100.0","100.0","1.0","1.0","SOI ABDB (post-2019 incl. Ladakh + merged DNH-DD)","area-weighted state mean (LCC m2 weights)","VERIFIED","IMD RF25/TMAX1/TMIN1","both","JOINED"
"Dadra & Nagar Haveli","2019","68","49","","","","","","","","","","","","","","","","left_only","UNRESOLVED_LEGACY_NO_POLYGON"
"Daman & Diu","2019","69","28","","","","","","","","","","","","","","","","left_only","UNRESOLVED_LEGACY_NO_POLYGON"
"Delhi","2019","5610","1463","DELHI","495.5","31.17","18.51","365.0","365.0","365.0","100.0","100.0","6.0","2.0","SOI ABDB (post-2019 incl. Ladakh + merged DNH-DD)","area-weighted state mean (LCC m2 weights)","VERIFIED","IMD RF25/TMAX1/TMIN1","both","JOINED"
"Jammu & Kashmir","2019","5796","996","JAMMU AND KASHMIR","1475.8","22.21","10.61","365.0","365.0","365.0","99.8","100.0","112.0","12.0","SOI ABDB (post-2019 incl. Ladakh + merged DNH-DD)","area-weighted state mean (LCC m2 weights)","VERIFIED","IMD RF25/TMAX1/TMIN1","both","JOINED"
"Ladakh","2019","0","0","LADAKH","568.2","20.32","8.69","365.0","365.0","365.0","99.2","100.0","328.0","32.0","SOI ABDB (post-2019 incl. Ladakh + merged DNH-DD)","area-weighted state mean (LCC m2 weights)","VERIFIED","IMD RF25/TMAX1/TMIN1","both","JOINED"
"Lakshadweep","2019","1","0","LAKSHADWEEP","","","","0.0","0.0","0.0","0.0","0.0","16.0","5.0","SOI ABDB (post-2019 incl. Ladakh + merged DNH-DD)","area-weighted state mean (LCC m2 weights)","PARTIAL_COVERAGE","IMD RF25/TMAX1/TMIN1","both","JOINED"
"Puducherry","2019","1392","147","PUDUCHERRY","1272.8","34.03","25.14","365.0","365.0","365.0","100.0","100.0","8.0","5.0","SOI ABDB (post-2019 incl. Ladakh + merged DNH-DD)","area-weighted state mean (LCC m2 weights)","VERIFIED","IMD RF25/TMAX1/TMIN1","both","JOINED"
"Andhra Pradesh","2020","19509","7039","ANDHRA PRADESH","1281.4","32.8","22.92","366.0","366.0","366.0","97.6","100.0","301.0","32.0","SOI ABDB (post-2019 incl. Ladakh + merged DNH-DD)","area-weighted state mean (LCC m2 weights)","VERIFIED","IMD RF25/TMAX1/TMIN1","both","JOINED"
"Arunachal Pradesh","2020","134","73","ARUNACHAL PRADESH","2847.8","29.25","18.86","366.0","366.0","365.0","98.8","100.0","172.0","19.0","SOI ABDB (post-2019 incl. Ladakh + merged DNH-DD)","area-weighted state mean (LCC m2 weights)","VERIFIED","IMD RF25/TMAX1/TMIN1","both","JOINED"
"Assam","2020","6595","2629","ASSAM","2273.0","28.61","18.34","366.0","366.0","366.0","100.0","100.0","168.0","19.0","SOI ABDB (post-2019 incl. Ladakh + merged DNH-DD)","area-weighted state mean (LCC m2 weights)","VERIFIED","IMD RF25/TMAX1/TMIN1","both","JOINED"
"Bihar","2020","8639","6699","BIHAR","1586.1","30.27","19.67","366.0","366.0","366.0","100.0","100.0","183.0","19.0","SOI ABDB (post-2019 incl. Ladakh + merged DNH-DD)","area-weighted state mean (LCC m2 weights)","VERIFIED","IMD RF25/TMAX1/TMIN1","both","JOINED"
"Chhattisgarh","2020","11656","4606","CHHATTISGARH","1527.8","31.65","19.72","366.0","366.0","366.0","100.0","100.0","249.0","25.0","SOI ABDB (post-2019 incl. Ladakh + merged DNH-DD)","area-weighted state mean (LCC m2 weights)","VERIFIED","IMD RF25/TMAX1/TMIN1","both","JOINED"
"Goa","2020","2375","223","GOA","4563.5","31.36","22.17","366.0","366.0","366.0","100.0","100.0","12.0","3.0","SOI ABDB (post-2019 incl. Ladakh + merged DNH-DD)","area-weighted state mean (LCC m2 weights)","VERIFIED","IMD RF25/TMAX1/TMIN1","both","JOINED"
"Gujarat","2020","13398","6170","GUJARAT","1102.4","32.9","21.17","366.0","366.0","366.0","99.3","100.0","337.0","30.0","SOI ABDB (post-2019 incl. Ladakh + merged DNH-DD)","area-weighted state mean (LCC m2 weights)","VERIFIED","IMD RF25/TMAX1/TMIN1","both","JOINED"
"Haryana","2020","9431","4507","HARYANA","569.4","30.67","17.34","366.0","366.0","366.0","100.0","100.0","104.0","12.0","SOI ABDB (post-2019 incl. Ladakh + merged DNH-DD)","area-weighted state mean (LCC m2 weights)","VERIFIED","IMD RF25/TMAX1/TMIN1","both","JOINED"
"Himachal Pradesh","2020","2239","893","HIMACHAL PRADESH","973.7","24.61","12.74","366.0","366.0","366.0","100.0","100.0","117.0","12.0","SOI ABDB (post-2019 incl. Ladakh + merged DNH-DD)","area-weighted state mean (LCC m2 weights)","VERIFIED","IMD RF25/TMAX1/TMIN1","both","JOINED"
"Jharkhand","2020","4405","3044","JHARKHAND","1270.5","30.78","19.63","366.0","366.0","366.0","100.0","100.0","160.0","15.0","SOI ABDB (post-2019 incl. Ladakh + merged DNH-DD)","area-weighted state mean (LCC m2 weights)","VERIFIED","IMD RF25/TMAX1/TMIN1","both","JOINED"
"Karnataka","2020","34178","9760","KARNATAKA","1339.4","31.22","20.49","366.0","366.0","366.0","100.0","100.0","325.0","30.0","SOI ABDB (post-2019 incl. Ladakh + merged DNH-DD)","area-weighted state mean (LCC m2 weights)","VERIFIED","IMD RF25/TMAX1/TMIN1","both","JOINED"
"Kerala","2020","27877","2979","KERALA","2658.1","30.47","21.47","366.0","366.0","366.0","100.0","100.0","84.0","11.0","SOI ABDB (post-2019 incl. Ladakh + merged DNH-DD)","area-weighted state mean (LCC m2 weights)","VERIFIED","IMD RF25/TMAX1/TMIN1","both","JOINED"
"Madhya Pradesh","2020","45266","11141","MADHYA PRADESH","1100.6","31.99","18.83","366.0","366.0","366.0","100.0","100.0","539.0","44.0","SOI ABDB (post-2019 incl. Ladakh + merged DNH-DD)","area-weighted state mean (LCC m2 weights)","VERIFIED","IMD RF25/TMAX1/TMIN1","both","JOINED"
"Maharashtra","2020","24971","11569","MAHARASHTRA","1308.0","32.62","20.31","366.0","366.0","366.0","100.0","100.0","510.0","44.0","SOI ABDB (post-2019 incl. Ladakh + merged DNH-DD)","area-weighted state mean (LCC m2 weights)","VERIFIED","IMD RF25/TMAX1/TMIN1","both","JOINED"
"Manipur","2020","432","127","MANIPUR","1378.3","28.73","18.19","366.0","366.0","366.0","96.5","100.0","50.0","7.0","SOI ABDB (post-2019 incl. Ladakh + merged DNH-DD)","area-weighted state mean (LCC m2 weights)","VERIFIED","IMD RF25/TMAX1/TMIN1","both","JOINED"
"Meghalaya","2020","214","144","MEGHALAYA","5244.4","28.43","18.38","366.0","366.0","366.0","98.6","100.0","50.0","7.0","SOI ABDB (post-2019 incl. Ladakh + merged DNH-DD)","area-weighted state mean (LCC m2 weights)","VERIFIED","IMD RF25/TMAX1/TMIN1","both","JOINED"
"Mizoram","2020","53","42","MIZORAM","1702.3","28.64","18.2","366.0","366.0","366.0","96.1","100.0","50.0","8.0","SOI ABDB (post-2019 incl. Ladakh + merged DNH-DD)","area-weighted state mean (LCC m2 weights)","VERIFIED","IMD RF25/TMAX1/TMIN1","both","JOINED"
"Nagaland","2020","500","53","NAGALAND","1577.9","29.23","18.58","366.0","366.0","366.0","97.3","100.0","42.0","7.0","SOI ABDB (post-2019 incl. Ladakh + merged DNH-DD)","area-weighted state mean (LCC m2 weights)","VERIFIED","IMD RF25/TMAX1/TMIN1","both","JOINED"
"Odisha","2020","9817","4738","ODISHA","1606.5","31.75","20.75","366.0","366.0","366.0","99.0","100.0","273.0","30.0","SOI ABDB (post-2019 incl. Ladakh + merged DNH-DD)","area-weighted state mean (LCC m2 weights)","VERIFIED","IMD RF25/TMAX1/TMIN1","both","JOINED"
"Punjab","2020","5203","3898","PUNJAB","638.4","29.19","16.02","366.0","366.0","366.0","100.0","100.0","106.0","13.0","SOI ABDB (post-2019 incl. Ladakh + merged DNH-DD)","area-weighted state mean (LCC m2 weights)","VERIFIED","IMD RF25/TMAX1/TMIN1","both","JOINED"
"Rajasthan","2020","19114","9250","RAJASTHAN","497.9","32.56","18.98","366.0","366.0","366.0","100.0","100.0","589.0","50.0","SOI ABDB (post-2019 incl. Ladakh + merged DNH-DD)","area-weighted state mean (LCC m2 weights)","VERIFIED","IMD RF25/TMAX1/TMIN1","both","JOINED"
"Sikkim","2020","138","47","SIKKIM","3546.7","26.35","17.36","366.0","366.0","366.0","99.5","100.0","24.0","2.0","SOI ABDB (post-2019 incl. Ladakh + merged DNH-DD)","area-weighted state mean (LCC m2 weights)","VERIFIED","IMD RF25/TMAX1/TMIN1","both","JOINED"
"Tamil Nadu","2020","49844","14527","TAMIL NADU","1018.7","32.8","23.28","366.0","366.0","366.0","97.3","100.0","217.0","20.0","SOI ABDB (post-2019 incl. Ladakh + merged DNH-DD)","area-weighted state mean (LCC m2 weights)","VERIFIED","IMD RF25/TMAX1/TMIN1","both","JOINED"
"Telangana","2020","19172","6882","TELANGANA","1411.1","33.06","21.7","366.0","366.0","366.0","100.0","100.0","194.0","18.0","SOI ABDB (post-2019 incl. Ladakh + merged DNH-DD)","area-weighted state mean (LCC m2 weights)","VERIFIED","IMD RF25/TMAX1/TMIN1","both","JOINED"
"Tripura","2020","466","192","TRIPURA","2160.3","28.65","18.29","366.0","366.0","366.0","95.7","100.0","25.0","5.0","SOI ABDB (post-2019 incl. Ladakh + merged DNH-DD)","area-weighted state mean (LCC m2 weights)","VERIFIED","IMD RF25/TMAX1/TMIN1","both","JOINED"
"Uttarakhand","2020","1041","674","UTTARAKHAND","1489.2","25.63","14.72","366.0","366.0","366.0","99.1","100.0","108.0","14.0","SOI ABDB (post-2019 incl. Ladakh + merged DNH-DD)","area-weighted state mean (LCC m2 weights)","VERIFIED","IMD RF25/TMAX1/TMIN1","both","JOINED"
"Uttar Pradesh","2020","34243","19149","UTTAR PRADESH","853.8","30.71","18.67","366.0","366.0","366.0","100.0","100.0","441.0","39.0","SOI ABDB (post-2019 incl. Ladakh + merged DNH-DD)","area-weighted state mean (LCC m2 weights)","VERIFIED","IMD RF25/TMAX1/TMIN1","both","JOINED"
"West Bengal","2020","10863","5128","WEST BENGAL","2032.0","30.42","20.65","366.0","366.0","366.0","98.4","100.0","187.0","22.0","SOI ABDB (post-2019 incl. Ladakh + merged DNH-DD)","area-weighted state mean (LCC m2 weights)","VERIFIED","IMD RF25/TMAX1/TMIN1","both","JOINED"
"Andaman & Nicobar Islands","2020","141","14","ANDAMAN & NICOBAR","","","","0.0","0.0","0.0","0.0","0.0","53.0","12.0","SOI ABDB (post-2019 incl. Ladakh + merged DNH-DD)","area-weighted state mean (LCC m2 weights)","PARTIAL_COVERAGE","IMD RF25/TMAX1/TMIN1","both","JOINED"
"Chandigarh","2020","159","53","CHANDIGARH","925.0","28.31","15.86","366.0","366.0","366.0","100.0","100.0","1.0","1.0","SOI ABDB (post-2019 incl. Ladakh + merged DNH-DD)","area-weighted state mean (LCC m2 weights)","VERIFIED","IMD RF25/TMAX1/TMIN1","both","JOINED"
"Dadra & Nagar Haveli and Daman & Diu","2020","100","64","DADRA & NAGAR HAVELI & DAMAN & DIU","2300.8","32.57","21.84","366.0","366.0","366.0","99.9","100.0","10.0","4.0","SOI ABDB (post-2019 incl. Ladakh + merged DNH-DD)","area-weighted state mean (LCC m2 weights)","VERIFIED","IMD RF25/TMAX1/TMIN1","both","JOINED"
"Delhi","2020","4178","1196","DELHI","606.9","31.3","17.95","366.0","366.0","366.0","100.0","100.0","6.0","2.0","SOI ABDB (post-2019 incl. Ladakh + merged DNH-DD)","area-weighted state mean (LCC m2 weights)","VERIFIED","IMD RF25/TMAX1/TMIN1","both","JOINED"
"Jammu & Kashmir","2020","4860","728","JAMMU AND KASHMIR","1123.1","22.67","10.3","366.0","366.0","366.0","99.8","100.0","112.0","12.0","SOI ABDB (post-2019 incl. Ladakh + merged DNH-DD)","area-weighted state mean (LCC m2 weights)","VERIFIED","IMD RF25/TMAX1/TMIN1","both","JOINED"
"Ladakh","2020","0","0","LADAKH","386.1","20.97","8.38","366.0","366.0","366.0","99.2","100.0","328.0","32.0","SOI ABDB (post-2019 incl. Ladakh + merged DNH-DD)","area-weighted state mean (LCC m2 weights)","VERIFIED","IMD RF25/TMAX1/TMIN1","both","JOINED"
"Lakshadweep","2020","1","0","LAKSHADWEEP","","","","0.0","0.0","0.0","0.0","0.0","16.0","5.0","SOI ABDB (post-2019 incl. Ladakh + merged DNH-DD)","area-weighted state mean (LCC m2 weights)","PARTIAL_COVERAGE","IMD RF25/TMAX1/TMIN1","both","JOINED"
"Puducherry","2020","969","145","PUDUCHERRY","1538.0","33.57","24.88","366.0","366.0","366.0","100.0","100.0","8.0","5.0","SOI ABDB (post-2019 incl. Ladakh + merged DNH-DD)","area-weighted state mean (LCC m2 weights)","VERIFIED","IMD RF25/TMAX1/TMIN1","both","JOINED"
"Andhra Pradesh","2021","21556","8186","ANDHRA PRADESH","1199.3","32.69","22.79","365.0","365.0","365.0","97.6","100.0","301.0","32.0","SOI ABDB (post-2019 incl. Ladakh + merged DNH-DD)","area-weighted state mean (LCC m2 weights)","VERIFIED","IMD RF25/TMAX1/TMIN1","both","JOINED"
"Arunachal Pradesh","2021","283","157","ARUNACHAL PRADESH","2034.7","30.21","18.95","365.0","365.0","365.0","98.8","100.0","172.0","19.0","SOI ABDB (post-2019 incl. Ladakh + merged DNH-DD)","area-weighted state mean (LCC m2 weights)","VERIFIED","IMD RF25/TMAX1/TMIN1","both","JOINED"
"Assam","2021","7411","3036","ASSAM","1603.0","29.48","18.52","365.0","365.0","365.0","100.0","100.0","168.0","19.0","SOI ABDB (post-2019 incl. Ladakh + merged DNH-DD)","area-weighted state mean (LCC m2 weights)","VERIFIED","IMD RF25/TMAX1/TMIN1","both","JOINED"
"Bihar","2021","9553","7660","BIHAR","1558.0","30.73","19.94","365.0","365.0","365.0","100.0","100.0","183.0","19.0","SOI ABDB (post-2019 incl. Ladakh + merged DNH-DD)","area-weighted state mean (LCC m2 weights)","VERIFIED","IMD RF25/TMAX1/TMIN1","both","JOINED"
"Chhattisgarh","2021","12375","5371","CHHATTISGARH","1275.3","32.01","20.0","365.0","365.0","365.0","100.0","100.0","249.0","25.0","SOI ABDB (post-2019 incl. Ladakh + merged DNH-DD)","area-weighted state mean (LCC m2 weights)","VERIFIED","IMD RF25/TMAX1/TMIN1","both","JOINED"
"Goa","2021","2849","226","GOA","4219.6","31.1","22.1","365.0","365.0","365.0","100.0","100.0","12.0","3.0","SOI ABDB (post-2019 incl. Ladakh + merged DNH-DD)","area-weighted state mean (LCC m2 weights)","VERIFIED","IMD RF25/TMAX1/TMIN1","both","JOINED"
"Gujarat","2021","15186","7452","GUJARAT","793.6","32.99","21.33","365.0","365.0","365.0","99.3","100.0","337.0","30.0","SOI ABDB (post-2019 incl. Ladakh + merged DNH-DD)","area-weighted state mean (LCC m2 weights)","VERIFIED","IMD RF25/TMAX1/TMIN1","both","JOINED"
"Haryana","2021","9933","4706","HARYANA","724.4","31.15","17.77","365.0","365.0","365.0","100.0","100.0","104.0","12.0","SOI ABDB (post-2019 incl. Ladakh + merged DNH-DD)","area-weighted state mean (LCC m2 weights)","VERIFIED","IMD RF25/TMAX1/TMIN1","both","JOINED"
"Himachal Pradesh","2021","2404","1052","HIMACHAL PRADESH","1045.8","25.36","13.43","365.0","365.0","365.0","100.0","100.0","117.0","12.0","SOI ABDB (post-2019 incl. Ladakh + merged DNH-DD)","area-weighted state mean (LCC m2 weights)","VERIFIED","IMD RF25/TMAX1/TMIN1","both","JOINED"
"Jharkhand","2021","4728","3513","JHARKHAND","1472.1","31.31","19.95","365.0","365.0","365.0","100.0","100.0","160.0","15.0","SOI ABDB (post-2019 incl. Ladakh + merged DNH-DD)","area-weighted state mean (LCC m2 weights)","VERIFIED","IMD RF25/TMAX1/TMIN1","both","JOINED"
"Karnataka","2021","34647","10038","KARNATAKA","1387.6","30.85","20.32","365.0","365.0","365.0","100.0","100.0","325.0","30.0","SOI ABDB (post-2019 incl. Ladakh + merged DNH-DD)","area-weighted state mean (LCC m2 weights)","VERIFIED","IMD RF25/TMAX1/TMIN1","both","JOINED"
"Kerala","2021","33296","3429","KERALA","3256.3","29.95","21.2","365.0","365.0","365.0","100.0","100.0","84.0","11.0","SOI ABDB (post-2019 incl. Ladakh + merged DNH-DD)","area-weighted state mean (LCC m2 weights)","VERIFIED","IMD RF25/TMAX1/TMIN1","both","JOINED"
"Madhya Pradesh","2021","48877","12057","MADHYA PRADESH","1098.4","32.22","18.8","365.0","365.0","365.0","100.0","100.0","539.0","44.0","SOI ABDB (post-2019 incl. Ladakh + merged DNH-DD)","area-weighted state mean (LCC m2 weights)","VERIFIED","IMD RF25/TMAX1/TMIN1","both","JOINED"
"Maharashtra","2021","29477","13528","MAHARASHTRA","1375.7","32.54","20.35","365.0","365.0","365.0","100.0","100.0","510.0","44.0","SOI ABDB (post-2019 incl. Ladakh + merged DNH-DD)","area-weighted state mean (LCC m2 weights)","VERIFIED","IMD RF25/TMAX1/TMIN1","both","JOINED"
"Manipur","2021","366","110","MANIPUR","987.2","29.6","18.31","365.0","365.0","365.0","96.5","100.0","50.0","7.0","SOI ABDB (post-2019 incl. Ladakh + merged DNH-DD)","area-weighted state mean (LCC m2 weights)","VERIFIED","IMD RF25/TMAX1/TMIN1","both","JOINED"
"Meghalaya","2021","245","187","MEGHALAYA","3661.0","29.28","18.63","365.0","365.0","365.0","98.6","100.0","50.0","7.0","SOI ABDB (post-2019 incl. Ladakh + merged DNH-DD)","area-weighted state mean (LCC m2 weights)","VERIFIED","IMD RF25/TMAX1/TMIN1","both","JOINED"
"Mizoram","2021","69","56","MIZORAM","1813.8","29.24","18.36","365.0","365.0","365.0","96.1","100.0","50.0","8.0","SOI ABDB (post-2019 incl. Ladakh + merged DNH-DD)","area-weighted state mean (LCC m2 weights)","VERIFIED","IMD RF25/TMAX1/TMIN1","both","JOINED"
"Nagaland","2021","746","55","NAGALAND","1075.1","30.12","18.68","365.0","365.0","365.0","97.3","100.0","42.0","7.0","SOI ABDB (post-2019 incl. Ladakh + merged DNH-DD)","area-weighted state mean (LCC m2 weights)","VERIFIED","IMD RF25/TMAX1/TMIN1","both","JOINED"
"Odisha","2021","10983","5081","ODISHA","1468.5","32.16","21.34","365.0","365.0","365.0","99.0","100.0","273.0","30.0","SOI ABDB (post-2019 incl. Ladakh + merged DNH-DD)","area-weighted state mean (LCC m2 weights)","VERIFIED","IMD RF25/TMAX1/TMIN1","both","JOINED"
"Punjab","2021","5871","4589","PUNJAB","643.5","29.97","16.74","365.0","365.0","365.0","100.0","100.0","106.0","13.0","SOI ABDB (post-2019 incl. Ladakh + merged DNH-DD)","area-weighted state mean (LCC m2 weights)","VERIFIED","IMD RF25/TMAX1/TMIN1","both","JOINED"
"Rajasthan","2021","20951","10043","RAJASTHAN","590.2","32.77","19.09","365.0","365.0","365.0","100.0","100.0","589.0","50.0","SOI ABDB (post-2019 incl. Ladakh + merged DNH-DD)","area-weighted state mean (LCC m2 weights)","VERIFIED","IMD RF25/TMAX1/TMIN1","both","JOINED"
"Sikkim","2021","155","56","SIKKIM","3218.1","27.07","17.92","365.0","365.0","365.0","99.5","100.0","24.0","2.0","SOI ABDB (post-2019 incl. Ladakh + merged DNH-DD)","area-weighted state mean (LCC m2 weights)","VERIFIED","IMD RF25/TMAX1/TMIN1","both","JOINED"
"Tamil Nadu","2021","55682","15384","TAMIL NADU","1423.0","32.37","23.02","365.0","365.0","365.0","97.3","100.0","217.0","20.0","SOI ABDB (post-2019 incl. Ladakh + merged DNH-DD)","area-weighted state mean (LCC m2 weights)","VERIFIED","IMD RF25/TMAX1/TMIN1","both","JOINED"
"Telangana","2021","21315","7557","TELANGANA","1213.7","32.92","21.52","365.0","365.0","365.0","100.0","100.0","194.0","18.0","SOI ABDB (post-2019 incl. Ladakh + merged DNH-DD)","area-weighted state mean (LCC m2 weights)","VERIFIED","IMD RF25/TMAX1/TMIN1","both","JOINED"
"Tripura","2021","479","194","TRIPURA","1839.6","29.27","18.52","365.0","365.0","365.0","95.7","100.0","25.0","5.0","SOI ABDB (post-2019 incl. Ladakh + merged DNH-DD)","area-weighted state mean (LCC m2 weights)","VERIFIED","IMD RF25/TMAX1/TMIN1","both","JOINED"
"Uttarakhand","2021","1405","820","UTTARAKHAND","1794.8","26.26","15.2","365.0","365.0","365.0","99.1","100.0","108.0","14.0","SOI ABDB (post-2019 incl. Ladakh + merged DNH-DD)","area-weighted state mean (LCC m2 weights)","VERIFIED","IMD RF25/TMAX1/TMIN1","both","JOINED"
"Uttar Pradesh","2021","37729","21227","UTTAR PRADESH","1039.0","31.17","18.84","365.0","365.0","365.0","100.0","100.0","441.0","39.0","SOI ABDB (post-2019 incl. Ladakh + merged DNH-DD)","area-weighted state mean (LCC m2 weights)","VERIFIED","IMD RF25/TMAX1/TMIN1","both","JOINED"
"West Bengal","2021","11937","5800","WEST BENGAL","2072.7","30.92","21.12","365.0","365.0","365.0","98.4","100.0","187.0","22.0","SOI ABDB (post-2019 incl. Ladakh + merged DNH-DD)","area-weighted state mean (LCC m2 weights)","VERIFIED","IMD RF25/TMAX1/TMIN1","both","JOINED"
"Andaman & Nicobar Islands","2021","115","20","ANDAMAN & NICOBAR","","","","0.0","0.0","0.0","0.0","0.0","53.0","12.0","SOI ABDB (post-2019 incl. Ladakh + merged DNH-DD)","area-weighted state mean (LCC m2 weights)","PARTIAL_COVERAGE","IMD RF25/TMAX1/TMIN1","both","JOINED"
"Chandigarh","2021","208","96","CHANDIGARH","847.6","29.1","16.52","365.0","365.0","365.0","100.0","100.0","1.0","1.0","SOI ABDB (post-2019 incl. Ladakh + merged DNH-DD)","area-weighted state mean (LCC m2 weights)","VERIFIED","IMD RF25/TMAX1/TMIN1","both","JOINED"
"Dadra & Nagar Haveli and Daman & Diu","2021","140","76","DADRA & NAGAR HAVELI & DAMAN & DIU","2835.9","32.54","21.95","365.0","365.0","365.0","99.9","100.0","10.0","4.0","SOI ABDB (post-2019 incl. Ladakh + merged DNH-DD)","area-weighted state mean (LCC m2 weights)","VERIFIED","IMD RF25/TMAX1/TMIN1","both","JOINED"
"Delhi","2021","4720","1239","DELHI","1007.4","31.76","18.39","365.0","365.0","365.0","100.0","100.0","6.0","2.0","SOI ABDB (post-2019 incl. Ladakh + merged DNH-DD)","area-weighted state mean (LCC m2 weights)","VERIFIED","IMD RF25/TMAX1/TMIN1","both","JOINED"
"Jammu & Kashmir","2021","5452","774","JAMMU AND KASHMIR","1064.4","23.28","11.07","365.0","365.0","365.0","99.8","100.0","112.0","12.0","SOI ABDB (post-2019 incl. Ladakh + merged DNH-DD)","area-weighted state mean (LCC m2 weights)","VERIFIED","IMD RF25/TMAX1/TMIN1","both","JOINED"
"Ladakh","2021","236","56","LADAKH","288.7","21.44","9.14","365.0","365.0","363.0","99.2","100.0","328.0","32.0","SOI ABDB (post-2019 incl. Ladakh + merged DNH-DD)","area-weighted state mean (LCC m2 weights)","VERIFIED","IMD RF25/TMAX1/TMIN1","both","JOINED"
"Lakshadweep","2021","4","1","LAKSHADWEEP","","","","0.0","0.0","0.0","0.0","0.0","16.0","5.0","SOI ABDB (post-2019 incl. Ladakh + merged DNH-DD)","area-weighted state mean (LCC m2 weights)","PARTIAL_COVERAGE","IMD RF25/TMAX1/TMIN1","both","JOINED"
"Puducherry","2021","1049","140","PUDUCHERRY","2164.9","33.26","24.65","365.0","365.0","365.0","100.0","100.0","8.0","5.0","SOI ABDB (post-2019 incl. Ladakh + merged DNH-DD)","area-weighted state mean (LCC m2 weights)","VERIFIED","IMD RF25/TMAX1/TMIN1","both","JOINED"
"Andhra Pradesh","2022","21249","8293","ANDHRA PRADESH","1070.5","32.66","22.68","365.0","365.0","365.0","97.6","100.0","301.0","32.0","SOI ABDB (post-2019 incl. Ladakh + merged DNH-DD)","area-weighted state mean (LCC m2 weights)","VERIFIED","IMD RF25/TMAX1/TMIN1","both","JOINED"
"Arunachal Pradesh","2022","227","148","ARUNACHAL PRADESH","2886.2","29.59","18.89","365.0","365.0","365.0","98.8","100.0","172.0","19.0","SOI ABDB (post-2019 incl. Ladakh + merged DNH-DD)","area-weighted state mean (LCC m2 weights)","VERIFIED","IMD RF25/TMAX1/TMIN1","both","JOINED"
"Assam","2022","7023","2994","ASSAM","2390.1","29.04","18.58","365.0","365.0","365.0","100.0","100.0","168.0","19.0","SOI ABDB (post-2019 incl. Ladakh + merged DNH-DD)","area-weighted state mean (LCC m2 weights)","VERIFIED","IMD RF25/TMAX1/TMIN1","both","JOINED"
"Bihar","2022","10801","8898","BIHAR","974.4","31.17","20.05","365.0","365.0","365.0","100.0","100.0","183.0","19.0","SOI ABDB (post-2019 incl. Ladakh + merged DNH-DD)","area-weighted state mean (LCC m2 weights)","VERIFIED","IMD RF25/TMAX1/TMIN1","both","JOINED"
"Chhattisgarh","2022","13279","5834","CHHATTISGARH","1396.2","32.36","20.13","365.0","365.0","365.0","100.0","100.0","249.0","25.0","SOI ABDB (post-2019 incl. Ladakh + merged DNH-DD)","area-weighted state mean (LCC m2 weights)","VERIFIED","IMD RF25/TMAX1/TMIN1","both","JOINED"
"Goa","2022","3011","271","GOA","3647.7","31.18","21.66","365.0","365.0","365.0","100.0","100.0","12.0","3.0","SOI ABDB (post-2019 incl. Ladakh + merged DNH-DD)","area-weighted state mean (LCC m2 weights)","VERIFIED","IMD RF25/TMAX1/TMIN1","both","JOINED"
"Gujarat","2022","15751","7618","GUJARAT","935.6","33.31","21.31","365.0","365.0","365.0","99.3","100.0","337.0","30.0","SOI ABDB (post-2019 incl. Ladakh + merged DNH-DD)","area-weighted state mean (LCC m2 weights)","VERIFIED","IMD RF25/TMAX1/TMIN1","both","JOINED"
"Haryana","2022","10429","4915","HARYANA","700.7","31.47","18.35","365.0","365.0","365.0","100.0","100.0","104.0","12.0","SOI ABDB (post-2019 incl. Ladakh + merged DNH-DD)","area-weighted state mean (LCC m2 weights)","VERIFIED","IMD RF25/TMAX1/TMIN1","both","JOINED"
"Himachal Pradesh","2022","2597","1032","HIMACHAL PRADESH","1090.6","25.9","14.01","365.0","365.0","365.0","100.0","100.0","117.0","12.0","SOI ABDB (post-2019 incl. Ladakh + merged DNH-DD)","area-weighted state mean (LCC m2 weights)","VERIFIED","IMD RF25/TMAX1/TMIN1","both","JOINED"
"Jharkhand","2022","5175","3898","JHARKHAND","1021.1","31.7","20.01","365.0","365.0","365.0","100.0","100.0","160.0","15.0","SOI ABDB (post-2019 incl. Ladakh + merged DNH-DD)","area-weighted state mean (LCC m2 weights)","VERIFIED","IMD RF25/TMAX1/TMIN1","both","JOINED"
"Karnataka","2022","39762","11702","KARNATAKA","1477.2","30.96","19.95","365.0","365.0","365.0","100.0","100.0","325.0","30.0","SOI ABDB (post-2019 incl. Ladakh + merged DNH-DD)","area-weighted state mean (LCC m2 weights)","VERIFIED","IMD RF25/TMAX1/TMIN1","both","JOINED"
"Kerala","2022","43910","4317","KERALA","2814.2","30.02","20.93","365.0","365.0","365.0","100.0","100.0","84.0","11.0","SOI ABDB (post-2019 incl. Ladakh + merged DNH-DD)","area-weighted state mean (LCC m2 weights)","VERIFIED","IMD RF25/TMAX1/TMIN1","both","JOINED"
"Madhya Pradesh","2022","54432","13427","MADHYA PRADESH","1321.4","32.58","18.8","365.0","365.0","365.0","100.0","100.0","539.0","44.0","SOI ABDB (post-2019 incl. Ladakh + merged DNH-DD)","area-weighted state mean (LCC m2 weights)","VERIFIED","IMD RF25/TMAX1/TMIN1","both","JOINED"
"Maharashtra","2022","33383","15224","MAHARASHTRA","1376.3","32.78","20.22","365.0","365.0","365.0","100.0","100.0","510.0","44.0","SOI ABDB (post-2019 incl. Ladakh + merged DNH-DD)","area-weighted state mean (LCC m2 weights)","VERIFIED","IMD RF25/TMAX1/TMIN1","both","JOINED"
"Manipur","2022","508","127","MANIPUR","1448.2","29.1","18.3","365.0","365.0","365.0","96.5","100.0","50.0","7.0","SOI ABDB (post-2019 incl. Ladakh + merged DNH-DD)","area-weighted state mean (LCC m2 weights)","VERIFIED","IMD RF25/TMAX1/TMIN1","both","JOINED"
"Meghalaya","2022","246","162","MEGHALAYA","5367.8","28.97","18.78","365.0","365.0","365.0","98.6","100.0","50.0","7.0","SOI ABDB (post-2019 incl. Ladakh + merged DNH-DD)","area-weighted state mean (LCC m2 weights)","VERIFIED","IMD RF25/TMAX1/TMIN1","both","JOINED"
"Mizoram","2022","133","113","MIZORAM","1986.1","28.83","18.47","365.0","365.0","365.0","96.1","100.0","50.0","8.0","SOI ABDB (post-2019 incl. Ladakh + merged DNH-DD)","area-weighted state mean (LCC m2 weights)","VERIFIED","IMD RF25/TMAX1/TMIN1","both","JOINED"
"Nagaland","2022","489","73","NAGALAND","1620.7","29.57","18.66","365.0","365.0","365.0","97.3","100.0","42.0","7.0","SOI ABDB (post-2019 incl. Ladakh + merged DNH-DD)","area-weighted state mean (LCC m2 weights)","VERIFIED","IMD RF25/TMAX1/TMIN1","both","JOINED"
"Odisha","2022","11663","5467","ODISHA","1462.4","32.23","21.33","365.0","365.0","365.0","99.0","100.0","273.0","30.0","SOI ABDB (post-2019 incl. Ladakh + merged DNH-DD)","area-weighted state mean (LCC m2 weights)","VERIFIED","IMD RF25/TMAX1/TMIN1","both","JOINED"
"Punjab","2022","6138","4756","PUNJAB","717.5","30.53","17.32","365.0","365.0","365.0","100.0","100.0","106.0","13.0","SOI ABDB (post-2019 incl. Ladakh + merged DNH-DD)","area-weighted state mean (LCC m2 weights)","VERIFIED","IMD RF25/TMAX1/TMIN1","both","JOINED"
"Rajasthan","2022","23614","11104","RAJASTHAN","653.0","33.07","19.35","365.0","365.0","365.0","100.0","100.0","589.0","50.0","SOI ABDB (post-2019 incl. Ladakh + merged DNH-DD)","area-weighted state mean (LCC m2 weights)","VERIFIED","IMD RF25/TMAX1/TMIN1","both","JOINED"
"Sikkim","2022","211","92","SIKKIM","3673.4","27.11","18.08","365.0","365.0","365.0","99.5","100.0","24.0","2.0","SOI ABDB (post-2019 incl. Ladakh + merged DNH-DD)","area-weighted state mean (LCC m2 weights)","VERIFIED","IMD RF25/TMAX1/TMIN1","both","JOINED"
"Tamil Nadu","2022","64105","17884","TAMIL NADU","1131.5","32.39","22.81","365.0","365.0","365.0","97.3","100.0","217.0","20.0","SOI ABDB (post-2019 incl. Ladakh + merged DNH-DD)","area-weighted state mean (LCC m2 weights)","VERIFIED","IMD RF25/TMAX1/TMIN1","both","JOINED"
"Telangana","2022","21619","7559","TELANGANA","1331.8","32.99","21.61","365.0","365.0","365.0","100.0","100.0","194.0","18.0","SOI ABDB (post-2019 incl. Ladakh + merged DNH-DD)","area-weighted state mean (LCC m2 weights)","VERIFIED","IMD RF25/TMAX1/TMIN1","both","JOINED"
"Tripura","2022","575","241","TRIPURA","2006.0","28.91","18.66","365.0","365.0","365.0","95.7","100.0","25.0","5.0","SOI ABDB (post-2019 incl. Ladakh + merged DNH-DD)","area-weighted state mean (LCC m2 weights)","VERIFIED","IMD RF25/TMAX1/TMIN1","both","JOINED"
"Uttarakhand","2022","1674","1042","UTTARAKHAND","1592.0","26.55","15.78","365.0","365.0","365.0","99.1","100.0","108.0","14.0","SOI ABDB (post-2019 incl. Ladakh + merged DNH-DD)","area-weighted state mean (LCC m2 weights)","VERIFIED","IMD RF25/TMAX1/TMIN1","both","JOINED"
"Uttar Pradesh","2022","41746","22595","UTTAR PRADESH","837.1","31.64","19.1","365.0","365.0","365.0","100.0","100.0","441.0","39.0","SOI ABDB (post-2019 incl. Ladakh + merged DNH-DD)","area-weighted state mean (LCC m2 weights)","VERIFIED","IMD RF25/TMAX1/TMIN1","both","JOINED"
"West Bengal","2022","13686","6002","WEST BENGAL","1549.0","30.87","21.17","365.0","365.0","365.0","98.4","100.0","187.0","22.0","SOI ABDB (post-2019 incl. Ladakh + merged DNH-DD)","area-weighted state mean (LCC m2 weights)","VERIFIED","IMD RF25/TMAX1/TMIN1","both","JOINED"
"Andaman & Nicobar Islands","2022","141","19","ANDAMAN & NICOBAR","","","","0.0","0.0","0.0","0.0","0.0","53.0","12.0","SOI ABDB (post-2019 incl. Ladakh + merged DNH-DD)","area-weighted state mean (LCC m2 weights)","PARTIAL_COVERAGE","IMD RF25/TMAX1/TMIN1","both","JOINED"
"Chandigarh","2022","237","83","CHANDIGARH","1258.1","29.63","17.11","365.0","365.0","365.0","100.0","100.0","1.0","1.0","SOI ABDB (post-2019 incl. Ladakh + merged DNH-DD)","area-weighted state mean (LCC m2 weights)","VERIFIED","IMD RF25/TMAX1/TMIN1","both","JOINED"
"Dadra & Nagar Haveli and Daman & Diu","2022","196","90","DADRA & NAGAR HAVELI & DAMAN & DIU","3392.6","32.86","21.51","365.0","365.0","365.0","99.9","100.0","10.0","4.0","SOI ABDB (post-2019 incl. Ladakh + merged DNH-DD)","area-weighted state mean (LCC m2 weights)","VERIFIED","IMD RF25/TMAX1/TMIN1","both","JOINED"
"Delhi","2022","5652","1461","DELHI","681.2","32.08","19.03","365.0","365.0","365.0","100.0","100.0","6.0","2.0","SOI ABDB (post-2019 incl. Ladakh + merged DNH-DD)","area-weighted state mean (LCC m2 weights)","VERIFIED","IMD RF25/TMAX1/TMIN1","both","JOINED"
"Jammu & Kashmir","2022","6092","805","JAMMU AND KASHMIR","1110.5","23.94","11.62","365.0","365.0","365.0","99.8","100.0","112.0","12.0","SOI ABDB (post-2019 incl. Ladakh + merged DNH-DD)","area-weighted state mean (LCC m2 weights)","VERIFIED","IMD RF25/TMAX1/TMIN1","both","JOINED"
"Ladakh","2022","374","62","LADAKH","298.9","22.14","9.67","365.0","364.0","365.0","99.2","99.7","328.0","32.0","SOI ABDB (post-2019 incl. Ladakh + merged DNH-DD)","area-weighted state mean (LCC m2 weights)","VERIFIED","IMD RF25/TMAX1/TMIN1","both","JOINED"
"Lakshadweep","2022","3","2","LAKSHADWEEP","","","","0.0","0.0","0.0","0.0","0.0","16.0","5.0","SOI ABDB (post-2019 incl. Ladakh + merged DNH-DD)","area-weighted state mean (LCC m2 weights)","PARTIAL_COVERAGE","IMD RF25/TMAX1/TMIN1","both","JOINED"
"Puducherry","2022","1181","181","PUDUCHERRY","1280.5","33.26","24.45","365.0","365.0","365.0","100.0","100.0","8.0","5.0","SOI ABDB (post-2019 incl. Ladakh + merged DNH-DD)","area-weighted state mean (LCC m2 weights)","VERIFIED","IMD RF25/TMAX1/TMIN1","both","JOINED"
"Andhra Pradesh","2023","19949","8137","ANDHRA PRADESH","889.5","33.5","22.85","365.0","365.0","365.0","97.6","100.0","301.0","32.0","SOI ABDB (post-2019 incl. Ladakh + merged DNH-DD)","area-weighted state mean (LCC m2 weights)","VERIFIED","IMD RF25/TMAX1/TMIN1","both","JOINED"
"Arunachal Pradesh","2023","287","145","ARUNACHAL PRADESH","2124.1","29.99","19.06","365.0","365.0","365.0","98.8","100.0","172.0","19.0","SOI ABDB (post-2019 incl. Ladakh + merged DNH-DD)","area-weighted state mean (LCC m2 weights)","VERIFIED","IMD RF25/TMAX1/TMIN1","both","JOINED"
"Assam","2023","7421","3296","ASSAM","1892.1","29.43","18.74","365.0","365.0","365.0","100.0","100.0","168.0","19.0","SOI ABDB (post-2019 incl. Ladakh + merged DNH-DD)","area-weighted state mean (LCC m2 weights)","VERIFIED","IMD RF25/TMAX1/TMIN1","both","JOINED"
"Bihar","2023","11014","8873","BIHAR","992.8","31.62","20.22","365.0","365.0","365.0","100.0","100.0","183.0","19.0","SOI ABDB (post-2019 incl. Ladakh + merged DNH-DD)","area-weighted state mean (LCC m2 weights)","VERIFIED","IMD RF25/TMAX1/TMIN1","both","JOINED"
"Chhattisgarh","2023","13468","6166","CHHATTISGARH","1256.8","32.48","20.23","365.0","365.0","365.0","100.0","100.0","249.0","25.0","SOI ABDB (post-2019 incl. Ladakh + merged DNH-DD)","area-weighted state mean (LCC m2 weights)","VERIFIED","IMD RF25/TMAX1/TMIN1","both","JOINED"
"Goa","2023","2846","290","GOA","3676.2","32.1","21.7","365.0","365.0","365.0","100.0","100.0","12.0","3.0","SOI ABDB (post-2019 incl. Ladakh + merged DNH-DD)","area-weighted state mean (LCC m2 weights)","VERIFIED","IMD RF25/TMAX1/TMIN1","both","JOINED"
"Gujarat","2023","16349","7854","GUJARAT","900.1","32.88","21.43","365.0","365.0","365.0","99.3","100.0","337.0","30.0","SOI ABDB (post-2019 incl. Ladakh + merged DNH-DD)","area-weighted state mean (LCC m2 weights)","VERIFIED","IMD RF25/TMAX1/TMIN1","both","JOINED"
"Haryana","2023","10463","4968","HARYANA","611.4","30.69","17.87","365.0","365.0","365.0","100.0","100.0","104.0","12.0","SOI ABDB (post-2019 incl. Ladakh + merged DNH-DD)","area-weighted state mean (LCC m2 weights)","VERIFIED","IMD RF25/TMAX1/TMIN1","both","JOINED"
"Himachal Pradesh","2023","2253","889","HIMACHAL PRADESH","1259.7","25.07","13.31","365.0","365.0","365.0","100.0","100.0","117.0","12.0","SOI ABDB (post-2019 incl. Ladakh + merged DNH-DD)","area-weighted state mean (LCC m2 weights)","VERIFIED","IMD RF25/TMAX1/TMIN1","both","JOINED"
"Jharkhand","2023","5315","4173","JHARKHAND","1110.5","32.09","20.25","365.0","365.0","365.0","100.0","100.0","160.0","15.0","SOI ABDB (post-2019 incl. Ladakh + merged DNH-DD)","area-weighted state mean (LCC m2 weights)","VERIFIED","IMD RF25/TMAX1/TMIN1","both","JOINED"
"Karnataka","2023","43440","12321","KARNATAKA","869.2","31.82","20.1","365.0","365.0","365.0","100.0","100.0","325.0","30.0","SOI ABDB (post-2019 incl. Ladakh + merged DNH-DD)","area-weighted state mean (LCC m2 weights)","VERIFIED","IMD RF25/TMAX1/TMIN1","both","JOINED"
"Kerala","2023","48091","4080","KERALA","2268.3","30.76","21.3","365.0","365.0","365.0","100.0","100.0","84.0","11.0","SOI ABDB (post-2019 incl. Ladakh + merged DNH-DD)","area-weighted state mean (LCC m2 weights)","VERIFIED","IMD RF25/TMAX1/TMIN1","both","JOINED"
"Madhya Pradesh","2023","55327","13798","MADHYA PRADESH","1075.5","32.05","18.71","365.0","365.0","365.0","100.0","100.0","539.0","44.0","SOI ABDB (post-2019 incl. Ladakh + merged DNH-DD)","area-weighted state mean (LCC m2 weights)","VERIFIED","IMD RF25/TMAX1/TMIN1","both","JOINED"
"Maharashtra","2023","35243","15366","MAHARASHTRA","1071.3","32.8","19.99","365.0","365.0","365.0","100.0","100.0","510.0","44.0","SOI ABDB (post-2019 incl. Ladakh + merged DNH-DD)","area-weighted state mean (LCC m2 weights)","VERIFIED","IMD RF25/TMAX1/TMIN1","both","JOINED"
"Manipur","2023","398","73","MANIPUR","942.0","29.48","18.48","365.0","365.0","365.0","96.5","100.0","50.0","7.0","SOI ABDB (post-2019 incl. Ladakh + merged DNH-DD)","area-weighted state mean (LCC m2 weights)","VERIFIED","IMD RF25/TMAX1/TMIN1","both","JOINED"
"Meghalaya","2023","223","168","MEGHALAYA","3212.1","29.45","18.99","365.0","365.0","365.0","98.6","100.0","50.0","7.0","SOI ABDB (post-2019 incl. Ladakh + merged DNH-DD)","area-weighted state mean (LCC m2 weights)","VERIFIED","IMD RF25/TMAX1/TMIN1","both","JOINED"
"Mizoram","2023","106","96","MIZORAM","1703.6","29.21","18.74","365.0","365.0","365.0","96.1","100.0","50.0","8.0","SOI ABDB (post-2019 incl. Ladakh + merged DNH-DD)","area-weighted state mean (LCC m2 weights)","VERIFIED","IMD RF25/TMAX1/TMIN1","both","JOINED"
"Nagaland","2023","303","86","NAGALAND","1781.2","29.97","18.83","365.0","365.0","365.0","97.3","100.0","42.0","7.0","SOI ABDB (post-2019 incl. Ladakh + merged DNH-DD)","area-weighted state mean (LCC m2 weights)","VERIFIED","IMD RF25/TMAX1/TMIN1","both","JOINED"
"Odisha","2023","11992","5739","ODISHA","1409.1","32.78","21.52","365.0","365.0","365.0","99.0","100.0","273.0","30.0","SOI ABDB (post-2019 incl. Ladakh + merged DNH-DD)","area-weighted state mean (LCC m2 weights)","VERIFIED","IMD RF25/TMAX1/TMIN1","both","JOINED"
"Punjab","2023","6269","4829","PUNJAB","747.8","29.62","16.64","365.0","365.0","365.0","100.0","100.0","106.0","13.0","SOI ABDB (post-2019 incl. Ladakh + merged DNH-DD)","area-weighted state mean (LCC m2 weights)","VERIFIED","IMD RF25/TMAX1/TMIN1","both","JOINED"
"Rajasthan","2023","24694","11762","RAJASTHAN","617.6","32.21","19.12","365.0","365.0","365.0","100.0","100.0","589.0","50.0","SOI ABDB (post-2019 incl. Ladakh + merged DNH-DD)","area-weighted state mean (LCC m2 weights)","VERIFIED","IMD RF25/TMAX1/TMIN1","both","JOINED"
"Sikkim","2023","182","57","SIKKIM","3072.5","27.65","18.16","365.0","365.0","365.0","99.5","100.0","24.0","2.0","SOI ABDB (post-2019 incl. Ladakh + merged DNH-DD)","area-weighted state mean (LCC m2 weights)","VERIFIED","IMD RF25/TMAX1/TMIN1","both","JOINED"
"Tamil Nadu","2023","67213","18347","TAMIL NADU","1031.4","33.02","23.04","365.0","365.0","365.0","97.3","100.0","217.0","20.0","SOI ABDB (post-2019 incl. Ladakh + merged DNH-DD)","area-weighted state mean (LCC m2 weights)","VERIFIED","IMD RF25/TMAX1/TMIN1","both","JOINED"
"Telangana","2023","22903","7660","TELANGANA","1121.2","33.37","21.63","365.0","365.0","365.0","100.0","100.0","194.0","18.0","SOI ABDB (post-2019 incl. Ladakh + merged DNH-DD)","area-weighted state mean (LCC m2 weights)","VERIFIED","IMD RF25/TMAX1/TMIN1","both","JOINED"
"Tripura","2023","577","261","TRIPURA","1947.6","29.25","18.93","365.0","365.0","365.0","95.7","100.0","25.0","5.0","SOI ABDB (post-2019 incl. Ladakh + merged DNH-DD)","area-weighted state mean (LCC m2 weights)","VERIFIED","IMD RF25/TMAX1/TMIN1","both","JOINED"
"Uttarakhand","2023","1691","1054","UTTARAKHAND","1587.0","25.91","15.19","365.0","365.0","365.0","99.1","100.0","108.0","14.0","SOI ABDB (post-2019 incl. Ladakh + merged DNH-DD)","area-weighted state mean (LCC m2 weights)","VERIFIED","IMD RF25/TMAX1/TMIN1","both","JOINED"
"Uttar Pradesh","2023","44534","23652","UTTAR PRADESH","771.7","31.23","18.98","365.0","365.0","365.0","100.0","100.0","441.0","39.0","SOI ABDB (post-2019 incl. Ladakh + merged DNH-DD)","area-weighted state mean (LCC m2 weights)","VERIFIED","IMD RF25/TMAX1/TMIN1","both","JOINED"
"West Bengal","2023","13795","6027","WEST BENGAL","1627.7","31.41","21.54","365.0","365.0","365.0","98.4","100.0","187.0","22.0","SOI ABDB (post-2019 incl. Ladakh + merged DNH-DD)","area-weighted state mean (LCC m2 weights)","VERIFIED","IMD RF25/TMAX1/TMIN1","both","JOINED"
"Andaman & Nicobar Islands","2023","143","24","ANDAMAN & NICOBAR","","","","0.0","0.0","0.0","0.0","0.0","53.0","12.0","SOI ABDB (post-2019 incl. Ladakh + merged DNH-DD)","area-weighted state mean (LCC m2 weights)","PARTIAL_COVERAGE","IMD RF25/TMAX1/TMIN1","both","JOINED"
"Chandigarh","2023","182","67","CHANDIGARH","1563.1","28.77","16.42","365.0","365.0","365.0","100.0","100.0","1.0","1.0","SOI ABDB (post-2019 incl. Ladakh + merged DNH-DD)","area-weighted state mean (LCC m2 weights)","VERIFIED","IMD RF25/TMAX1/TMIN1","both","JOINED"
"Dadra & Nagar Haveli and Daman & Diu","2023","182","74","DADRA & NAGAR HAVELI & DAMAN & DIU","2513.9","32.81","21.61","365.0","365.0","365.0","99.9","100.0","10.0","4.0","SOI ABDB (post-2019 incl. Ladakh + merged DNH-DD)","area-weighted state mean (LCC m2 weights)","VERIFIED","IMD RF25/TMAX1/TMIN1","both","JOINED"
"Delhi","2023","5834","1457","DELHI","746.2","31.39","18.51","365.0","365.0","365.0","100.0","100.0","6.0","2.0","SOI ABDB (post-2019 incl. Ladakh + merged DNH-DD)","area-weighted state mean (LCC m2 weights)","VERIFIED","IMD RF25/TMAX1/TMIN1","both","JOINED"
"Jammu & Kashmir","2023","6298","893","JAMMU AND KASHMIR","1105.5","23.14","11.03","365.0","365.0","365.0","99.8","100.0","112.0","12.0","SOI ABDB (post-2019 incl. Ladakh + merged DNH-DD)","area-weighted state mean (LCC m2 weights)","VERIFIED","IMD RF25/TMAX1/TMIN1","both","JOINED"
"Ladakh","2023","289","59","LADAKH","247.4","21.39","9.14","365.0","365.0","365.0","99.2","100.0","328.0","32.0","SOI ABDB (post-2019 incl. Ladakh + merged DNH-DD)","area-weighted state mean (LCC m2 weights)","VERIFIED","IMD RF25/TMAX1/TMIN1","both","JOINED"
"Lakshadweep","2023","1","0","LAKSHADWEEP","","","","0.0","0.0","0.0","0.0","0.0","16.0","5.0","SOI ABDB (post-2019 incl. Ladakh + merged DNH-DD)","area-weighted state mean (LCC m2 weights)","PARTIAL_COVERAGE","IMD RF25/TMAX1/TMIN1","both","JOINED"
"Puducherry","2023","1308","149","PUDUCHERRY","1327.3","33.81","24.54","365.0","365.0","365.0","100.0","100.0","8.0","5.0","SOI ABDB (post-2019 incl. Ladakh + merged DNH-DD)","area-weighted state mean (LCC m2 weights)","VERIFIED","IMD RF25/TMAX1/TMIN1","both","JOINED"
"Andhra Pradesh","2024","19557","8346","ANDHRA PRADESH","1069.3","33.28","23.51","366.0","366.0","366.0","97.6","100.0","301.0","32.0","SOI ABDB (post-2019 incl. Ladakh + merged DNH-DD)","area-weighted state mean (LCC m2 weights)","VERIFIED","IMD RF25/TMAX1/TMIN1","both","JOINED"
"Arunachal Pradesh","2024","277","168","ARUNACHAL PRADESH","2058.5","28.48","18.42","366.0","366.0","366.0","98.8","100.0","172.0","19.0","SOI ABDB (post-2019 incl. Ladakh + merged DNH-DD)","area-weighted state mean (LCC m2 weights)","VERIFIED","IMD RF25/TMAX1/TMIN1","both","JOINED"
"Assam","2024","7848","3351","ASSAM","2063.8","28.2","18.32","366.0","366.0","366.0","100.0","100.0","168.0","19.0","SOI ABDB (post-2019 incl. Ladakh + merged DNH-DD)","area-weighted state mean (LCC m2 weights)","VERIFIED","IMD RF25/TMAX1/TMIN1","both","JOINED"
"Bihar","2024","11610","9347","BIHAR","994.0","31.45","20.52","366.0","366.0","366.0","100.0","100.0","183.0","19.0","SOI ABDB (post-2019 incl. Ladakh + merged DNH-DD)","area-weighted state mean (LCC m2 weights)","VERIFIED","IMD RF25/TMAX1/TMIN1","both","JOINED"
"Chhattisgarh","2024","14857","6945","CHHATTISGARH","1418.3","32.52","20.79","366.0","366.0","366.0","100.0","100.0","249.0","25.0","SOI ABDB (post-2019 incl. Ladakh + merged DNH-DD)","area-weighted state mean (LCC m2 weights)","VERIFIED","IMD RF25/TMAX1/TMIN1","both","JOINED"
"Goa","2024","2682","286","GOA","5294.1","31.75","22.27","366.0","366.0","366.0","100.0","100.0","12.0","3.0","SOI ABDB (post-2019 incl. Ladakh + merged DNH-DD)","area-weighted state mean (LCC m2 weights)","VERIFIED","IMD RF25/TMAX1/TMIN1","both","JOINED"
"Gujarat","2024","15588","7717","GUJARAT","1130.8","33.1","21.67","366.0","366.0","366.0","99.3","100.0","337.0","30.0","SOI ABDB (post-2019 incl. Ladakh + merged DNH-DD)","area-weighted state mean (LCC m2 weights)","VERIFIED","IMD RF25/TMAX1/TMIN1","both","JOINED"
"Haryana","2024","9806","4689","HARYANA","516.1","31.01","18.49","366.0","366.0","366.0","100.0","100.0","104.0","12.0","SOI ABDB (post-2019 incl. Ladakh + merged DNH-DD)","area-weighted state mean (LCC m2 weights)","VERIFIED","IMD RF25/TMAX1/TMIN1","both","JOINED"
"Himachal Pradesh","2024","2156","869","HIMACHAL PRADESH","947.2","25.79","14.15","366.0","366.0","366.0","100.0","100.0","117.0","12.0","SOI ABDB (post-2019 incl. Ladakh + merged DNH-DD)","area-weighted state mean (LCC m2 weights)","VERIFIED","IMD RF25/TMAX1/TMIN1","both","JOINED"
"Jharkhand","2024","5196","4114","JHARKHAND","1298.9","32.11","20.85","366.0","366.0","366.0","100.0","100.0","160.0","15.0","SOI ABDB (post-2019 incl. Ladakh + merged DNH-DD)","area-weighted state mean (LCC m2 weights)","VERIFIED","IMD RF25/TMAX1/TMIN1","both","JOINED"
"Karnataka","2024","43062","12390","KARNATAKA","1249.3","31.53","20.78","366.0","366.0","366.0","100.0","100.0","325.0","30.0","SOI ABDB (post-2019 incl. Ladakh + merged DNH-DD)","area-weighted state mean (LCC m2 weights)","VERIFIED","IMD RF25/TMAX1/TMIN1","both","JOINED"
"Kerala","2024","48834","3880","KERALA","2766.7","30.68","21.92","366.0","366.0","366.0","100.0","100.0","84.0","11.0","SOI ABDB (post-2019 incl. Ladakh + merged DNH-DD)","area-weighted state mean (LCC m2 weights)","VERIFIED","IMD RF25/TMAX1/TMIN1","both","JOINED"
"Madhya Pradesh","2024","56669","14791","MADHYA PRADESH","1219.9","32.32","19.55","366.0","366.0","366.0","100.0","100.0","539.0","44.0","SOI ABDB (post-2019 incl. Ladakh + merged DNH-DD)","area-weighted state mean (LCC m2 weights)","VERIFIED","IMD RF25/TMAX1/TMIN1","both","JOINED"
"Maharashtra","2024","36118","15715","MAHARASHTRA","1372.9","32.91","20.65","366.0","366.0","366.0","100.0","100.0","510.0","44.0","SOI ABDB (post-2019 incl. Ladakh + merged DNH-DD)","area-weighted state mean (LCC m2 weights)","VERIFIED","IMD RF25/TMAX1/TMIN1","both","JOINED"
"Manipur","2024","299","72","MANIPUR","1425.4","28.2","18.08","366.0","366.0","366.0","96.5","100.0","50.0","7.0","SOI ABDB (post-2019 incl. Ladakh + merged DNH-DD)","area-weighted state mean (LCC m2 weights)","VERIFIED","IMD RF25/TMAX1/TMIN1","both","JOINED"
"Meghalaya","2024","269","197","MEGHALAYA","3848.1","28.57","18.71","366.0","366.0","366.0","98.6","100.0","50.0","7.0","SOI ABDB (post-2019 incl. Ladakh + merged DNH-DD)","area-weighted state mean (LCC m2 weights)","VERIFIED","IMD RF25/TMAX1/TMIN1","both","JOINED"
"Mizoram","2024","118","110","MIZORAM","1871.2","28.29","18.61","366.0","366.0","366.0","96.1","100.0","50.0","8.0","SOI ABDB (post-2019 incl. Ladakh + merged DNH-DD)","area-weighted state mean (LCC m2 weights)","VERIFIED","IMD RF25/TMAX1/TMIN1","both","JOINED"
"Nagaland","2024","129","62","NAGALAND","2057.9","28.24","18.15","366.0","366.0","366.0","97.3","100.0","42.0","7.0","SOI ABDB (post-2019 incl. Ladakh + merged DNH-DD)","area-weighted state mean (LCC m2 weights)","VERIFIED","IMD RF25/TMAX1/TMIN1","both","JOINED"
"Odisha","2024","12375","6142","ODISHA","1350.8","32.45","21.76","366.0","366.0","366.0","99.0","100.0","273.0","30.0","SOI ABDB (post-2019 incl. Ladakh + merged DNH-DD)","area-weighted state mean (LCC m2 weights)","VERIFIED","IMD RF25/TMAX1/TMIN1","both","JOINED"
"Punjab","2024","6063","4759","PUNJAB","476.6","28.64","16.71","366.0","366.0","366.0","100.0","100.0","106.0","13.0","SOI ABDB (post-2019 incl. Ladakh + merged DNH-DD)","area-weighted state mean (LCC m2 weights)","VERIFIED","IMD RF25/TMAX1/TMIN1","both","JOINED"
"Rajasthan","2024","24838","11790","RAJASTHAN","707.8","32.7","19.8","366.0","366.0","366.0","100.0","100.0","589.0","50.0","SOI ABDB (post-2019 incl. Ladakh + merged DNH-DD)","area-weighted state mean (LCC m2 weights)","VERIFIED","IMD RF25/TMAX1/TMIN1","both","JOINED"
"Sikkim","2024","149","67","SIKKIM","3246.0","27.29","18.39","366.0","366.0","366.0","99.5","100.0","24.0","2.0","SOI ABDB (post-2019 incl. Ladakh + merged DNH-DD)","area-weighted state mean (LCC m2 weights)","VERIFIED","IMD RF25/TMAX1/TMIN1","both","JOINED"
"Tamil Nadu","2024","67526","18449","TAMIL NADU","1165.6","32.5","23.25","366.0","366.0","366.0","97.3","100.0","217.0","20.0","SOI ABDB (post-2019 incl. Ladakh + merged DNH-DD)","area-weighted state mean (LCC m2 weights)","VERIFIED","IMD RF25/TMAX1/TMIN1","both","JOINED"
"Telangana","2024","25986","7949","TELANGANA","1206.6","33.56","22.57","366.0","366.0","366.0","100.0","100.0","194.0","18.0","SOI ABDB (post-2019 incl. Ladakh + merged DNH-DD)","area-weighted state mean (LCC m2 weights)","VERIFIED","IMD RF25/TMAX1/TMIN1","both","JOINED"
"Tripura","2024","578","226","TRIPURA","2438.5","28.36","18.73","366.0","366.0","366.0","95.7","100.0","25.0","5.0","SOI ABDB (post-2019 incl. Ladakh + merged DNH-DD)","area-weighted state mean (LCC m2 weights)","VERIFIED","IMD RF25/TMAX1/TMIN1","both","JOINED"
"Uttarakhand","2024","1747","1090","UTTARAKHAND","1681.6","28.15","16.73","366.0","366.0","366.0","99.1","100.0","108.0","14.0","SOI ABDB (post-2019 incl. Ladakh + merged DNH-DD)","area-weighted state mean (LCC m2 weights)","VERIFIED","IMD RF25/TMAX1/TMIN1","both","JOINED"
"Uttar Pradesh","2024","46052","24118","UTTAR PRADESH","835.3","31.68","19.43","366.0","366.0","366.0","100.0","100.0","441.0","39.0","SOI ABDB (post-2019 incl. Ladakh + merged DNH-DD)","area-weighted state mean (LCC m2 weights)","VERIFIED","IMD RF25/TMAX1/TMIN1","both","JOINED"
"West Bengal","2024","13702","6676","WEST BENGAL","1895.9","30.81","21.95","366.0","366.0","366.0","98.4","100.0","187.0","22.0","SOI ABDB (post-2019 incl. Ladakh + merged DNH-DD)","area-weighted state mean (LCC m2 weights)","VERIFIED","IMD RF25/TMAX1/TMIN1","both","JOINED"
"Andaman & Nicobar Islands","2024","135","29","ANDAMAN & NICOBAR","","","","0.0","0.0","0.0","0.0","0.0","53.0","12.0","SOI ABDB (post-2019 incl. Ladakh + merged DNH-DD)","area-weighted state mean (LCC m2 weights)","PARTIAL_COVERAGE","IMD RF25/TMAX1/TMIN1","both","JOINED"
"Chandigarh","2024","169","75","CHANDIGARH","859.4","28.21","16.62","366.0","366.0","366.0","100.0","100.0","1.0","1.0","SOI ABDB (post-2019 incl. Ladakh + merged DNH-DD)","area-weighted state mean (LCC m2 weights)","VERIFIED","IMD RF25/TMAX1/TMIN1","both","JOINED"
"Dadra & Nagar Haveli and Daman & Diu","2024","152","95","DADRA & NAGAR HAVELI & DAMAN & DIU","2992.4","32.76","21.66","366.0","366.0","366.0","99.9","100.0","10.0","4.0","SOI ABDB (post-2019 incl. Ladakh + merged DNH-DD)","area-weighted state mean (LCC m2 weights)","VERIFIED","IMD RF25/TMAX1/TMIN1","both","JOINED"
"Delhi","2024","5657","1551","DELHI","739.0","31.59","19.04","366.0","366.0","366.0","100.0","100.0","6.0","2.0","SOI ABDB (post-2019 incl. Ladakh + merged DNH-DD)","area-weighted state mean (LCC m2 weights)","VERIFIED","IMD RF25/TMAX1/TMIN1","both","JOINED"
"Jammu & Kashmir","2024","5808","831","JAMMU AND KASHMIR","907.1","23.41","11.18","366.0","366.0","366.0","99.8","100.0","112.0","12.0","SOI ABDB (post-2019 incl. Ladakh + merged DNH-DD)","area-weighted state mean (LCC m2 weights)","VERIFIED","IMD RF25/TMAX1/TMIN1","both","JOINED"
"Ladakh","2024","264","61","LADAKH","302.1","22.78","10.58","366.0","366.0","366.0","99.2","100.0","328.0","32.0","SOI ABDB (post-2019 incl. Ladakh + merged DNH-DD)","area-weighted state mean (LCC m2 weights)","VERIFIED","IMD RF25/TMAX1/TMIN1","both","JOINED"
"Lakshadweep","2024","0","0","LAKSHADWEEP","","","","0.0","0.0","0.0","0.0","0.0","16.0","5.0","SOI ABDB (post-2019 incl. Ladakh + merged DNH-DD)","area-weighted state mean (LCC m2 weights)","PARTIAL_COVERAGE","IMD RF25/TMAX1/TMIN1","both","JOINED"
"Puducherry","2024","1431","218","PUDUCHERRY","1729.1","33.64","25.12","366.0","366.0","366.0","100.0","100.0","8.0","5.0","SOI ABDB (post-2019 incl. Ladakh + merged DNH-DD)","area-weighted state mean (LCC m2 weights)","VERIFIED","IMD RF25/TMAX1/TMIN1","both","JOINED"
