Parameter_ID,Parameter,Group,Original_Verification,Original_Availability,Audit_Corrected_Verification,Audit_Corrected_Availability,Supporting_Dataset_Acquired,Supporting_Dataset_Machine_Readable,Audit_Notes,Final_Status_for_Analysis
A-01,Accident ID / Case ID,A-AccidentIdentification,PARTIALLY VERIFIED,AVAILABLE — SELECTED LOCATIONS,"PARTIALLY VERIFIED (eDAR exists, access RESTRICTED)","AVAILABLE — SELECTED LOCATIONS (restricted portal, NOT usable)",NO_SOURCE_MATCH,NO,eDAR/iRAD portal access restricted to police/highway authorities; not public-downloadable,REVIEW_NEEDED
A-02,FIR number,A-AccidentIdentification,NOT VERIFIED,NOT AVAILABLE,NOT VERIFIED (PII; only academic MoU access),REQUIRES FUTURE DATA ACQUISITION,NO_SOURCE_MATCH,NO,FIR numbers are PII under Indian Evidence Act; not released at scale. IIT-Delhi TRIPC Status Report 2023/24 used FIR data from 6 states under research MoU,REQUIRES_FUTURE_ACQUISITION
A-03,Accident date,A-AccidentIdentification,VERIFIED (PDF only),AVAILABLE — STATE LEVEL,VERIFIED (PDF only),AVAILABLE — STATE LEVEL,YES,NO/PDF,"NCRB publishes month-wise counts by state, NOT individual dates. Per-accident date not available",REVIEW_NEEDED
A-04,Accident time (hour-of-day),A-AccidentIdentification,VERIFIED,AVAILABLE — INDIA LEVEL  (MoRTH)  +  STATE LEVEL  (NCRB),PARTIALLY VERIFIED (PDF chart not yet extracted),"AVAILABLE — INDIA LEVEL + STATE LEVEL (PDF only, not yet extracted)",YES,NO/PDF,"Bucketed, not exact hour. MoRTH publishes India-level chart; NCRB publishes state×time-bucket table as PDF only",REQUIRES_PDF_EXTRACTION
A-05,Reporting date,A-AccidentIdentification,NOT VERIFIED,NOT FOUND AFTER DEEP RESEARCH,NOT VERIFIED,NOT FOUND AFTER DEEP RESEARCH,NO_SOURCE_MATCH,NO,No public dataset publishes accident reporting-date distinct from accident-date,REVIEW_NEEDED
A-06,Accident location (address / road segment / km marker),A-AccidentIdentification,PARTIALLY VERIFIED,AVAILABLE — SELECTED LOCATIONS,PARTIALLY VERIFIED,AVAILABLE — SELECTED LOCATIONS,NO_SOURCE_MATCH,NO,"13,795 NH blackspots published with NH+km marker; lat/lon NOT public. State-PWD blackspots not centralised",REVIEW_NEEDED
A-07,State,A-AccidentIdentification,VERIFIED,AVAILABLE — STATE LEVEL,VERIFIED,AVAILABLE — STATE LEVEL,YES,YES,State list includes J&K#+Ladakh+DN&H-Daman-Diu as separate UTs since 2019/2020; pre-2020 data uses old names,READY_FOR_ANALYSIS
A-08,District,A-AccidentIdentification,PARTIALLY VERIFIED,"AVAILABLE — DISTRICT LEVEL  (Tamil Nadu, Karnataka)  +  AVAILABLE — CITY LEVEL  (50 cities all-India)",PARTIALLY VERIFIED,"AVAILABLE — DISTRICT LEVEL  (Tamil Nadu, Karnataka)  +  AVAILABLE — CITY LEVEL  (50 cities all-India)",YES,NO/PDF,District-level accident data NOT published by MoRTH for all India. Only Tamil Nadu Police and Karnataka State Police publish district-level. Other states publish only state totals,REQUIRES_PDF_EXTRACTION
A-09,City (Million-Plus),A-AccidentIdentification,VERIFIED,AVAILABLE — CITY LEVEL,VERIFIED,AVAILABLE — CITY LEVEL,YES,YES,50 cities only; not all Indian cities. Cities do not match district boundaries (e.g. Delhi is both state & city),READY_FOR_ANALYSIS
A-10,Police jurisdiction / Police station,A-AccidentIdentification,VERIFIED,AVAILABLE — SELECTED LOCATIONS  (Bengaluru only),VERIFIED,AVAILABLE — SELECTED LOCATIONS  (Bengaluru only),YES,YES,Only Bengaluru publishes station-wise data publicly. No all-India station-wise dataset,READY_FOR_ANALYSIS
A-11,Latitude / Longitude / Geocoded coordinates,A-AccidentIdentification,NOT VERIFIED,NOT FOUND AFTER DEEP RESEARCH,NOT FOUND AFTER DEEP RESEARCH (coordinates never released publicly),NOT FOUND AFTER DEEP RESEARCH,NO_SOURCE_MATCH,NO,No public Indian accident dataset publishes per-accident lat/lon. Blackspot coordinates are not released even though the list exists. eDAR-iRAD contains coordinates but access is restricted,NOT_AVAILABLE
B-01,India total,B-Geography,VERIFIED,AVAILABLE — INDIA LEVEL,VERIFIED,AVAILABLE — INDIA LEVEL,YES,YES,—,READY_FOR_ANALYSIS
B-02,State / Union Territory,B-Geography,VERIFIED,AVAILABLE — STATE LEVEL,VERIFIED,AVAILABLE — STATE LEVEL,YES,YES,J&K#+Ladakh separated since 2019; D&N H + Daman & Diu merged since 2020 — see GEOGRAPHY_CROSSWALK.csv,READY_FOR_ANALYSIS
B-03,Zone (North/South/East/West/Central/NE),B-Geography,—,DERIVABLE,—,DERIVABLE,NO_SOURCE_MATCH,NO,Zone classification is not officially published; derived from state-list grouping per MoRTH convention,REVIEW_NEEDED
B-04,Rural / Urban,B-Geography,NOT VERIFIED,NOT FOUND AFTER DEEP RESEARCH,NOT VERIFIED,NOT FOUND AFTER DEEP RESEARCH,NO_SOURCE_MATCH,NO,"MoRTH does not publish rural-vs-urban accident split. NCRB publishes 'place of occurrence' but at coarse city/town/rural buckets, only in PDF table 1A.11",REVIEW_NEEDED
B-05,Administrative boundary (vector),B-Geography,PARTIALLY VERIFIED,"AVAILABLE — SELECTED LOCATIONS  (via Bhuvan portal, registration required)",PARTIALLY VERIFIED,"AVAILABLE — SELECTED LOCATIONS  (via Bhuvan portal, registration required)",NO_SOURCE_MATCH,NO,Bhuvan registration needed; Census 2011 vs current district boundaries mismatch for some recently-created districts,REVIEW_NEEDED
C-01,Total Accidents,C-AccidentSeverity,VERIFIED,AVAILABLE — INDIA LEVEL  +  STATE LEVEL  +  CITY LEVEL,VERIFIED,AVAILABLE — INDIA LEVEL  +  STATE LEVEL  +  CITY LEVEL,YES,YES,—,READY_FOR_ANALYSIS
C-02,Fatal accidents,C-AccidentSeverity,VERIFIED,AVAILABLE — INDIA LEVEL  +  STATE LEVEL,VERIFIED,AVAILABLE — INDIA LEVEL  +  STATE LEVEL,YES,YES,MoRTH publishes 'fatal accidents' separately from 'persons killed' because a fatal accident may kill >1 person,READY_FOR_ANALYSIS
C-03,Non-fatal accidents,C-AccidentSeverity,PARTIALLY VERIFIED (PDF only),AVAILABLE — INDIA LEVEL  +  STATE LEVEL,PARTIALLY VERIFIED (PDF only),AVAILABLE — INDIA LEVEL  +  STATE LEVEL,YES,YES,MoRTH publishes grievous vs minor INJURED counts but non-fatal ACCIDENTS must be derived as Total – Fatal,REVIEW_NEEDED
C-04,Persons Killed,C-AccidentSeverity,VERIFIED,AVAILABLE — INDIA LEVEL  +  STATE LEVEL  +  CITY LEVEL  +  by road user  +  by vehicle,VERIFIED,AVAILABLE — INDIA LEVEL  +  STATE LEVEL  +  CITY LEVEL  +  by road user  +  by vehicle,YES,YES,—,READY_FOR_ANALYSIS
C-05,Persons Injured,C-AccidentSeverity,VERIFIED (India + state) / PARTIALLY VERIFIED (state-level injury is published but grievous-vs-minor split is at India level only),AVAILABLE — INDIA LEVEL  +  STATE LEVEL  +  CITY LEVEL,VERIFIED (India + state) / PARTIALLY VERIFIED (state-level injury is published but grievous-vs-minor split is at India level only),AVAILABLE — INDIA LEVEL  +  STATE LEVEL  +  CITY LEVEL,YES,YES,MoRTH publishes Grievous-Injured and Minor-Injured counts at India level (PDF table 8); state-level injury is total only,READY_FOR_ANALYSIS
C-06,Grievous Injured,C-AccidentSeverity,PARTIALLY VERIFIED (PDF only),AVAILABLE — INDIA LEVEL,PARTIALLY VERIFIED (PDF only),AVAILABLE — INDIA LEVEL,YES,YES,Only India total in PDF. State-wise grievous injured NOT published,REVIEW_NEEDED
C-07,Minor Injured,C-AccidentSeverity,PARTIALLY VERIFIED (PDF only),AVAILABLE — INDIA LEVEL,PARTIALLY VERIFIED (PDF only),AVAILABLE — INDIA LEVEL,YES,YES,Only India total in PDF. State-wise minor injured NOT published,REVIEW_NEEDED
C-08,Fatalities per Accident (severity index),C-AccidentSeverity,—,DERIVABLE,—,DERIVABLE,YES,YES,Formula = Persons Killed / Total Accidents. Safe to derive when both underlying counts are verified,REVIEW_NEEDED
C-09,Fatalities per 100 Accidents,C-AccidentSeverity,—,DERIVABLE,—,DERIVABLE,YES,YES,Formula = (Persons Killed / Total Accidents) × 100,REVIEW_NEEDED
C-10,Case Fatality Rate,C-AccidentSeverity,—,DERIVABLE,—,DERIVABLE,NO_SOURCE_MATCH,NO,Formula = Persons Killed / (Persons Killed + Persons Injured) × 100. Reasonable proxy for severity but excludes un-injured accidents,REVIEW_NEEDED
D-01,Year,D-Temporal,VERIFIED,AVAILABLE — INDIA LEVEL  +  STATE LEVEL  +  CITY LEVEL,VERIFIED,AVAILABLE — INDIA LEVEL  +  STATE LEVEL  +  CITY LEVEL,YES,YES,—,READY_FOR_ANALYSIS
D-02,Month,D-Temporal,PARTIALLY VERIFIED,AVAILABLE — STATE LEVEL  (PDF only),PARTIALLY VERIFIED,AVAILABLE — STATE LEVEL  (PDF only),YES,NO/PDF,NCRB publishes state×month as PDF table 1A.5 only — not machine-readable. MoRTH does NOT publish month-wise,REQUIRES_PDF_EXTRACTION
D-03,Day of week,D-Temporal,NOT VERIFIED,NOT FOUND AFTER DEEP RESEARCH,NOT VERIFIED,NOT FOUND AFTER DEEP RESEARCH,NO_SOURCE_MATCH,NO,Neither MoRTH nor NCRB publishes day-of-week accident counts at any granularity. Bengaluru Traffic Police press notes sometimes mention but not in CSV,REVIEW_NEEDED
D-04,Hour of day,D-Temporal,VERIFIED (MoRTH chart) / PARTIALLY VERIFIED (NCRB PDF table),AVAILABLE — INDIA LEVEL  +  STATE LEVEL,PARTIALLY VERIFIED (PDF chart not yet extracted),"AVAILABLE — INDIA LEVEL + STATE LEVEL (PDF only, not yet extracted)",YES,NO/PDF,Bucketed only; not exact hour,REQUIRES_PDF_EXTRACTION
D-05,Day/Night,D-Temporal,—,DERIVABLE,—,DERIVABLE,YES,NO/PDF,Aggregate the 8 NCRB time-buckets into Day (06-18) vs Night (18-06). Approximation since exact hour not published,REVIEW_NEEDED
D-06,Weekday vs Weekend,D-Temporal,NOT VERIFIED,NOT AVAILABLE,NOT VERIFIED,NOT AVAILABLE,NO_SOURCE_MATCH,NO,Day-of-week not published anywhere — see D-03. Cannot be safely derived,REVIEW_NEEDED
D-07,Holiday / Festival period,D-Temporal,—,DERIVABLE,—,DERIVABLE,NO_SOURCE_MATCH,NO,Tag NCRB month-wise counts with national/festival calendar. NOT a meteorological season — see Group E,REVIEW_NEEDED
E-01,Official meteorological season (Winter/Summer/Monsoon/Post-monsoon),E-Seasonal,—,DERIVABLE,—,DERIVABLE,NO,NO,IMD defines: Winter = Dec-Feb; Pre-monsoon/Summer = Mar-May; Monsoon = Jun-Sep; Post-monsoon = Oct-Nov. Derive by mapping NCRB month-wise counts. Do NOT confuse with calendar quarters,REVIEW_NEEDED
E-02,Monsoon vs Non-Monsoon,E-Seasonal,—,DERIVABLE,—,DERIVABLE,YES,NO/PDF,Monsoon = Jun-Sep per IMD. Aggregate NCRB month-wise accordingly,REVIEW_NEEDED
E-03,Regional season (e.g. Tamil Nadu's Northeast Monsoon),E-Seasonal,—,DERIVABLE  (with manual mapping),—,DERIVABLE  (with manual mapping),YES,NO/PDF,Each Indian state has its own seasonal calendar (e.g. TN's NE monsoon = Oct-Dec; Kerala's 2 monsoons; North-East's pre-monsoon). Must define per-state,REVIEW_NEEDED
F-01,Weather condition at accident (rain/fog/clear),F-WeatherEnvironment,NOT VERIFIED,NOT FOUND AFTER DEEP RESEARCH,NOT VERIFIED,NOT FOUND AFTER DEEP RESEARCH,NO_SOURCE_MATCH,NO,Neither MoRTH nor NCRB publishes weather-condition-at-accident counts. Must be INTEGRATED from IMD via spatial join — see F-02 to F-09,REVIEW_NEEDED
F-02,Daily Rainfall (mm),F-WeatherEnvironment,VERIFIED,AVAILABLE — INDIA LEVEL  (NetCDF download),"PARTIALLY VERIFIED (URL only, file NOT downloaded)","AVAILABLE — INDIA LEVEL (URL verified, file NOT acquired)",NO,NO,Requires NetCDF processing. Free download at https://www.imdpune.gov.in/Clim_Pred_LRF_New/Grided_Data_Download.html (server sometimes slow),NOT_ACQUIRED
F-03,District-wise Daily Rainfall,F-WeatherEnvironment,PARTIALLY VERIFIED,"AVAILABLE — DISTRICT LEVEL  (HTML only, current period)",PARTIALLY VERIFIED,"AVAILABLE — DISTRICT LEVEL  (HTML only, current period)",NO,NO,Published as HTML tables at mausam.imd.gov.in. No historical district rainfall archive is freely downloadable; bulk historical access requires IMD DSP paid portal,NOT_ACQUIRED
F-04,Hourly Rainfall (station),F-WeatherEnvironment,PARTIALLY VERIFIED,AVAILABLE — SELECTED LOCATIONS,PARTIALLY VERIFIED,AVAILABLE — SELECTED LOCATIONS,NO,NO,AWS network coverage uneven. Historical archive not bulk-downloadable,NOT_ACQUIRED
F-05,Maximum Temperature (°C),F-WeatherEnvironment,PARTIALLY VERIFIED,AVAILABLE — INDIA LEVEL  (gridded 1° free)  +  AVAILABLE — SELECTED LOCATIONS  (station via DSP paid),PARTIALLY VERIFIED,AVAILABLE — INDIA LEVEL  (gridded 1° free)  +  AVAILABLE — SELECTED LOCATIONS  (station via DSP paid),NO,NO,1° grid is too coarse for district-level attribution. Station-level max-temp requires IMD DSP paid portal (dsp.imdpune.gov.in),NOT_ACQUIRED
F-06,Minimum Temperature (°C),F-WeatherEnvironment,PARTIALLY VERIFIED,AVAILABLE — INDIA LEVEL  +  AVAILABLE — SELECTED LOCATIONS,PARTIALLY VERIFIED,AVAILABLE — INDIA LEVEL  +  AVAILABLE — SELECTED LOCATIONS,NO,NO,Same as F-05,NOT_ACQUIRED
F-07,Relative Humidity (%),F-WeatherEnvironment,PARTIALLY VERIFIED,AVAILABLE — SELECTED LOCATIONS,PARTIALLY VERIFIED,AVAILABLE — SELECTED LOCATIONS,NO,NO,Station network uneven; bulk historical requires IMD DSP paid access,NOT_ACQUIRED
F-08,Visibility (km),F-WeatherEnvironment,PARTIALLY VERIFIED,AVAILABLE — SELECTED LOCATIONS  (via IMD DSP paid),PARTIALLY VERIFIED,AVAILABLE — SELECTED LOCATIONS  (via IMD DSP paid),NO,NO,Not bulk-downloadable for free. CPCB AQI sometimes includes visibility proxy via PM2.5,NOT_ACQUIRED
F-09,Wind speed (m/s) and direction,F-WeatherEnvironment,PARTIALLY VERIFIED,AVAILABLE — SELECTED LOCATIONS  (paid),PARTIALLY VERIFIED,AVAILABLE — SELECTED LOCATIONS  (paid),NO,NO,Paid IMD DSP access,NOT_ACQUIRED
F-10,Fog / Haze / Mist occurrence,F-WeatherEnvironment,PARTIALLY VERIFIED,AVAILABLE — SELECTED LOCATIONS,PARTIALLY VERIFIED,AVAILABLE — SELECTED LOCATIONS,NO,NO,Not freely bulk-downloadable,NOT_ACQUIRED
F-11,Extreme weather event (cyclone / flood / dust storm / heatwave),F-WeatherEnvironment,PARTIALLY VERIFIED,AVAILABLE — INDIA LEVEL  (PDF bulletins),PARTIALLY VERIFIED,AVAILABLE — INDIA LEVEL  (PDF bulletins),NO,NO,"Bulletins are PDF; affected-district list is per-event, not structured",NOT_ACQUIRED
F-12,Air Quality (PM2.5) — proxy for haze/visibility,F-WeatherEnvironment,PARTIALLY VERIFIED,AVAILABLE — SELECTED LOCATIONS,PARTIALLY VERIFIED,AVAILABLE — SELECTED LOCATIONS,NO_DATASET_ENTRY,NO,"Coverage uneven. Use as proxy for visibility/haze, not direct weather condition",REVIEW_NEEDED
G-01,National Highway / State Highway / Expressway / Other Road,G-Road,PARTIALLY VERIFIED (PDF only),AVAILABLE — STATE LEVEL  (NCRB PDF)  +  INDIA LEVEL  (MoRTH PDF),PARTIALLY VERIFIED (PDF only),AVAILABLE — STATE LEVEL  (NCRB PDF)  +  INDIA LEVEL  (MoRTH PDF),YES,YES,NCRB Table 1A.7 has state×road-class but only PDF. MoRTH ch5 has India total + state totals by road category in PDF,REVIEW_NEEDED
G-02,Road length (km),G-Road,VERIFIED,AVAILABLE — INDIA LEVEL,VERIFIED,AVAILABLE — INDIA LEVEL,YES,YES,NA for 2023-2024 (no published update),READY_FOR_ANALYSIS
G-03,Road surface (paved / unpaved),G-Road,PARTIALLY VERIFIED,AVAILABLE — INDIA LEVEL  (PDF only),PARTIALLY VERIFIED,AVAILABLE — INDIA LEVEL  (PDF only),YES,YES,Only India total; not state-wise; PDF only,REVIEW_NEEDED
G-04,Road feature (straight / curve / bridge / culvert / grade / junction / T / Y / cross / signal / stop sign / no control),G-Road,PARTIALLY VERIFIED,AVAILABLE — INDIA LEVEL  +  STATE LEVEL  (PDF only),PARTIALLY VERIFIED,AVAILABLE — INDIA LEVEL  +  STATE LEVEL  (PDF only),YES,YES,Junction type and road feature are in MoRTH ch6 PDF; NCRB has road classification only. Not machine-readable,REVIEW_NEEDED
G-05,Road width / Number of lanes / Median / Shoulder / Lighting,G-Road,NOT VERIFIED,NOT FOUND AFTER DEEP RESEARCH,NOT VERIFIED,NOT FOUND AFTER DEEP RESEARCH,NO_SOURCE_MATCH,NO,MoRTH does NOT publish per-accident road geometry attributes. NHAI maintains road inventory but it is not public per-segment,REVIEW_NEEDED
G-06,Construction / maintenance status,G-Road,NOT VERIFIED,NOT FOUND AFTER DEEP RESEARCH,NOT VERIFIED,NOT FOUND AFTER DEEP RESEARCH,NO_SOURCE_MATCH,NO,Not published,REVIEW_NEEDED
H-01,Vehicle type involved (Two-wheeler / 3W / Car / LMV / Bus / Truck / Bicycle / Pedestrian / E-rickshaw / Other),H-Vehicle,VERIFIED,AVAILABLE — INDIA LEVEL,VERIFIED,AVAILABLE — INDIA LEVEL,YES,YES,"9 vehicle classes per MoRTH taxonomy. Victim×Crime vehicle matrix is published only at India level, not state-wise",READY_FOR_ANALYSIS
H-02,Registered vehicles (exposure),H-Vehicle,VERIFIED for 2014-2022; NA for 2023-2024,AVAILABLE — INDIA LEVEL,VERIFIED for 2014-2022; NA for 2023-2024,AVAILABLE — INDIA LEVEL,YES,YES,"MoRTH publishes total registered vehicles only at India level in registration CSV. State-wise registered-vehicle counts via VAHAN at vahan.parivahan.gov.in (form-based, not bulk)",READY_FOR_ANALYSIS
H-03,Number of vehicles involved per accident,H-Vehicle,VERIFIED,AVAILABLE — INDIA LEVEL,VERIFIED,AVAILABLE — INDIA LEVEL,YES,YES,Published via collision-type categories (single-vehicle rollover = 1 vehicle; head-on/rear-end = 2+ vehicles). Exact count per accident NOT published,READY_FOR_ANALYSIS
H-04,Vehicle age / registration age / defect / manoeuvre / overloading,H-Vehicle,NOT VERIFIED,NOT FOUND AFTER DEEP RESEARCH,"NOT FOUND AFTER DEEP RESEARCH (eDAR has it, restricted)",REQUIRES FUTURE DATA ACQUISITION,NO_SOURCE_MATCH,NO,"MoRTH does NOT publish per-accident vehicle age, defect, manoeuvre, or overloading data. eDAR-iRAD may collect these but is not public",NOT_AVAILABLE
I-01,Driver licence status (Valid / Learner / Without valid / Not known),I-Driver,VERIFIED,AVAILABLE — INDIA LEVEL,VERIFIED,AVAILABLE — INDIA LEVEL,YES,YES,Only India-level; not state-wise. Sansad unstarred Q (10 Dec 2025) confirms state-wise licence-involvement was published for one question — single year only,READY_FOR_ANALYSIS
I-02,Driver age / gender,I-Driver,PARTIALLY VERIFIED,AVAILABLE — STATE LEVEL  (PDF only),DERIVABLE — requires intersection of NCRB Tables 1.2 × 1A.4,DERIVABLE (after PDF extraction + intersection),YES,NO/PDF,"NCRB publishes age & gender of persons killed in accidental deaths (Table 1.2) — but it is for ALL accidental deaths, not road-accident-only. Road-specific age/gender must be derived by combining with",DERIVABLE_AFTER_EXTRACTION
I-03,Driver experience,I-Driver,NOT VERIFIED,NOT FOUND AFTER DEEP RESEARCH,NOT FOUND AFTER DEEP RESEARCH (not collected by any agency),NOT FOUND AFTER DEEP RESEARCH,NO_SOURCE_MATCH,NO,Not published by any agency,NOT_AVAILABLE
I-04,Alcohol / Drug involvement (drunk driving),I-Driver,VERIFIED,"AVAILABLE — INDIA LEVEL  +  CITY LEVEL  (50 cities, via CSV 13)",VERIFIED,"AVAILABLE — INDIA LEVEL  +  CITY LEVEL  (50 cities, via CSV 13)",YES,YES,State-wise drunk-driving counts NOT published. Only India + 50 cities,READY_FOR_ANALYSIS
I-05,Mobile phone use while driving,I-Driver,VERIFIED,AVAILABLE — INDIA LEVEL  +  CITY LEVEL,VERIFIED,AVAILABLE — INDIA LEVEL  +  CITY LEVEL,YES,YES,State-wise NOT published,READY_FOR_ANALYSIS
I-06,Overspeeding,I-Driver,VERIFIED,AVAILABLE — INDIA LEVEL  +  CITY LEVEL,VERIFIED,AVAILABLE — INDIA LEVEL  +  CITY LEVEL,YES,YES,State-wise NOT published. Overspeeding is the dominant cause (70.28% of all 2024 fatalities),READY_FOR_ANALYSIS
I-07,Wrong-side driving / Lane indiscipline,I-Driver,VERIFIED,AVAILABLE — INDIA LEVEL  +  CITY LEVEL,VERIFIED,AVAILABLE — INDIA LEVEL  +  CITY LEVEL,YES,YES,State-wise NOT published,READY_FOR_ANALYSIS
I-08,Jumping red light,I-Driver,VERIFIED,AVAILABLE — INDIA LEVEL  +  CITY LEVEL,VERIFIED,AVAILABLE — INDIA LEVEL  +  CITY LEVEL,YES,YES,—,READY_FOR_ANALYSIS
I-09,Fatigue / Distraction (other than mobile) / Dangerous driving / Overtaking,I-Driver,VERIFIED,AVAILABLE — INDIA LEVEL  +  CITY LEVEL  (bundled in 'Others'),VERIFIED,AVAILABLE — INDIA LEVEL  +  CITY LEVEL  (bundled in 'Others'),YES,YES,Cannot separate fatigue from other behaviours — MoRTH bundles them as 'Others',READY_FOR_ANALYSIS
J-01,Cause categories (per MoRTH 2024: Over-speeding / Drunken driving / Wrong side / Red light / Mobile / Others),J-AccidentCause,VERIFIED,AVAILABLE — INDIA LEVEL  +  CITY LEVEL,VERIFIED,AVAILABLE — INDIA LEVEL  +  CITY LEVEL,YES,YES,6 cause categories only. State-wise cause NOT published. NCRB publishes 'cause-wise' as PDF table 1A.9 with broader categories,READY_FOR_ANALYSIS
J-02,"NCRB cause categories (broader, includes weather, mechanical defect, etc.)",J-AccidentCause,PARTIALLY VERIFIED,AVAILABLE — STATE LEVEL  (PDF only),PARTIALLY VERIFIED,AVAILABLE — STATE LEVEL  (PDF only),YES,NO/PDF,"PDF only, not machine-readable. NCRB uses different cause taxonomy than MoRTH",REQUIRES_PDF_EXTRACTION
K-01,Type of Collision (Hit-Run / Parked / Rear-end / Side / Run-off / Fixed object / Overturn / Head-on / Others),K-CollisionType,VERIFIED,AVAILABLE — INDIA LEVEL,VERIFIED,AVAILABLE — INDIA LEVEL,YES,YES,India only; not state-wise or city-wise. 9 categories,READY_FOR_ANALYSIS
L-01,"Helmet non-use (killed / injured, drivers / passengers)",L-Safety,VERIFIED,AVAILABLE — INDIA LEVEL,VERIFIED,AVAILABLE — INDIA LEVEL,YES,YES,India only. State-wise NOT published. Reports persons killed/injured specifically because helmet was NOT used,READY_FOR_ANALYSIS
L-02,"Seatbelt non-use (killed / injured, drivers / passengers)",L-Safety,VERIFIED,AVAILABLE — INDIA LEVEL,VERIFIED,AVAILABLE — INDIA LEVEL,YES,YES,India only. State-wise NOT published,READY_FOR_ANALYSIS
L-03,Child restraint / Airbag / Reflective clothing / Other safety equipment,L-Safety,NOT VERIFIED,NOT FOUND AFTER DEEP RESEARCH,NOT VERIFIED,NOT FOUND AFTER DEEP RESEARCH,NO_SOURCE_MATCH,NO,Not published by any agency,REVIEW_NEEDED
M-01,Population,M-Exposure,VERIFIED (2011),AVAILABLE — INDIA LEVEL  +  STATE LEVEL  +  DISTRICT LEVEL  (2011),PARTIALLY VERIFIED (Census existence public knowledge; CSV not downloaded),AVAILABLE — INDIA LEVEL + STATE LEVEL + DISTRICT LEVEL (2011; via Census website; projections for 2012-2026),NO_SOURCE_MATCH,NO,"Post-2011 figures are projections, not Census. Census 2021 was NOT conducted",REVIEW_NEEDED
M-02,Registered vehicles (exposure),M-Exposure,VERIFIED for 2014-2022; NA for 2023-2024,AVAILABLE — INDIA LEVEL,VERIFIED for 2014-2022; NA for 2023-2024,AVAILABLE — INDIA LEVEL,YES,YES,State-wise registered-vehicle counts require VAHAN bulk download (not public),READY_FOR_ANALYSIS
M-03,Road length (exposure),M-Exposure,VERIFIED for 2014-2022; NA for 2023-2024,AVAILABLE — INDIA LEVEL,VERIFIED for 2014-2022; NA for 2023-2024,AVAILABLE — INDIA LEVEL,YES,YES,—,READY_FOR_ANALYSIS
M-04,Vehicle density (vehicles per km of road),M-Exposure,VERIFIED,AVAILABLE — INDIA LEVEL,VERIFIED,AVAILABLE — INDIA LEVEL,YES,YES,NA for 2023-2024,READY_FOR_ANALYSIS
M-05,"Death rate per 10,000 vehicles",M-Exposure,VERIFIED,AVAILABLE — INDIA LEVEL,VERIFIED,AVAILABLE — INDIA LEVEL,YES,YES,"NA for 2023-2024; denominator is registered vehicles, NOT vehicle-km travelled",READY_FOR_ANALYSIS
M-06,Traffic volume (AADT) / Vehicle-km travelled / Passenger-km,M-Exposure,NOT VERIFIED,NOT FOUND AFTER DEEP RESEARCH,NOT VERIFIED,NOT FOUND AFTER DEEP RESEARCH,NO_SOURCE_MATCH,NO,"No Indian agency publishes AADT, VKT, or passenger-km at scale. NHAI has toll-plaza traffic data but not bulk-downloadable",REVIEW_NEEDED
N-01,Police jurisdiction,N-PoliceEnforcement,VERIFIED,AVAILABLE — SELECTED LOCATIONS  (Bengaluru),VERIFIED,AVAILABLE — SELECTED LOCATIONS  (Bengaluru),YES,YES,No all-India station-wise accident data,READY_FOR_ANALYSIS
N-02,FIR classification (criminal vs traffic),N-PoliceEnforcement,PARTIALLY VERIFIED,AVAILABLE — STATE LEVEL  (PDF only),PARTIALLY VERIFIED,AVAILABLE — STATE LEVEL  (PDF only),YES,NO/PDF,NCRB classifies accidents as 'Traffic Accidents' (1A.x) vs 'Accidental Deaths' (1.x) — narrower scope than MoRTH,REQUIRES_PDF_EXTRACTION
N-03,Enforcement activity (speed/helmet/seatbelt/checkpoints),N-PoliceEnforcement,NOT VERIFIED,NOT FOUND AFTER DEEP RESEARCH,NOT VERIFIED,NOT FOUND AFTER DEEP RESEARCH,NO_SOURCE_MATCH,NO,State Police publish annual reports with enforcement counts but only PDF; not machine-readable; not all-India consistent,REVIEW_NEEDED
O-01,50 Million-plus cities — accidents / killed / injured,O-CityData,VERIFIED,AVAILABLE — CITY LEVEL,VERIFIED,AVAILABLE — CITY LEVEL,YES,YES,50 cities only — not all Indian cities. Cities may span multiple districts,READY_FOR_ANALYSIS
O-02,City fatalities by road-user mode,O-CityData,VERIFIED,AVAILABLE — CITY LEVEL,VERIFIED,AVAILABLE — CITY LEVEL,YES,YES,—,READY_FOR_ANALYSIS
O-03,City fatalities by traffic violation,O-CityData,VERIFIED,AVAILABLE — CITY LEVEL,VERIFIED,AVAILABLE — CITY LEVEL,YES,YES,—,READY_FOR_ANALYSIS
P-01,Accident coordinates (lat/lon),P-GISSpatial,NOT VERIFIED,NOT FOUND AFTER DEEP RESEARCH,NOT FOUND AFTER DEEP RESEARCH (coordinates never released publicly),NOT FOUND AFTER DEEP RESEARCH,NO_SOURCE_MATCH,NO,No public per-accident coordinate dataset. eDAR-iRAD portal has coordinates but access is restricted,NOT_AVAILABLE
P-02,Blackspot list (NH+km),P-GISSpatial,PARTIALLY VERIFIED,AVAILABLE — SELECTED LOCATIONS  (NH only),PARTIALLY VERIFIED (LIST published via news; CSV NOT acquired),AVAILABLE — SELECTED LOCATIONS (LIST only; coordinates NOT public),NO_SOURCE_MATCH,NO,Coordinates NOT public. State-PWD and municipal blackspots not centralised,REVIEW_NEEDED
P-03,Blackspot coordinates (lat/lon),P-GISSpatial,NOT VERIFIED,NOT FOUND AFTER DEEP RESEARCH,NOT FOUND AFTER DEEP RESEARCH (coordinates never released publicly),NOT FOUND AFTER DEEP RESEARCH,NO_SOURCE_MATCH,NO,"Blackspot LIST exists with NH+km markers; coordinates NOT released. Methodology: per IRC:131-2022, a blackspot is a 500m stretch with ≥5 fatal accidents in 3 years (or ≥8 in 3 years per older MoRTH de",NOT_AVAILABLE
P-04,Road network vector layer,P-GISSpatial,PARTIALLY VERIFIED,AVAILABLE — INDIA LEVEL  (Bhuvan registration required; OSM free),PARTIALLY VERIFIED,AVAILABLE — INDIA LEVEL  (Bhuvan registration required; OSM free),NO_SOURCE_MATCH,NO,Bhuvan road layer requires account; OSM is community-maintained and may have gaps in rural stretches,REVIEW_NEEDED
P-05,District boundary vector,P-GISSpatial,PARTIALLY VERIFIED,AVAILABLE — INDIA LEVEL,PARTIALLY VERIFIED,AVAILABLE — INDIA LEVEL,NO_SOURCE_MATCH,NO,Mismatch between Census 2011 districts and current districts (recently created districts may not have shapefile),REVIEW_NEEDED
Q-01,Telangana formation (2 June 2014),Q-HistoricalGeography,VERIFIED,VERIFIED,VERIFIED,VERIFIED,NO_SOURCE_MATCH,NO,Pre-2014 Andhra Pradesh data includes today's Telangana. See GEOGRAPHY_CROSSWALK.csv,REVIEW_NEEDED
Q-02,J&K reorganisation (31 October 2019),Q-HistoricalGeography,VERIFIED,VERIFIED,VERIFIED,VERIFIED,NO_SOURCE_MATCH,NO,MoRTH 2020+ state-wise tables show 'J&K #' + Ladakh separately; footnote says '# includes Ladakh for 2019 and 2020',REVIEW_NEEDED
Q-03,DN&H Daman & Diu merger (26 January 2020),Q-HistoricalGeography,VERIFIED,VERIFIED,VERIFIED,VERIFIED,NO_SOURCE_MATCH,NO,MoRTH pre-2020 tables list DN&H and Daman & Diu separately; post-2020 lists merged UT,REVIEW_NEEDED
